{
  "model": "Model A v8 \u2014 v7 + LAI fuel",
  "n_params": 27,
  "scores_internal": {
    "bias_score": 0.8327794671058655,
    "rmse_score": 0.8122541308403015,
    "seasonal_score": 0.531158983707428,
    "spatial_score": 0.7955257296562195,
    "overall": 0.7429295778274536
  },
  "params": {
    "k1": 0.00017112476773134438,
    "D_low": 1676.4654410268786,
    "k2": 0.04915190821918486,
    "D_high": 5756.045775421941,
    "fire_exp": 1.1423282220199305,
    "af": 0.05537165025022768,
    "af_lai": 0.06930861943874461,
    "fb": 0.0005750200316937094,
    "fd": 0.7907484562670235,
    "sc2": 20.555725151657974,
    "ss2": 1.5597655037502451,
    "P_half": 2164.0949653328735,
    "h_k": 0.19716194055120498,
    "h_crit": 3.1450564690178338,
    "gpp_af": 1.1590967504667693,
    "gpp_b": 0.02484853811881061,
    "gpp_d": 25.898237920344126,
    "ign_k": 0.011877697613353708,
    "ign_c": -2.1842093336163435,
    "ts_k": 0.02069934110962226,
    "ts_c": 25.89667924930981,
    "pre_dampen_half": 88.91057110786323,
    "anom_k": 15.334777391035685,
    "anom_c": 0.9933966114622019,
    "rate_k": 0.516319521879398,
    "rate_c": -4.121993162612137,
    "fuel_anom_k": 0.015777797743120478
  },
  "n_trials": 5000,
  "runtime_min": 20.9
}