{
  "scores": {
    "bias_score": 0.8179375529289246,
    "rmse_score": 0.8038933873176575,
    "seasonal_score": 0.5046929717063904,
    "spatial_score": 0.8193957805633545,
    "overall": 0.7364799231290817
  },
  "params": {
    "k1": 0.00021616568063379665,
    "D_low": 397.90597870536595,
    "k2": 0.0008696725456055654,
    "D_high": 5368.056102426877,
    "fire_exp": 1.2231364250782442,
    "af": 0.4950362705416269,
    "fb": 0.0012585972021868757,
    "fd": 6.578877888006738,
    "gpp_opt": 1.1325041526083168,
    "gpp_sigma": 1.8186168877402014,
    "sc2": 20.860677047870936,
    "ss2": 11.479441747812857,
    "P_half": 571.3768297388369,
    "h_k": 0.7802439418660507,
    "h_crit": 3.429476895693025,
    "lu_c": -0.14639966160071968,
    "lu_tau": 24.082554951813623,
    "sc_max": 0.8472187579235676,
    "sc_half": 1.8657246816408684
  },
  "n_trials": 2500,
  "runtime_min": 5.8,
  "note": "v1 formula (refit_a_monthly_tight.py), TRENDY v14 inputs for GPP, AGB (cLeaf+cWood), soil_C. Heights/fractions from frozen sim."
}