{
  "model": "Model B (Shapley-reduced from v8)",
  "mechanisms": [
    "gpp_anom",
    "gpp_monthly",
    "precip",
    "t_air_ign",
    "t_surf"
  ],
  "n_mechanisms": 5,
  "n_params": 17,
  "scores_internal": {
    "bias_score": 0.8359634876251221,
    "rmse_score": 0.812397837638855,
    "seasonal_score": 0.5258600115776062,
    "spatial_score": 0.7732445001602173,
    "overall": 0.7368664592504501
  },
  "params": {
    "k1": 0.00014616960342637018,
    "D_low": 772.0064925115736,
    "k2": 1.4513529745536013e-05,
    "D_high": 41258.06446304926,
    "fire_exp": 2.748520949185383,
    "P_half": 153.11508595590425,
    "pre_dampen_half": 10.63672296002696,
    "gpp_af": 0.8214555458957422,
    "gpp_b": 0.10377305810912898,
    "gpp_d": 3.32091645956735,
    "anom_k": 0.16734722286325807,
    "anom_c": -0.2579335084851703,
    "fuel_anom_k": 0.014693125499213606,
    "ts_k": 1.0977674247906517,
    "ts_c": 17.496308424773034,
    "ign_k": 0.014630588985925617,
    "ign_c": -0.7188224296191448
  },
  "n_trials": 2500,
  "runtime_min": 5.9
}