{
  "model": "Model B v2",
  "mechanisms": [
    "fuel",
    "height",
    "precip",
    "soil_temp"
  ],
  "n_mechanisms": 4,
  "n_params": 13,
  "scores": {
    "bias_score": 0.8245258927345276,
    "rmse_score": 0.8084734678268433,
    "seasonal_score": 0.5071176886558533,
    "spatial_score": 0.8041336536407471,
    "overall": 0.7360626757144928
  },
  "params": {
    "k1": 0.0001453839314467943,
    "D_low": 95.03713014529573,
    "k2": 0.009588116761414491,
    "D_high": 7412.620619019045,
    "fire_exp": 2.997576207619064,
    "af": 0.9224273612316276,
    "fb": 0.0014691262065339595,
    "fd": 5.74817705510653,
    "sc2": 19.96643529154647,
    "ss2": 3.967033317417151,
    "P_half": 319.14188552372894,
    "h_k": 0.18783172808166487,
    "h_crit": 3.0214516851313986
  },
  "n_trials": 2500,
  "runtime_min": 4.2
}