{
  "model": "Model C (Shapley-reduced from v8)",
  "mechanisms": [
    "gpp_monthly",
    "precip",
    "t_air_ign"
  ],
  "n_mechanisms": 3,
  "n_params": 12,
  "scores_internal": {
    "bias_score": 0.8282919526100159,
    "rmse_score": 0.7974985241889954,
    "seasonal_score": 0.5347974300384521,
    "spatial_score": 0.7869589328765869,
    "overall": 0.7368867099285126
  },
  "params": {
    "k1": 0.00025400345376549527,
    "D_low": 180.1732206970131,
    "k2": 0.0004194202333137273,
    "D_high": 5010.3204223057455,
    "fire_exp": 2.4474422152415913,
    "P_half": 404.7576963854802,
    "pre_dampen_half": 5.676072419028506,
    "gpp_af": 1.7958192364300463,
    "gpp_b": 0.01000250640406956,
    "gpp_d": 24.355508380572182,
    "ign_k": 0.6273463894132201,
    "ign_c": 17.45169580737175
  },
  "n_trials": 2500,
  "runtime_min": 4.1
}