{
  "model": "Model C v2",
  "mechanisms": [
    "fuel",
    "soil_temp"
  ],
  "n_mechanisms": 2,
  "n_params": 10,
  "scores": {
    "bias_score": 0.8185446858406067,
    "rmse_score": 0.8036878108978271,
    "seasonal_score": 0.5062439441680908,
    "spatial_score": 0.7399097681045532,
    "overall": 0.7170965522527695
  },
  "params": {
    "k1": 0.00010121752213783215,
    "D_low": 215.27731090658813,
    "k2": 0.001640986490081651,
    "D_high": 7167.218572216514,
    "fire_exp": 1.4031123865272905,
    "af": 0.4319373596538579,
    "fb": 0.6724171143861088,
    "fd": 0.06758664863840581,
    "sc2": 20.619668043031464,
    "ss2": 2.6035227796526
  },
  "n_trials": 2500,
  "runtime_min": 3.3
}