{
  "model": "Model C (full 12-param retune on canonical dbar)",
  "mechanisms": [
    "gpp_monthly",
    "precip",
    "t_air_ign"
  ],
  "n_mechanisms": 3,
  "n_params": 12,
  "retune_note": "All 12 params jointly retuned on canonical dbar from scripts/prep_monthly_inputs.py (Thornthwaite + daylength, K=1, continuous accumulator, reset on monthly precip >= 200 mm). Warm-started from the 4-param retune.",
  "optuna_best_eq4": 0.5264898673419509,
  "n_trials": 2500,
  "params": {
    "k1": 0.0029823712581587246,
    "D_low": 49.913215166687735,
    "k2": 0.005432060139714356,
    "D_high": 680.9542945367037,
    "fire_exp": 3.424660933690945,
    "P_half": 353.795082259217,
    "pre_dampen_half": 42.022061426811646,
    "gpp_af": 0.17774820808094854,
    "gpp_b": 0.00010376306545088823,
    "gpp_d": 0.5583236187754161,
    "ign_k": 0.09014179570617699,
    "ign_c": 31.725729686380355
  }
}