source_path,git_blob,archive_path,sha256,bytes,git_mode,artifact_kind,model_family,stage,declared_model,parameter_count,record_count,first_seen_commit,first_seen_date,last_seen_commit,last_seen_date,commit_count,history_refs,tip_refs
HPC_AFRICA_HANDOFF/reference/COUPLING_SPEC_for_Lei.md,2f6906f33bf5c55228c113e4b58d7dfc8c08878a,model/other-models/commit-artifacts/by-path/HPC_AFRICA_HANDOFF/reference/COUPLING_SPEC_for_Lei.2f6906f33bf5c55228c113e4b58d7dfc8c08878a.md,639d9f155803bb65c5ec0dfb238f76ad0c3c74886be81b57aaa763246afa7d48,8610,100644,documentation,coupled-handoff,definition,,,,11ee71418e597e977a4d49f6fda166e20c098e9f,2026-08-18T03:46:47-04:00,11ee71418e597e977a4d49f6fda166e20c098e9f,2026-08-18T03:46:47-04:00,1,coupled-refit-gfed5,coupled-refit-gfed5
HPC_AFRICA_HANDOFF/reference/ED_params.defaults.cfg,5bf406d9df016edac72abe41bd7da0bfc14ca2bd,model/other-models/commit-artifacts/by-path/HPC_AFRICA_HANDOFF/reference/ED_params.defaults.5bf406d9df016edac72abe41bd7da0bfc14ca2bd.cfg,575d987bf832519f91c2d49b3ad85c752e320e943dcda1a5da33bafaa64f3596,8652,100644,coupled-runtime-support,coupled-handoff,runtime-support,,,,11ee71418e597e977a4d49f6fda166e20c098e9f,2026-08-18T03:46:47-04:00,11ee71418e597e977a4d49f6fda166e20c098e9f,2026-08-18T03:46:47-04:00,1,coupled-refit-gfed5,coupled-refit-gfed5
HPC_AFRICA_HANDOFF/reference/MLU_io.defaults.cfg,8ddc14ee34bb2d5d8fcc538a0d1a30dc2820fcf8,model/other-models/commit-artifacts/by-path/HPC_AFRICA_HANDOFF/reference/MLU_io.defaults.8ddc14ee34bb2d5d8fcc538a0d1a30dc2820fcf8.cfg,c712a9acc9f039f9f929c3d5f550bfed655537d56992cd28e48032e28b5384af,9607,100644,coupled-runtime-support,coupled-handoff,runtime-support,,,,11ee71418e597e977a4d49f6fda166e20c098e9f,2026-08-18T03:46:47-04:00,11ee71418e597e977a4d49f6fda166e20c098e9f,2026-08-18T03:46:47-04:00,1,coupled-refit-gfed5,coupled-refit-gfed5
HPC_AFRICA_HANDOFF/reference/Makefile,3dae3a8bc82d6d07fc02cae535fdb8f5cbb6238a,model/other-models/commit-artifacts/by-path/HPC_AFRICA_HANDOFF/reference/Makefile.3dae3a8bc82d6d07fc02cae535fdb8f5cbb6238a,50e1e3e3f388b73e95ca51df763a71ae150abea92429c3b0799e1a59cf91a746,2667,100644,coupled-runtime-support,coupled-handoff,runtime-support,,,,11ee71418e597e977a4d49f6fda166e20c098e9f,2026-08-18T03:46:47-04:00,11ee71418e597e977a4d49f6fda166e20c098e9f,2026-08-18T03:46:47-04:00,1,coupled-refit-gfed5,coupled-refit-gfed5
HPC_AFRICA_HANDOFF/reference/burntArea_gfed4.cfg,6570e0155f4e10681e2d73b23c84703874bc96be,model/other-models/commit-artifacts/by-path/HPC_AFRICA_HANDOFF/reference/burntArea_gfed4.6570e0155f4e10681e2d73b23c84703874bc96be.cfg,40c77779d95764e634437c28ae0773b06383dc787bfbd48c301f396f6e65f0d1,321,100644,coupled-runtime-support,coupled-handoff,runtime-support,,,,11ee71418e597e977a4d49f6fda166e20c098e9f,2026-08-18T03:46:47-04:00,11ee71418e597e977a4d49f6fda166e20c098e9f,2026-08-18T03:46:47-04:00,1,coupled-refit-gfed5,coupled-refit-gfed5
HPC_AFRICA_HANDOFF/reference/burntArea_gfed5.cfg,e5889ae8dfe2931c4b6587922227c25751c79864,model/other-models/commit-artifacts/by-path/HPC_AFRICA_HANDOFF/reference/burntArea_gfed5.e5889ae8dfe2931c4b6587922227c25751c79864.cfg,71b74ed9705dd7f59e339539ba054aedfb8f33e3a138ffeb8165c3aebe3321d7,315,100644,coupled-runtime-support,coupled-handoff,runtime-support,,,,11ee71418e597e977a4d49f6fda166e20c098e9f,2026-08-18T03:46:47-04:00,11ee71418e597e977a4d49f6fda166e20c098e9f,2026-08-18T03:46:47-04:00,1,coupled-refit-gfed5,coupled-refit-gfed5
HPC_AFRICA_HANDOFF/reference/climate_input_list_TRENDY_S3.txt,fb8149b00675d179b2e2f20f3e60aaac85e6e403,model/other-models/commit-artifacts/by-path/HPC_AFRICA_HANDOFF/reference/climate_input_list_TRENDY_S3.fb8149b00675d179b2e2f20f3e60aaac85e6e403.txt,baa06a25cd1a82f581ce68d43127e4b3072b2df79ee26bfcad73c8d0011dfc68,139456,100644,coupled-runtime-support,coupled-handoff,runtime-support,,,,11ee71418e597e977a4d49f6fda166e20c098e9f,2026-08-18T03:46:47-04:00,11ee71418e597e977a4d49f6fda166e20c098e9f,2026-08-18T03:46:47-04:00,1,coupled-refit-gfed5,coupled-refit-gfed5
HPC_AFRICA_HANDOFF/reference/params.coupledE_gdp.json,749a8fd7267331a5e767acbc679758a996715462,model/other-models/commit-artifacts/by-path/HPC_AFRICA_HANDOFF/reference/params.coupledE_gdp.749a8fd7267331a5e767acbc679758a996715462.json,ff92a0ccdcc1e37b360e88ae62739196aefcba7028add0bdfdb3715019f4d268,1738,100644,coupled-reference,F,committed-parameter-set,Model C (coupled-consistent retune; drivers + GPP from Lei's ED dump; GFED5 target),17,13,11ee71418e597e977a4d49f6fda166e20c098e9f,2026-08-18T03:46:47-04:00,11ee71418e597e977a4d49f6fda166e20c098e9f,2026-08-18T03:46:47-04:00,1,coupled-refit-gfed5,coupled-refit-gfed5
HPC_AFRICA_HANDOFF/reference/params.coupledFW.json,13e75e34ce7b265ec0bdc56a49307065b077c056,model/other-models/commit-artifacts/by-path/HPC_AFRICA_HANDOFF/reference/params.coupledFW.13e75e34ce7b265ec0bdc56a49307065b077c056.json,d96c8d37f119d850a95968fc07f9ed93114cdfc2aa6439a40c0806377dd436fe,1701,100644,coupled-reference,coupled-E,committed-parameter-set,Model C (coupled-consistent retune; drivers + GPP from Lei's ED dump; GFED5 target),16,13,11ee71418e597e977a4d49f6fda166e20c098e9f,2026-08-18T03:46:47-04:00,11ee71418e597e977a4d49f6fda166e20c098e9f,2026-08-18T03:46:47-04:00,1,coupled-refit-gfed5,coupled-refit-gfed5
configs/ED_params.defaults.cfg,0abbd4ca0360a925b4e9407b72f73e35dec8c10b,model/other-models/commit-artifacts/by-path/configs/ED_params.defaults.0abbd4ca0360a925b4e9407b72f73e35dec8c10b.cfg,4026ac3132e18d00b3082a5f22467407afc92d0efd321b0eebf7abe0a3fa0906,9448,100644,model-configuration,initial-fire-model,configuration,,,,8cedfeef5410b367f502dba55ba5407eb6715e79,2026-03-20T19:54:55-04:00,8cedfeef5410b367f502dba55ba5407eb6715e79,2026-03-20T19:54:55-04:00,1,main;coupled-refit-gfed5;modelD-paper-params,
configs/optimized_params.json,5dae6b1fe25ccbaf741dcc6a55a9ec8619ae8079,model/other-models/commit-artifacts/by-path/configs/optimized_params.5dae6b1fe25ccbaf741dcc6a55a9ec8619ae8079.json,c76e4d034e1aa47f567282a3828abe03b0fb8bca2c2cf69918c2296783533515,1888,100644,optimized-configuration,initial-fire-model,optimization-result,,,4,90aff6e46ee182772fd0c6cfacf53b6843f37b9d,2026-03-20T16:00:00-04:00,90aff6e46ee182772fd0c6cfacf53b6843f37b9d,2026-03-20T16:00:00-04:00,1,main;coupled-refit-gfed5;modelD-paper-params,
configs/optimized_params.json,993616583e5bb59fdbccdd18faf554fc2c2004fb,model/other-models/commit-artifacts/by-path/configs/optimized_params.993616583e5bb59fdbccdd18faf554fc2c2004fb.json,c8c45531fc52b4ad216a75d8492eff7718c17e738850db43397c370f75b0ff6a,3624,100644,optimized-configuration,initial-fire-model,optimization-result,,,5,8cedfeef5410b367f502dba55ba5407eb6715e79,2026-03-20T19:54:55-04:00,8cedfeef5410b367f502dba55ba5407eb6715e79,2026-03-20T19:54:55-04:00,1,main;coupled-refit-gfed5;modelD-paper-params,
data_human/coupling_inputs/gdp_gamma.nc,6b767d990b54a4697d6ba0a8723c90efda976c53,model/other-models/commit-artifacts/by-path/data_human/coupling_inputs/gdp_gamma.6b767d990b54a4697d6ba0a8723c90efda976c53.nc,a90576908599b81a7e4755c73bf34d60cc8bd8d390399f261c7ccc1b328009bd,211508,100644,human-driver-data,initial-fire-model,input-evidence,,,,2e112882374de303af52e98a3a92d9bc4749ff19,2026-07-24T03:51:41-04:00,11ee71418e597e977a4d49f6fda166e20c098e9f,2026-08-18T03:46:47-04:00,31,coupled-refit-gfed5,coupled-refit-gfed5
data_human/coupling_inputs/gdp_pcap.nc,6f7a00ef79f220e738b103b92b053330496f8c4e,model/other-models/commit-artifacts/by-path/data_human/coupling_inputs/gdp_pcap.6f7a00ef79f220e738b103b92b053330496f8c4e.nc,8327e71bd2e5bae27acdef605acf4f700f72f1ab5219c675e76dea0e7fad40be,63875,100644,human-driver-data,initial-fire-model,input-evidence,,,,2e112882374de303af52e98a3a92d9bc4749ff19,2026-07-24T03:51:41-04:00,11ee71418e597e977a4d49f6fda166e20c098e9f,2026-08-18T03:46:47-04:00,31,coupled-refit-gfed5,coupled-refit-gfed5
data_human/fire_vs_gdp_country.csv,1bed56e81f0d7a6c7b6f70f360055744fc4f0527,model/other-models/commit-artifacts/by-path/data_human/fire_vs_gdp_country.1bed56e81f0d7a6c7b6f70f360055744fc4f0527.csv,a2f8c4a86b8851ac57505ae80619d08d12f34086214961e302ad73d096006411,18054,100644,human-driver-data,initial-fire-model,input-evidence,,,,b5ee90dee7a06860011b8133267eec88d9a2485d,2026-07-24T01:38:02-04:00,11ee71418e597e977a4d49f6fda166e20c098e9f,2026-08-18T03:46:47-04:00,39,coupled-refit-gfed5,coupled-refit-gfed5
data_human/fire_vs_gdp_partial.csv,04f345831734c6028a22dd9278bfb1dcd17fc811,model/other-models/commit-artifacts/by-path/data_human/fire_vs_gdp_partial.04f345831734c6028a22dd9278bfb1dcd17fc811.csv,eb8827f184d022def323154067b7d174304bcc595ff5d3c01a30abc09ddd6d7f,25942,100644,human-driver-data,initial-fire-model,input-evidence,,,,b5ee90dee7a06860011b8133267eec88d9a2485d,2026-07-24T01:38:02-04:00,11ee71418e597e977a4d49f6fda166e20c098e9f,2026-08-18T03:46:47-04:00,39,coupled-refit-gfed5,coupled-refit-gfed5
data_human/fire_vs_landuse_country.csv,64c40ff1ef9b5d5f134598272c162ca2af4c60cd,model/other-models/commit-artifacts/by-path/data_human/fire_vs_landuse_country.64c40ff1ef9b5d5f134598272c162ca2af4c60cd.csv,a7c3eb4791dbf2865de348c3ead4032d030810c1ff650ee1d9780261d2444ec9,28493,100644,human-driver-data,initial-fire-model,input-evidence,,,,c5246f27f3d6db69bc068607284b52a72297842f,2026-07-24T03:29:11-04:00,11ee71418e597e977a4d49f6fda166e20c098e9f,2026-08-18T03:46:47-04:00,35,coupled-refit-gfed5,coupled-refit-gfed5
data_human/fire_vs_pop_country.csv,dfd5d173f9c67b65eb3484359d91ce643dd3ec5b,model/other-models/commit-artifacts/by-path/data_human/fire_vs_pop_country.dfd5d173f9c67b65eb3484359d91ce643dd3ec5b.csv,fea9ad2f7611235f1b38207fcea62cb909a9e8710542ff31532505fb60450b15,26738,100644,human-driver-data,initial-fire-model,input-evidence,,,,840df154ef50dc593f0f666cf55a3274977ce210,2026-07-24T03:22:18-04:00,11ee71418e597e977a4d49f6fda166e20c098e9f,2026-08-18T03:46:47-04:00,36,coupled-refit-gfed5,coupled-refit-gfed5
data_human/gdp_pcap_grid_1deg.npy,0d370d0906e012e5de81533cdb98cea1ba2c0136,model/other-models/commit-artifacts/by-path/data_human/gdp_pcap_grid_1deg.0d370d0906e012e5de81533cdb98cea1ba2c0136.npy,84ab073c42fd447bb47d616661342989bf9b2448c82cc4440e54175374251d3a,518528,100644,human-driver-data,initial-fire-model,input-evidence,,,,b5ee90dee7a06860011b8133267eec88d9a2485d,2026-07-24T01:38:02-04:00,11ee71418e597e977a4d49f6fda166e20c098e9f,2026-08-18T03:46:47-04:00,39,coupled-refit-gfed5,coupled-refit-gfed5
data_human/gdp_regional_gamma.json,9c25c92c33e4e9e3b75bf25cd6820697c97d81bd,model/other-models/commit-artifacts/by-path/data_human/gdp_regional_gamma.9c25c92c33e4e9e3b75bf25cd6820697c97d81bd.json,ecd30a98d8eb2b792b67a7b25c5c41a9bd260bc080a6168d942003d5597c81a1,345,100644,human-driver-parameters,F,committed-parameter-set,,,5,53742a646122ec91630bb212e931e9d8ac35897c,2026-07-24T02:56:41-04:00,11ee71418e597e977a4d49f6fda166e20c098e9f,2026-08-18T03:46:47-04:00,37,coupled-refit-gfed5,coupled-refit-gfed5
data_human/regional_cure.json,55464245d759c1d193b40e10475a3fa845dabe9c,model/other-models/commit-artifacts/by-path/data_human/regional_cure.55464245d759c1d193b40e10475a3fa845dabe9c.json,5e0871a6ea8b9861036bd0d4a75ea23f47ab2257c36c58f492b7b5c943522c62,287,100644,human-driver-parameters,curing,committed-parameter-set,,,5,11ee71418e597e977a4d49f6fda166e20c098e9f,2026-08-18T03:46:47-04:00,11ee71418e597e977a4d49f6fda166e20c098e9f,2026-08-18T03:46:47-04:00,1,coupled-refit-gfed5,coupled-refit-gfed5
models/A/formula.md,42d82cc723875751a182aac7af41f8e09079b98a,model/other-models/commit-artifacts/by-path/models/A/formula.42d82cc723875751a182aac7af41f8e09079b98a.md,58b8ce5cb8bc6f67b8657d9da774d59d312a417862856d5dbd6d4b2d7a24807a,4528,100644,documentation,A,definition,,,,48dc681b2a71453c97146151c062e83ea76cf5a6,2026-04-22T18:07:39-04:00,48dc681b2a71453c97146151c062e83ea76cf5a6,2026-04-22T18:07:39-04:00,1,main;coupled-refit-gfed5;modelD-paper-params,
models/A/formula.md,5a27469c329ffd221dee96e39bcc1c258a933ee4,model/other-models/commit-artifacts/by-path/models/A/formula.5a27469c329ffd221dee96e39bcc1c258a933ee4.md,90dae88630743cba5838af419d0d6e8e8df9964af36c1976ce6997798f91cecd,4223,100644,documentation,A,definition,,,,a21d58402318ae34e2cf2b301071b15e26e21fa9,2026-04-22T00:40:52-04:00,a21d58402318ae34e2cf2b301071b15e26e21fa9,2026-04-22T00:40:52-04:00,1,main;coupled-refit-gfed5;modelD-paper-params,
models/A/formula.md,c0b93063050d5c4941e18e53402f396f6244fe87,model/other-models/commit-artifacts/by-path/models/A/formula.c0b93063050d5c4941e18e53402f396f6244fe87.md,dae63571142ab593540f7cf50e4bbf644574aab23a804e60183ba7e97a9b9b79,2984,100644,documentation,A,definition,,,,c2fba5a32953fc567d760e87e551a004820d963f,2026-04-21T15:19:24-04:00,c2fba5a32953fc567d760e87e551a004820d963f,2026-04-21T15:19:24-04:00,1,main;coupled-refit-gfed5;modelD-paper-params,
models/A/formula.md,d182a7c5753c8945626585df347b8f19079ef55a,model/other-models/commit-artifacts/by-path/models/A/formula.d182a7c5753c8945626585df347b8f19079ef55a.md,e2d41af9c3c18e39fc5e45c8be8a1d9d7cc19e1287b7eb32309fe42b3149c14c,4215,100644,documentation,A,definition,,,,bffdba5716aaf702d1eeffdb40a2480f34561799,2026-04-22T00:22:18-04:00,bffdba5716aaf702d1eeffdb40a2480f34561799,2026-04-22T00:22:18-04:00,1,main;coupled-refit-gfed5;modelD-paper-params,
models/A/params.json,001b8b1ceda90624d4698c7b869089f86bfe6746,model/other-models/commit-artifacts/by-path/models/A/params.001b8b1ceda90624d4698c7b869089f86bfe6746.json,21922f39486426b32cd653f314623e8a2d2792d8eaba508dcb813a2ca7695703,1044,100644,model-parameters,A,committed-parameter-set,,19,5,c2fba5a32953fc567d760e87e551a004820d963f,2026-04-21T15:19:24-04:00,c2fba5a32953fc567d760e87e551a004820d963f,2026-04-21T15:19:24-04:00,1,main;coupled-refit-gfed5;modelD-paper-params,
models/A/params.json,40d03bd9dbc1951e22e41b98b728619da2ae659d,model/other-models/commit-artifacts/by-path/models/A/params.40d03bd9dbc1951e22e41b98b728619da2ae659d.json,ed6c9218c12af0a79c30a3d5fc677eb6111b6873bb68704dbe9d17908f468bf1,1257,100644,model-parameters,A,committed-parameter-set,Model A v8 — v7 + LAI fuel,27,6,bffdba5716aaf702d1eeffdb40a2480f34561799,2026-04-22T00:22:18-04:00,48dc681b2a71453c97146151c062e83ea76cf5a6,2026-04-22T18:07:39-04:00,3,main;coupled-refit-gfed5;modelD-paper-params,
models/B/formula.md,80c385642c0be0e6920333b64b56078b6835f612,model/other-models/commit-artifacts/by-path/models/B/formula.80c385642c0be0e6920333b64b56078b6835f612.md,73da55d270cf4d845274e6224ae26242678a92dd8959ecde6f400580da311cab,2324,100644,documentation,B,definition,,,,48dc681b2a71453c97146151c062e83ea76cf5a6,2026-04-22T18:07:39-04:00,48dc681b2a71453c97146151c062e83ea76cf5a6,2026-04-22T18:07:39-04:00,1,main;coupled-refit-gfed5;modelD-paper-params,
models/B/formula.md,91182f82454fd16a7545f9dc322872a99e317d22,model/other-models/commit-artifacts/by-path/models/B/formula.91182f82454fd16a7545f9dc322872a99e317d22.md,565cc65e81abb103a6ebcfe617c01d350d286bc80b92491804a210be3b017309,2089,100644,documentation,B,definition,,,,c2fba5a32953fc567d760e87e551a004820d963f,2026-04-21T15:19:24-04:00,c2fba5a32953fc567d760e87e551a004820d963f,2026-04-21T15:19:24-04:00,1,main;coupled-refit-gfed5;modelD-paper-params,
models/B/formula.md,dfda2b2fa05db664ba5706891ea5aa66530f90ac,model/other-models/commit-artifacts/by-path/models/B/formula.dfda2b2fa05db664ba5706891ea5aa66530f90ac.md,bb35de560897fdae6ccafac52ab23ecf80ba2946677f98b4a78ce704b7f992ef,2291,100644,documentation,B,definition,,,,a21d58402318ae34e2cf2b301071b15e26e21fa9,2026-04-22T00:40:52-04:00,a21d58402318ae34e2cf2b301071b15e26e21fa9,2026-04-22T00:40:52-04:00,1,main;coupled-refit-gfed5;modelD-paper-params,
models/B/formula.md,fea59be6263340a0623023556a610292bdfe6ccf,model/other-models/commit-artifacts/by-path/models/B/formula.fea59be6263340a0623023556a610292bdfe6ccf.md,c2e2cb57a738541429a5a3fd9aec36a08dac5d031b083ae8ee609d802c78af46,2283,100644,documentation,B,definition,,,,bffdba5716aaf702d1eeffdb40a2480f34561799,2026-04-22T00:22:18-04:00,bffdba5716aaf702d1eeffdb40a2480f34561799,2026-04-22T00:22:18-04:00,1,main;coupled-refit-gfed5;modelD-paper-params,
models/B/params.json,38dc0ccbf354729ef68058e64f688d4cc7cedd7a,model/other-models/commit-artifacts/by-path/models/B/params.38dc0ccbf354729ef68058e64f688d4cc7cedd7a.json,23c5a733c80273a3bd0ba579124cb0777f9e06649698a0690f73f58f1dc71050,1058,100644,model-parameters,B,committed-parameter-set,Model B (Shapley-reduced from v8),17,8,bffdba5716aaf702d1eeffdb40a2480f34561799,2026-04-22T00:22:18-04:00,48dc681b2a71453c97146151c062e83ea76cf5a6,2026-04-22T18:07:39-04:00,3,main;coupled-refit-gfed5;modelD-paper-params,
models/B/params.json,69eea90b0990192573d1c7ef6697f5adbd8ad1a3,model/other-models/commit-artifacts/by-path/models/B/params.69eea90b0990192573d1c7ef6697f5adbd8ad1a3.json,394f5dbe17f45c5ade284a7a0e85ba4e031e086a7efa59a2cdfeb9a25d93152e,833,100644,model-parameters,B,committed-parameter-set,Model B v2,13,8,c2fba5a32953fc567d760e87e551a004820d963f,2026-04-21T15:19:24-04:00,c2fba5a32953fc567d760e87e551a004820d963f,2026-04-21T15:19:24-04:00,1,main;coupled-refit-gfed5;modelD-paper-params,
models/C/formula.md,301126b28fd5601d0b414150365f09f44c0366df,model/other-models/commit-artifacts/by-path/models/C/formula.301126b28fd5601d0b414150365f09f44c0366df.md,083b2654a6f526d050858d1ca70fdc4c8a1a85cb9119f4b724f27f52fc95849b,3503,100644,documentation,C-development,definition,,,,48dc681b2a71453c97146151c062e83ea76cf5a6,2026-04-22T18:07:39-04:00,48dc681b2a71453c97146151c062e83ea76cf5a6,2026-04-22T18:07:39-04:00,1,main;coupled-refit-gfed5;modelD-paper-params,
models/C/formula.md,4f2e1e289b50611683b8bf193c3bd1056bb59d45,model/other-models/commit-artifacts/by-path/models/C/formula.4f2e1e289b50611683b8bf193c3bd1056bb59d45.md,cbc86096bc651a23421c4a2146509aa651e46b3d05fdf5cefe29fbf69edc88a3,3262,100644,documentation,C-development,definition,,,,9d346449731a4cf73f2a0787e0439571fbaf7e2a,2026-06-01T22:14:12-04:00,11ee71418e597e977a4d49f6fda166e20c098e9f,2026-08-18T03:46:47-04:00,89,main;coupled-refit-gfed5;modelD-paper-params,coupled-refit-gfed5
models/C/formula.md,5d5b5b3377fde0a54965eeb2d53de98375fb31b4,model/other-models/commit-artifacts/by-path/models/C/formula.5d5b5b3377fde0a54965eeb2d53de98375fb31b4.md,808ce33f65fc55278f7aba678b1bd7050ba83f5e7aefe1ae63bd5b5833a3d7b0,3374,100644,documentation,C-development,definition,,,,a21d58402318ae34e2cf2b301071b15e26e21fa9,2026-04-22T00:40:52-04:00,a21d58402318ae34e2cf2b301071b15e26e21fa9,2026-04-22T00:40:52-04:00,1,main;coupled-refit-gfed5;modelD-paper-params,
models/C/formula.md,c3b7dee3ed74b9de165eab9f00fe51f71db21667,model/other-models/commit-artifacts/by-path/models/C/formula.c3b7dee3ed74b9de165eab9f00fe51f71db21667.md,9bf10d38b64b2714bec9716c94646a075fca460312c88c4566df36ecdc3fda2a,1534,100644,documentation,C-development,definition,,,,c2fba5a32953fc567d760e87e551a004820d963f,2026-04-21T15:19:24-04:00,c2fba5a32953fc567d760e87e551a004820d963f,2026-04-21T15:19:24-04:00,1,main;coupled-refit-gfed5;modelD-paper-params,
models/C/formula.md,c49ae6af7f85d74e74978f4ff8eac90e177bf0fe,model/other-models/commit-artifacts/by-path/models/C/formula.c49ae6af7f85d74e74978f4ff8eac90e177bf0fe.md,b6ba374a0a5c2087670010d3a275762bb1e4e38be1d483e9eeaa6025f0b8f8ae,3366,100644,documentation,C-development,definition,,,,bffdba5716aaf702d1eeffdb40a2480f34561799,2026-04-22T00:22:18-04:00,bffdba5716aaf702d1eeffdb40a2480f34561799,2026-04-22T00:22:18-04:00,1,main;coupled-refit-gfed5;modelD-paper-params,
models/C/formula.md,df7240fdef83a88715b7e1e73ae6f5a35ae0d4f5,model/other-models/commit-artifacts/by-path/models/C/formula.df7240fdef83a88715b7e1e73ae6f5a35ae0d4f5.md,37d41e69f5962aa5750dfc141e3a5e4af117eaa3510cc203b21cf8545704fa9a,3196,100644,documentation,C-development,definition,,,,2fe11228a207bc7947f4bd02e0ff41d53ac84985,2026-04-23T21:41:03-04:00,1bac73121385ecd545c132df49746a8a28cce44b,2026-04-28T20:44:25-04:00,3,main;coupled-refit-gfed5;modelD-paper-params,
models/C/params.G_Africa.json,460c728d5821926a837ddc58dec7a57339ff9789,model/other-models/commit-artifacts/by-path/models/C/params.G_Africa.460c728d5821926a837ddc58dec7a57339ff9789.json,96b78b946c6ba441444ff75836bcfe6b6ba7d1ce6a7032acd1f16c2a1b98a725,1554,100644,model-parameters,G,committed-parameter-set,Model C (coupled-consistent retune; drivers + GPP from Lei's ED dump; GFED5 target),12,13,aa3f8ff447cb109eceadbcf57f9932e29071f120,2026-08-06T01:33:40-04:00,11ee71418e597e977a4d49f6fda166e20c098e9f,2026-08-18T03:46:47-04:00,19,coupled-refit-gfed5,coupled-refit-gfed5
models/C/params.G_Africa.k1.json,8b9424af95d82ba324473a86715921d9a14c9527,model/other-models/commit-artifacts/by-path/models/C/params.G_Africa.k1.8b9424af95d82ba324473a86715921d9a14c9527.json,faebb2c7a63ba6f7498d05a3ef42d1bc04b91efc4d3acc357ce4d94d0781f2a0,1670,100644,model-parameters,G,optimizer-checkpoint,Model C (coupled-consistent retune; drivers + GPP from Lei's ED dump; GFED5 target),12,17,aa3f8ff447cb109eceadbcf57f9932e29071f120,2026-08-06T01:33:40-04:00,11ee71418e597e977a4d49f6fda166e20c098e9f,2026-08-18T03:46:47-04:00,19,coupled-refit-gfed5,coupled-refit-gfed5
models/C/params.G_Africa.k2.json,739816448db9104d44cd62198053ff060c966fa3,model/other-models/commit-artifacts/by-path/models/C/params.G_Africa.k2.739816448db9104d44cd62198053ff060c966fa3.json,b6862977e6e5de65eee27e089ba140991a7a49c1d5b81a0cebab23086f0d3520,1672,100644,model-parameters,G,optimizer-checkpoint,Model C (coupled-consistent retune; drivers + GPP from Lei's ED dump; GFED5 target),12,17,aa3f8ff447cb109eceadbcf57f9932e29071f120,2026-08-06T01:33:40-04:00,11ee71418e597e977a4d49f6fda166e20c098e9f,2026-08-18T03:46:47-04:00,19,coupled-refit-gfed5,coupled-refit-gfed5
models/C/params.G_Africa.k3.json,4ef811fa5eef0bdd002e06867968128c447d4192,model/other-models/commit-artifacts/by-path/models/C/params.G_Africa.k3.4ef811fa5eef0bdd002e06867968128c447d4192.json,0423915a9e6a23b83ba9ad3a84be67bc39722ec56ee894e9ebba6d62e2a04855,1677,100644,model-parameters,G,optimizer-checkpoint,Model C (coupled-consistent retune; drivers + GPP from Lei's ED dump; GFED5 target),12,17,aa3f8ff447cb109eceadbcf57f9932e29071f120,2026-08-06T01:33:40-04:00,11ee71418e597e977a4d49f6fda166e20c098e9f,2026-08-18T03:46:47-04:00,19,coupled-refit-gfed5,coupled-refit-gfed5
models/C/params.G_Africa.k4.json,0206e7c6b09c4e86f05453f9fd364f3b5f0f568f,model/other-models/commit-artifacts/by-path/models/C/params.G_Africa.k4.0206e7c6b09c4e86f05453f9fd364f3b5f0f568f.json,229d3597c58a3062a6119f8c24503b84f3abd6bfd1f58c41fb0dc460aabaa458,1677,100644,model-parameters,G,optimizer-checkpoint,Model C (coupled-consistent retune; drivers + GPP from Lei's ED dump; GFED5 target),12,17,aa3f8ff447cb109eceadbcf57f9932e29071f120,2026-08-06T01:33:40-04:00,11ee71418e597e977a4d49f6fda166e20c098e9f,2026-08-18T03:46:47-04:00,19,coupled-refit-gfed5,coupled-refit-gfed5
models/C/params.G_Africa.k5.json,e47a0cb0ae826111f6903da30028a7f8eacf8c3d,model/other-models/commit-artifacts/by-path/models/C/params.G_Africa.k5.e47a0cb0ae826111f6903da30028a7f8eacf8c3d.json,9b66ba1be298c67f971f4e4db0862e053447e481f1002ba5658f1c4a51abaf75,1676,100644,model-parameters,G,optimizer-checkpoint,Model C (coupled-consistent retune; drivers + GPP from Lei's ED dump; GFED5 target),12,17,aa3f8ff447cb109eceadbcf57f9932e29071f120,2026-08-06T01:33:40-04:00,11ee71418e597e977a4d49f6fda166e20c098e9f,2026-08-18T03:46:47-04:00,19,coupled-refit-gfed5,coupled-refit-gfed5
models/C/params.G_Australia.json,b31bb6402c6d0f92e0b50e54ac314cfee9b1898c,model/other-models/commit-artifacts/by-path/models/C/params.G_Australia.b31bb6402c6d0f92e0b50e54ac314cfee9b1898c.json,e46b1f5c5918b7903867eae4a0c62d79a702685594bbf9bc77e6afebdebf0d4b,1558,100644,model-parameters,G,committed-parameter-set,Model C (coupled-consistent retune; drivers + GPP from Lei's ED dump; GFED5 target),12,13,d2403d4477076187d97b4870a580e8764041710a,2026-08-06T03:30:34-04:00,11ee71418e597e977a4d49f6fda166e20c098e9f,2026-08-18T03:46:47-04:00,13,coupled-refit-gfed5,coupled-refit-gfed5
models/C/params.G_Australia.k1.json,81e941156d4b08906f2e70690a4ed7ebe38ba9ae,model/other-models/commit-artifacts/by-path/models/C/params.G_Australia.k1.81e941156d4b08906f2e70690a4ed7ebe38ba9ae.json,088826ac92ea909c67d193f1afbeccc76baf2a4867f8b25c4031d77e2acce074,1675,100644,model-parameters,G,optimizer-checkpoint,Model C (coupled-consistent retune; drivers + GPP from Lei's ED dump; GFED5 target),12,17,3fb01b4a06f1eddc8f9ac0ed73788ab6ee8f57bb,2026-08-18T03:46:27-04:00,11ee71418e597e977a4d49f6fda166e20c098e9f,2026-08-18T03:46:47-04:00,3,coupled-refit-gfed5,coupled-refit-gfed5
models/C/params.G_Australia.k2.json,093afd26991d3b23396f29d81279f8afd628e310,model/other-models/commit-artifacts/by-path/models/C/params.G_Australia.k2.093afd26991d3b23396f29d81279f8afd628e310.json,228665c7c9af339c4d83719c12fe2333826d32d1c50fa678a34dcb2cddfa037f,1672,100644,model-parameters,G,optimizer-checkpoint,Model C (coupled-consistent retune; drivers + GPP from Lei's ED dump; GFED5 target),12,17,3fb01b4a06f1eddc8f9ac0ed73788ab6ee8f57bb,2026-08-18T03:46:27-04:00,11ee71418e597e977a4d49f6fda166e20c098e9f,2026-08-18T03:46:47-04:00,3,coupled-refit-gfed5,coupled-refit-gfed5
models/C/params.G_Australia.k3.json,792c65178541398596ea64fa5ee9651b611038b3,model/other-models/commit-artifacts/by-path/models/C/params.G_Australia.k3.792c65178541398596ea64fa5ee9651b611038b3.json,da86fb0cfd37e4dce2b00c671e1865c8df82b77cf8c2febcc01f2197b2169d91,1665,100644,model-parameters,G,optimizer-checkpoint,Model C (coupled-consistent retune; drivers + GPP from Lei's ED dump; GFED5 target),12,17,3fb01b4a06f1eddc8f9ac0ed73788ab6ee8f57bb,2026-08-18T03:46:27-04:00,11ee71418e597e977a4d49f6fda166e20c098e9f,2026-08-18T03:46:47-04:00,3,coupled-refit-gfed5,coupled-refit-gfed5
models/C/params.G_Australia.k4.json,d2a7a0fdb5618d266e5d9bba2c7987ad57be17dc,model/other-models/commit-artifacts/by-path/models/C/params.G_Australia.k4.d2a7a0fdb5618d266e5d9bba2c7987ad57be17dc.json,ccc92b83e3289322608a903b2d9918accaec465f9e3adaadb2864f2782af6f6a,1672,100644,model-parameters,G,optimizer-checkpoint,Model C (coupled-consistent retune; drivers + GPP from Lei's ED dump; GFED5 target),12,17,3fb01b4a06f1eddc8f9ac0ed73788ab6ee8f57bb,2026-08-18T03:46:27-04:00,11ee71418e597e977a4d49f6fda166e20c098e9f,2026-08-18T03:46:47-04:00,3,coupled-refit-gfed5,coupled-refit-gfed5
models/C/params.G_Australia.k5.json,f15a8d867035c82b1b1e121cfdff21745cd44a47,model/other-models/commit-artifacts/by-path/models/C/params.G_Australia.k5.f15a8d867035c82b1b1e121cfdff21745cd44a47.json,73493d46e0ca1dd3002dd0b4b14f6beb2a960aae63886a896331a22334ac7c18,1673,100644,model-parameters,G,optimizer-checkpoint,Model C (coupled-consistent retune; drivers + GPP from Lei's ED dump; GFED5 target),12,17,3fb01b4a06f1eddc8f9ac0ed73788ab6ee8f57bb,2026-08-18T03:46:27-04:00,11ee71418e597e977a4d49f6fda166e20c098e9f,2026-08-18T03:46:47-04:00,3,coupled-refit-gfed5,coupled-refit-gfed5
models/C/params.G_Boreal.json,1ef7ad45e41cad7c1b8922f2c1946062787ad94b,model/other-models/commit-artifacts/by-path/models/C/params.G_Boreal.1ef7ad45e41cad7c1b8922f2c1946062787ad94b.json,d74a92a6d3a7a8e2d516891634e8b4b3ede8561ad958624c94fa29fabac34384,1555,100644,model-parameters,G,committed-parameter-set,Model C (coupled-consistent retune; drivers + GPP from Lei's ED dump; GFED5 target),12,13,aa3f8ff447cb109eceadbcf57f9932e29071f120,2026-08-06T01:33:40-04:00,11ee71418e597e977a4d49f6fda166e20c098e9f,2026-08-18T03:46:47-04:00,19,coupled-refit-gfed5,coupled-refit-gfed5
models/C/params.G_Boreal.k1.json,0efd19003dce9757b3f52563e284630e2c19b3d0,model/other-models/commit-artifacts/by-path/models/C/params.G_Boreal.k1.0efd19003dce9757b3f52563e284630e2c19b3d0.json,2f6c663eee3aace35afeabbe0b8dbd1935223578b1b1a35f7cc1b597c1f47fbc,1672,100644,model-parameters,G,optimizer-checkpoint,Model C (coupled-consistent retune; drivers + GPP from Lei's ED dump; GFED5 target),12,17,aa3f8ff447cb109eceadbcf57f9932e29071f120,2026-08-06T01:33:40-04:00,11ee71418e597e977a4d49f6fda166e20c098e9f,2026-08-18T03:46:47-04:00,19,coupled-refit-gfed5,coupled-refit-gfed5
models/C/params.G_Boreal.k2.json,f6a7bd6e50fa5532aedb189804103228f5931286,model/other-models/commit-artifacts/by-path/models/C/params.G_Boreal.k2.f6a7bd6e50fa5532aedb189804103228f5931286.json,7727db30e750cf5dd4695736740cd260385e6984ea9ac8dbd4986ecb97cd4333,1669,100644,model-parameters,G,optimizer-checkpoint,Model C (coupled-consistent retune; drivers + GPP from Lei's ED dump; GFED5 target),12,17,aa3f8ff447cb109eceadbcf57f9932e29071f120,2026-08-06T01:33:40-04:00,11ee71418e597e977a4d49f6fda166e20c098e9f,2026-08-18T03:46:47-04:00,19,coupled-refit-gfed5,coupled-refit-gfed5
models/C/params.G_Boreal.k3.json,9cc2e1a03db5f988552b3c2eb171cbc68574f080,model/other-models/commit-artifacts/by-path/models/C/params.G_Boreal.k3.9cc2e1a03db5f988552b3c2eb171cbc68574f080.json,7ee8477c33fbb0b052b3bc0e301b73cfa4c41bb0ce7aa052693201bb517d6c5a,1672,100644,model-parameters,G,optimizer-checkpoint,Model C (coupled-consistent retune; drivers + GPP from Lei's ED dump; GFED5 target),12,17,aa3f8ff447cb109eceadbcf57f9932e29071f120,2026-08-06T01:33:40-04:00,11ee71418e597e977a4d49f6fda166e20c098e9f,2026-08-18T03:46:47-04:00,19,coupled-refit-gfed5,coupled-refit-gfed5
models/C/params.G_Boreal.k4.json,5065b75b9dfcd4dd8973754e32e16ba789bdb8b0,model/other-models/commit-artifacts/by-path/models/C/params.G_Boreal.k4.5065b75b9dfcd4dd8973754e32e16ba789bdb8b0.json,4bd5283376b3a8100a74e4fa641b579daa9120a93b4f9e890f13051e3ee65e55,1672,100644,model-parameters,G,optimizer-checkpoint,Model C (coupled-consistent retune; drivers + GPP from Lei's ED dump; GFED5 target),12,17,aa3f8ff447cb109eceadbcf57f9932e29071f120,2026-08-06T01:33:40-04:00,11ee71418e597e977a4d49f6fda166e20c098e9f,2026-08-18T03:46:47-04:00,19,coupled-refit-gfed5,coupled-refit-gfed5
models/C/params.G_Boreal.k5.json,613e38d792a37a7452fe9e9d4ce49335452d271c,model/other-models/commit-artifacts/by-path/models/C/params.G_Boreal.k5.613e38d792a37a7452fe9e9d4ce49335452d271c.json,7c51a6da800d942f87e47b2fafb10db8e99d9ff0b4de2285ce5c833de15b6f43,1671,100644,model-parameters,G,optimizer-checkpoint,Model C (coupled-consistent retune; drivers + GPP from Lei's ED dump; GFED5 target),12,17,aa3f8ff447cb109eceadbcf57f9932e29071f120,2026-08-06T01:33:40-04:00,11ee71418e597e977a4d49f6fda166e20c098e9f,2026-08-18T03:46:47-04:00,19,coupled-refit-gfed5,coupled-refit-gfed5
models/C/params.G_Europe.json,79faba85701450e3f2c5108acb049808acb92a1c,model/other-models/commit-artifacts/by-path/models/C/params.G_Europe.79faba85701450e3f2c5108acb049808acb92a1c.json,5be1fafc687841b55ca5fbd18106c0bbce9540117ae8b767bac7c93751571e1a,1561,100644,model-parameters,G,committed-parameter-set,Model C (coupled-consistent retune; drivers + GPP from Lei's ED dump; GFED5 target),12,13,aa3f8ff447cb109eceadbcf57f9932e29071f120,2026-08-06T01:33:40-04:00,11ee71418e597e977a4d49f6fda166e20c098e9f,2026-08-18T03:46:47-04:00,19,coupled-refit-gfed5,coupled-refit-gfed5
models/C/params.G_Europe.k1.json,35fe55747a7a22b814567c3ec2edfd99c46f89f6,model/other-models/commit-artifacts/by-path/models/C/params.G_Europe.k1.35fe55747a7a22b814567c3ec2edfd99c46f89f6.json,c232c5cfc416ecb7cd4e15c31c737535e69ff8561c209c7d46d0f28f19946d9b,1677,100644,model-parameters,G,optimizer-checkpoint,Model C (coupled-consistent retune; drivers + GPP from Lei's ED dump; GFED5 target),12,17,aa3f8ff447cb109eceadbcf57f9932e29071f120,2026-08-06T01:33:40-04:00,11ee71418e597e977a4d49f6fda166e20c098e9f,2026-08-18T03:46:47-04:00,19,coupled-refit-gfed5,coupled-refit-gfed5
models/C/params.G_Europe.k2.json,3a91b53a92af82909d7b50fe46e83dd93dffe290,model/other-models/commit-artifacts/by-path/models/C/params.G_Europe.k2.3a91b53a92af82909d7b50fe46e83dd93dffe290.json,18abe51521e2a0741066f48f0936b5086b753cd9d307cbe9ed6c05a48f6bf5f4,1677,100644,model-parameters,G,optimizer-checkpoint,Model C (coupled-consistent retune; drivers + GPP from Lei's ED dump; GFED5 target),12,17,aa3f8ff447cb109eceadbcf57f9932e29071f120,2026-08-06T01:33:40-04:00,11ee71418e597e977a4d49f6fda166e20c098e9f,2026-08-18T03:46:47-04:00,19,coupled-refit-gfed5,coupled-refit-gfed5
models/C/params.G_Europe.k3.json,c6fa2f1266705e167631c0232681e030de0aa879,model/other-models/commit-artifacts/by-path/models/C/params.G_Europe.k3.c6fa2f1266705e167631c0232681e030de0aa879.json,877e4ec19aa02ec28530725583626d5a531b4e30f466018abc6e876e2a319a67,1678,100644,model-parameters,G,optimizer-checkpoint,Model C (coupled-consistent retune; drivers + GPP from Lei's ED dump; GFED5 target),12,17,aa3f8ff447cb109eceadbcf57f9932e29071f120,2026-08-06T01:33:40-04:00,11ee71418e597e977a4d49f6fda166e20c098e9f,2026-08-18T03:46:47-04:00,19,coupled-refit-gfed5,coupled-refit-gfed5
models/C/params.G_Europe.k4.json,3b3a895c47fd7256053bfa009d8338566634c04a,model/other-models/commit-artifacts/by-path/models/C/params.G_Europe.k4.3b3a895c47fd7256053bfa009d8338566634c04a.json,e3948c5bbee894134dfe0c7c8c411d8be90b197292ff19f813cd1f5bf02a99c6,1676,100644,model-parameters,G,optimizer-checkpoint,Model C (coupled-consistent retune; drivers + GPP from Lei's ED dump; GFED5 target),12,17,aa3f8ff447cb109eceadbcf57f9932e29071f120,2026-08-06T01:33:40-04:00,11ee71418e597e977a4d49f6fda166e20c098e9f,2026-08-18T03:46:47-04:00,19,coupled-refit-gfed5,coupled-refit-gfed5
models/C/params.G_Europe.k5.json,7f95d66b41995402fe38373a661d5a5733fab2af,model/other-models/commit-artifacts/by-path/models/C/params.G_Europe.k5.7f95d66b41995402fe38373a661d5a5733fab2af.json,9039536f6ed41a073215be3c0e833378ec004275336a0ae41e01b2cb6ff6a0e9,1671,100644,model-parameters,G,optimizer-checkpoint,Model C (coupled-consistent retune; drivers + GPP from Lei's ED dump; GFED5 target),12,17,aa3f8ff447cb109eceadbcf57f9932e29071f120,2026-08-06T01:33:40-04:00,11ee71418e597e977a4d49f6fda166e20c098e9f,2026-08-18T03:46:47-04:00,19,coupled-refit-gfed5,coupled-refit-gfed5
models/C/params.G_NAmerica.json,5dddd7935964ae4642f9bf3098b3ace4cd40c40d,model/other-models/commit-artifacts/by-path/models/C/params.G_NAmerica.5dddd7935964ae4642f9bf3098b3ace4cd40c40d.json,35edf5623f7c23580a4f0dfcd77226b194fb784ecf5a0139c0ddb79453bcda24,1557,100644,model-parameters,G,committed-parameter-set,Model C (coupled-consistent retune; drivers + GPP from Lei's ED dump; GFED5 target),12,13,d2403d4477076187d97b4870a580e8764041710a,2026-08-06T03:30:34-04:00,11ee71418e597e977a4d49f6fda166e20c098e9f,2026-08-18T03:46:47-04:00,13,coupled-refit-gfed5,coupled-refit-gfed5
models/C/params.G_NAmerica.k1.json,da1290592126223faaf22708f6ba2d69d48cbf14,model/other-models/commit-artifacts/by-path/models/C/params.G_NAmerica.k1.da1290592126223faaf22708f6ba2d69d48cbf14.json,8297ba82199647d3ae7187e28baf53ad9c55b0154ac2ff2741365beadd06a68e,1673,100644,model-parameters,G,optimizer-checkpoint,Model C (coupled-consistent retune; drivers + GPP from Lei's ED dump; GFED5 target),12,17,3fb01b4a06f1eddc8f9ac0ed73788ab6ee8f57bb,2026-08-18T03:46:27-04:00,11ee71418e597e977a4d49f6fda166e20c098e9f,2026-08-18T03:46:47-04:00,3,coupled-refit-gfed5,coupled-refit-gfed5
models/C/params.G_NAmerica.k2.json,635db083dea544e75864e5b1578e3eb3fda3d4c1,model/other-models/commit-artifacts/by-path/models/C/params.G_NAmerica.k2.635db083dea544e75864e5b1578e3eb3fda3d4c1.json,e2b9b13b98238f04aac3f3e365581b421ace4beb504cf831ab2dab61839cb308,1675,100644,model-parameters,G,optimizer-checkpoint,Model C (coupled-consistent retune; drivers + GPP from Lei's ED dump; GFED5 target),12,17,3fb01b4a06f1eddc8f9ac0ed73788ab6ee8f57bb,2026-08-18T03:46:27-04:00,11ee71418e597e977a4d49f6fda166e20c098e9f,2026-08-18T03:46:47-04:00,3,coupled-refit-gfed5,coupled-refit-gfed5
models/C/params.G_NAmerica.k3.json,d12e136ffff705c0a24d92418f621309a5ca8cc6,model/other-models/commit-artifacts/by-path/models/C/params.G_NAmerica.k3.d12e136ffff705c0a24d92418f621309a5ca8cc6.json,4d63ae3c79a997744b80a7cbe04b69471742d4f21bf49cde235eb71e1930f0b0,1674,100644,model-parameters,G,optimizer-checkpoint,Model C (coupled-consistent retune; drivers + GPP from Lei's ED dump; GFED5 target),12,17,3fb01b4a06f1eddc8f9ac0ed73788ab6ee8f57bb,2026-08-18T03:46:27-04:00,11ee71418e597e977a4d49f6fda166e20c098e9f,2026-08-18T03:46:47-04:00,3,coupled-refit-gfed5,coupled-refit-gfed5
models/C/params.G_NAmerica.k4.json,875f85988e4c2ee0943097b5357441b7158ab26d,model/other-models/commit-artifacts/by-path/models/C/params.G_NAmerica.k4.875f85988e4c2ee0943097b5357441b7158ab26d.json,e08a197758fbcaff5b91025734470eeb43fa27c9e5e584308ef06975533e051e,1675,100644,model-parameters,G,optimizer-checkpoint,Model C (coupled-consistent retune; drivers + GPP from Lei's ED dump; GFED5 target),12,17,3fb01b4a06f1eddc8f9ac0ed73788ab6ee8f57bb,2026-08-18T03:46:27-04:00,11ee71418e597e977a4d49f6fda166e20c098e9f,2026-08-18T03:46:47-04:00,3,coupled-refit-gfed5,coupled-refit-gfed5
models/C/params.G_SAmerica.json,e2b7d1c541493292124a7c5d0dfac353a74f8fad,model/other-models/commit-artifacts/by-path/models/C/params.G_SAmerica.e2b7d1c541493292124a7c5d0dfac353a74f8fad.json,ab656cb5582cd4de23003d666a538aa7ab8c53ec1bf7868889d4e205f9f0f3f1,1561,100644,model-parameters,G,committed-parameter-set,Model C (coupled-consistent retune; drivers + GPP from Lei's ED dump; GFED5 target),12,13,aa3f8ff447cb109eceadbcf57f9932e29071f120,2026-08-06T01:33:40-04:00,11ee71418e597e977a4d49f6fda166e20c098e9f,2026-08-18T03:46:47-04:00,19,coupled-refit-gfed5,coupled-refit-gfed5
models/C/params.G_SAmerica.k1.json,cf3b8a9b3c6fb6dc7ee04a889a3ff4fd6592e915,model/other-models/commit-artifacts/by-path/models/C/params.G_SAmerica.k1.cf3b8a9b3c6fb6dc7ee04a889a3ff4fd6592e915.json,a902dd2ec835409557c1043048c30ac0254c3335c020001bf17bb1e49068c14e,1678,100644,model-parameters,G,optimizer-checkpoint,Model C (coupled-consistent retune; drivers + GPP from Lei's ED dump; GFED5 target),12,17,aa3f8ff447cb109eceadbcf57f9932e29071f120,2026-08-06T01:33:40-04:00,11ee71418e597e977a4d49f6fda166e20c098e9f,2026-08-18T03:46:47-04:00,19,coupled-refit-gfed5,coupled-refit-gfed5
models/C/params.G_SAmerica.k2.json,9bd25381ca4454f8cab1ffb2e4f88ffc4abb22f6,model/other-models/commit-artifacts/by-path/models/C/params.G_SAmerica.k2.9bd25381ca4454f8cab1ffb2e4f88ffc4abb22f6.json,947770d94d707ace584c103e612aa7dd9c64bf9e47a5adb46f0c8dfdef2b870e,1671,100644,model-parameters,G,optimizer-checkpoint,Model C (coupled-consistent retune; drivers + GPP from Lei's ED dump; GFED5 target),12,17,aa3f8ff447cb109eceadbcf57f9932e29071f120,2026-08-06T01:33:40-04:00,11ee71418e597e977a4d49f6fda166e20c098e9f,2026-08-18T03:46:47-04:00,19,coupled-refit-gfed5,coupled-refit-gfed5
models/C/params.G_SAmerica.k3.json,be4a7231321ec8eff3d92384bf9b6c248b36165f,model/other-models/commit-artifacts/by-path/models/C/params.G_SAmerica.k3.be4a7231321ec8eff3d92384bf9b6c248b36165f.json,9ff617e0821307dd8d5210bb5057e617f2e6db111e366a41373e861721c6173d,1681,100644,model-parameters,G,optimizer-checkpoint,Model C (coupled-consistent retune; drivers + GPP from Lei's ED dump; GFED5 target),12,17,aa3f8ff447cb109eceadbcf57f9932e29071f120,2026-08-06T01:33:40-04:00,11ee71418e597e977a4d49f6fda166e20c098e9f,2026-08-18T03:46:47-04:00,19,coupled-refit-gfed5,coupled-refit-gfed5
models/C/params.G_SAmerica.k4.json,c18e0f245a2877261960fbb5e98595ee60379faf,model/other-models/commit-artifacts/by-path/models/C/params.G_SAmerica.k4.c18e0f245a2877261960fbb5e98595ee60379faf.json,64a4625eef6b32a10077e6f12c9d22c67f01cfe13bda9a4e390bc59c95bf4557,1678,100644,model-parameters,G,optimizer-checkpoint,Model C (coupled-consistent retune; drivers + GPP from Lei's ED dump; GFED5 target),12,17,aa3f8ff447cb109eceadbcf57f9932e29071f120,2026-08-06T01:33:40-04:00,11ee71418e597e977a4d49f6fda166e20c098e9f,2026-08-18T03:46:47-04:00,19,coupled-refit-gfed5,coupled-refit-gfed5
models/C/params.G_SAmerica.k5.json,6950976f99e818c84217af9b77bed859c5a447e5,model/other-models/commit-artifacts/by-path/models/C/params.G_SAmerica.k5.6950976f99e818c84217af9b77bed859c5a447e5.json,e18fa13d658b1f9ae52d89f5a5171d738c2f4398c35edcc02bd5bd628d1b9e59,1680,100644,model-parameters,G,optimizer-checkpoint,Model C (coupled-consistent retune; drivers + GPP from Lei's ED dump; GFED5 target),12,17,aa3f8ff447cb109eceadbcf57f9932e29071f120,2026-08-06T01:33:40-04:00,11ee71418e597e977a4d49f6fda166e20c098e9f,2026-08-18T03:46:47-04:00,19,coupled-refit-gfed5,coupled-refit-gfed5
models/C/params.G_SEAsia.json,61c0d3c97c6af538718192cf026396c6f28a1104,model/other-models/commit-artifacts/by-path/models/C/params.G_SEAsia.61c0d3c97c6af538718192cf026396c6f28a1104.json,f2c693b3720910b895f75f2733b30eb2cd49cbd7f73273c821c104479a9b3eb8,1561,100644,model-parameters,G,committed-parameter-set,Model C (coupled-consistent retune; drivers + GPP from Lei's ED dump; GFED5 target),12,13,aa3f8ff447cb109eceadbcf57f9932e29071f120,2026-08-06T01:33:40-04:00,11ee71418e597e977a4d49f6fda166e20c098e9f,2026-08-18T03:46:47-04:00,19,coupled-refit-gfed5,coupled-refit-gfed5
models/C/params.G_SEAsia.k1.json,32c10746356ef3f2e4eeafa6c9a887c07c0b6d46,model/other-models/commit-artifacts/by-path/models/C/params.G_SEAsia.k1.32c10746356ef3f2e4eeafa6c9a887c07c0b6d46.json,2f47b98eef8032c0ce121e894aa5a9c59f9a70cffee89f427baba32c49c601e8,1677,100644,model-parameters,G,optimizer-checkpoint,Model C (coupled-consistent retune; drivers + GPP from Lei's ED dump; GFED5 target),12,17,aa3f8ff447cb109eceadbcf57f9932e29071f120,2026-08-06T01:33:40-04:00,11ee71418e597e977a4d49f6fda166e20c098e9f,2026-08-18T03:46:47-04:00,19,coupled-refit-gfed5,coupled-refit-gfed5
models/C/params.G_SEAsia.k2.json,1d423823f6dd67a43cda8c94b4393b476f7cc808,model/other-models/commit-artifacts/by-path/models/C/params.G_SEAsia.k2.1d423823f6dd67a43cda8c94b4393b476f7cc808.json,9d87fd8818f526e949f870e99e90b75a75c71d8e03b392a782b40c94285e1a62,1672,100644,model-parameters,G,optimizer-checkpoint,Model C (coupled-consistent retune; drivers + GPP from Lei's ED dump; GFED5 target),12,17,aa3f8ff447cb109eceadbcf57f9932e29071f120,2026-08-06T01:33:40-04:00,11ee71418e597e977a4d49f6fda166e20c098e9f,2026-08-18T03:46:47-04:00,19,coupled-refit-gfed5,coupled-refit-gfed5
models/C/params.G_SEAsia.k3.json,972dc27ea9570f15bf8e4e1c2c9f97266fe5a6e7,model/other-models/commit-artifacts/by-path/models/C/params.G_SEAsia.k3.972dc27ea9570f15bf8e4e1c2c9f97266fe5a6e7.json,96d8ce1073995560412ef075813b7ef3ade4fa4b49d7fd37284bc3b763888e71,1675,100644,model-parameters,G,optimizer-checkpoint,Model C (coupled-consistent retune; drivers + GPP from Lei's ED dump; GFED5 target),12,17,aa3f8ff447cb109eceadbcf57f9932e29071f120,2026-08-06T01:33:40-04:00,11ee71418e597e977a4d49f6fda166e20c098e9f,2026-08-18T03:46:47-04:00,19,coupled-refit-gfed5,coupled-refit-gfed5
models/C/params.Gsmoke.k1.json,68e544fad4676d502cbf462069383513942797b5,model/other-models/commit-artifacts/by-path/models/C/params.Gsmoke.k1.68e544fad4676d502cbf462069383513942797b5.json,33a6646bc505d92e302e237f6c6fa92c08cc2983fa116f8263616d19063d5c45,1666,100644,model-parameters,C-development,optimizer-checkpoint,Model C (coupled-consistent retune; drivers + GPP from Lei's ED dump; GFED5 target),12,17,3fb01b4a06f1eddc8f9ac0ed73788ab6ee8f57bb,2026-08-18T03:46:27-04:00,11ee71418e597e977a4d49f6fda166e20c098e9f,2026-08-18T03:46:47-04:00,3,coupled-refit-gfed5,coupled-refit-gfed5
models/C/params.Gtrop_Africa.json,473960be50aaca3df48b8d6910e70719a76e11d8,model/other-models/commit-artifacts/by-path/models/C/params.Gtrop_Africa.473960be50aaca3df48b8d6910e70719a76e11d8.json,b8aa529193abcbdedd2998b32812ae7ca4c04f2f405c0335cbe3088effbd0335,1633,100644,model-parameters,I,committed-parameter-set,Model C (coupled-consistent retune; drivers + GPP from Lei's ED dump; GFED5 target),14,13,e32d874dafc320bf1aebf9e65a35fffea6cf4883,2026-08-06T09:20:57-04:00,11ee71418e597e977a4d49f6fda166e20c098e9f,2026-08-18T03:46:47-04:00,11,coupled-refit-gfed5,coupled-refit-gfed5
models/C/params.Gtrop_Africa.k1.json,c472de864c93feac188466af5bb5123239df6e14,model/other-models/commit-artifacts/by-path/models/C/params.Gtrop_Africa.k1.c472de864c93feac188466af5bb5123239df6e14.json,faf614af74ed6c7c4af3e0730df7e6ccdd82a493365d92aea523474df920b2b6,1750,100644,model-parameters,I,optimizer-checkpoint,Model C (coupled-consistent retune; drivers + GPP from Lei's ED dump; GFED5 target),14,17,53582d73a70c373a9a1774003f8d735935631f8f,2026-08-06T13:55:21-04:00,11ee71418e597e977a4d49f6fda166e20c098e9f,2026-08-18T03:46:47-04:00,10,coupled-refit-gfed5,coupled-refit-gfed5
models/C/params.Gtrop_Africa.k2.json,6bd91c002d11d769032017925f2ce3c2acbac7d3,model/other-models/commit-artifacts/by-path/models/C/params.Gtrop_Africa.k2.6bd91c002d11d769032017925f2ce3c2acbac7d3.json,0182b692a4418689ab273990f4f39fe42fcdb1473290a1f87985e1c4bb047a0b,1748,100644,model-parameters,I,optimizer-checkpoint,Model C (coupled-consistent retune; drivers + GPP from Lei's ED dump; GFED5 target),14,17,53582d73a70c373a9a1774003f8d735935631f8f,2026-08-06T13:55:21-04:00,11ee71418e597e977a4d49f6fda166e20c098e9f,2026-08-18T03:46:47-04:00,10,coupled-refit-gfed5,coupled-refit-gfed5
models/C/params.Gtrop_Africa.k3.json,7582e9b0d09432af009a46add14f69605c860eca,model/other-models/commit-artifacts/by-path/models/C/params.Gtrop_Africa.k3.7582e9b0d09432af009a46add14f69605c860eca.json,26c769b42df581c12dc529b7a1e832e6e2751ca47f934dc6bae125b18e9af449,1749,100644,model-parameters,I,optimizer-checkpoint,Model C (coupled-consistent retune; drivers + GPP from Lei's ED dump; GFED5 target),14,17,53582d73a70c373a9a1774003f8d735935631f8f,2026-08-06T13:55:21-04:00,11ee71418e597e977a4d49f6fda166e20c098e9f,2026-08-18T03:46:47-04:00,10,coupled-refit-gfed5,coupled-refit-gfed5
models/C/params.Gtrop_Africa.k4.json,46e0708f9d32acbab3ae011243cb98581e13ecfe,model/other-models/commit-artifacts/by-path/models/C/params.Gtrop_Africa.k4.46e0708f9d32acbab3ae011243cb98581e13ecfe.json,8de552ff287d9329279fe6a762c509ee4229399c891a13fc243fcc2e031b9979,1746,100644,model-parameters,I,optimizer-checkpoint,Model C (coupled-consistent retune; drivers + GPP from Lei's ED dump; GFED5 target),14,17,53582d73a70c373a9a1774003f8d735935631f8f,2026-08-06T13:55:21-04:00,11ee71418e597e977a4d49f6fda166e20c098e9f,2026-08-18T03:46:47-04:00,10,coupled-refit-gfed5,coupled-refit-gfed5
models/C/params.Gtrop_Africa.k5.json,ffdc66380fae3120559b14c307f5bf3689f96764,model/other-models/commit-artifacts/by-path/models/C/params.Gtrop_Africa.k5.ffdc66380fae3120559b14c307f5bf3689f96764.json,3128be5602645ce55f3e4c326eaa4f69018fa96671e7e117208d9e072692954e,1747,100644,model-parameters,I,optimizer-checkpoint,Model C (coupled-consistent retune; drivers + GPP from Lei's ED dump; GFED5 target),14,17,53582d73a70c373a9a1774003f8d735935631f8f,2026-08-06T13:55:21-04:00,11ee71418e597e977a4d49f6fda166e20c098e9f,2026-08-18T03:46:47-04:00,10,coupled-refit-gfed5,coupled-refit-gfed5
models/C/params.Gtrop_Australia.json,43043cc8202101cfb1ed6c2896fc68ee65c458ec,model/other-models/commit-artifacts/by-path/models/C/params.Gtrop_Australia.43043cc8202101cfb1ed6c2896fc68ee65c458ec.json,878c7722ca95e9764384b4f97355d4fa258ef92d2e0e1337c379787e9ed8d8b3,1628,100644,model-parameters,I,committed-parameter-set,Model C (coupled-consistent retune; drivers + GPP from Lei's ED dump; GFED5 target),14,13,53582d73a70c373a9a1774003f8d735935631f8f,2026-08-06T13:55:21-04:00,11ee71418e597e977a4d49f6fda166e20c098e9f,2026-08-18T03:46:47-04:00,10,coupled-refit-gfed5,coupled-refit-gfed5
models/C/params.Gtrop_Australia.k1.json,06244cf6fc9a383ad7eaf669291edd3a7211da57,model/other-models/commit-artifacts/by-path/models/C/params.Gtrop_Australia.k1.06244cf6fc9a383ad7eaf669291edd3a7211da57.json,dbd82d60558b8bc6eb6dcf41591207eb6fe705ed9b644b1c999727b244c05d81,1745,100644,model-parameters,I,optimizer-checkpoint,Model C (coupled-consistent retune; drivers + GPP from Lei's ED dump; GFED5 target),14,17,53582d73a70c373a9a1774003f8d735935631f8f,2026-08-06T13:55:21-04:00,11ee71418e597e977a4d49f6fda166e20c098e9f,2026-08-18T03:46:47-04:00,10,coupled-refit-gfed5,coupled-refit-gfed5
models/C/params.Gtrop_Australia.k2.json,43ae1287b9bda43f6aad9830a73860492f32166a,model/other-models/commit-artifacts/by-path/models/C/params.Gtrop_Australia.k2.43ae1287b9bda43f6aad9830a73860492f32166a.json,878efb38c4f7c8176fc56a4f0f12542fd2742a6919bb1b94c4357d53fc183182,1745,100644,model-parameters,I,optimizer-checkpoint,Model C (coupled-consistent retune; drivers + GPP from Lei's ED dump; GFED5 target),14,17,53582d73a70c373a9a1774003f8d735935631f8f,2026-08-06T13:55:21-04:00,11ee71418e597e977a4d49f6fda166e20c098e9f,2026-08-18T03:46:47-04:00,10,coupled-refit-gfed5,coupled-refit-gfed5
models/C/params.Gtrop_Australia.k3.json,3587e1821b2595fb20256614d0e8eb6930816174,model/other-models/commit-artifacts/by-path/models/C/params.Gtrop_Australia.k3.3587e1821b2595fb20256614d0e8eb6930816174.json,f6355c97f950fff0d98c20f5996fb9e6598f634a46b8d351b6c35dabb8a34421,1750,100644,model-parameters,I,optimizer-checkpoint,Model C (coupled-consistent retune; drivers + GPP from Lei's ED dump; GFED5 target),14,17,53582d73a70c373a9a1774003f8d735935631f8f,2026-08-06T13:55:21-04:00,11ee71418e597e977a4d49f6fda166e20c098e9f,2026-08-18T03:46:47-04:00,10,coupled-refit-gfed5,coupled-refit-gfed5
models/C/params.Gtrop_Australia.k4.json,c428256d776c0bd3e2373bda0de361795166a501,model/other-models/commit-artifacts/by-path/models/C/params.Gtrop_Australia.k4.c428256d776c0bd3e2373bda0de361795166a501.json,b5345079326d786e75b64755f7eddb027b4bb8aa0cc33f87fcb6c2a7a41f262e,1751,100644,model-parameters,I,optimizer-checkpoint,Model C (coupled-consistent retune; drivers + GPP from Lei's ED dump; GFED5 target),14,17,53582d73a70c373a9a1774003f8d735935631f8f,2026-08-06T13:55:21-04:00,11ee71418e597e977a4d49f6fda166e20c098e9f,2026-08-18T03:46:47-04:00,10,coupled-refit-gfed5,coupled-refit-gfed5
models/C/params.Gtrop_Australia.k5.json,fdb7e2b5a7b93bc741e31c6ef957bfacf056ea4d,model/other-models/commit-artifacts/by-path/models/C/params.Gtrop_Australia.k5.fdb7e2b5a7b93bc741e31c6ef957bfacf056ea4d.json,508605e454b76a0832bb669ddf9d0f1683666b85023b01fb57cf9f7255710c34,1750,100644,model-parameters,I,optimizer-checkpoint,Model C (coupled-consistent retune; drivers + GPP from Lei's ED dump; GFED5 target),14,17,53582d73a70c373a9a1774003f8d735935631f8f,2026-08-06T13:55:21-04:00,11ee71418e597e977a4d49f6fda166e20c098e9f,2026-08-18T03:46:47-04:00,10,coupled-refit-gfed5,coupled-refit-gfed5
models/C/params.Gtrop_Boreal.json,0e65984ebade590e37121b3a052996c55286e31e,model/other-models/commit-artifacts/by-path/models/C/params.Gtrop_Boreal.0e65984ebade590e37121b3a052996c55286e31e.json,324796af3c7dbc3f095f3c47228a715099baef37d47e09dbb3f62510b60dd8be,1628,100644,model-parameters,I,committed-parameter-set,Model C (coupled-consistent retune; drivers + GPP from Lei's ED dump; GFED5 target),14,13,53582d73a70c373a9a1774003f8d735935631f8f,2026-08-06T13:55:21-04:00,11ee71418e597e977a4d49f6fda166e20c098e9f,2026-08-18T03:46:47-04:00,10,coupled-refit-gfed5,coupled-refit-gfed5
models/C/params.Gtrop_Boreal.k1.json,3dec703d8c8238fed2286ab85f050d09062991e5,model/other-models/commit-artifacts/by-path/models/C/params.Gtrop_Boreal.k1.3dec703d8c8238fed2286ab85f050d09062991e5.json,9d3251b2b1fc6bb573e4cfc296aa6b8f943325f9b44ffe715c542ce1acf04da8,1745,100644,model-parameters,I,optimizer-checkpoint,Model C (coupled-consistent retune; drivers + GPP from Lei's ED dump; GFED5 target),14,17,53582d73a70c373a9a1774003f8d735935631f8f,2026-08-06T13:55:21-04:00,11ee71418e597e977a4d49f6fda166e20c098e9f,2026-08-18T03:46:47-04:00,10,coupled-refit-gfed5,coupled-refit-gfed5
models/C/params.Gtrop_Boreal.k2.json,10b0fb3ad6091d21c087a1b49f5d426c868ff6a4,model/other-models/commit-artifacts/by-path/models/C/params.Gtrop_Boreal.k2.10b0fb3ad6091d21c087a1b49f5d426c868ff6a4.json,c15f00c4af4cacf5f04dbc0b153688ae64a4adb29524e7d86b429174960a3867,1748,100644,model-parameters,I,optimizer-checkpoint,Model C (coupled-consistent retune; drivers + GPP from Lei's ED dump; GFED5 target),14,17,53582d73a70c373a9a1774003f8d735935631f8f,2026-08-06T13:55:21-04:00,11ee71418e597e977a4d49f6fda166e20c098e9f,2026-08-18T03:46:47-04:00,10,coupled-refit-gfed5,coupled-refit-gfed5
models/C/params.Gtrop_Boreal.k3.json,47dce0c9252b5235e3d4166e888bfa7eb65aae06,model/other-models/commit-artifacts/by-path/models/C/params.Gtrop_Boreal.k3.47dce0c9252b5235e3d4166e888bfa7eb65aae06.json,dd0d00e4e5ac2fee3b968fb21eb3dd405a190a9d6ba4ad25ac476e7d8553df73,1747,100644,model-parameters,I,optimizer-checkpoint,Model C (coupled-consistent retune; drivers + GPP from Lei's ED dump; GFED5 target),14,17,53582d73a70c373a9a1774003f8d735935631f8f,2026-08-06T13:55:21-04:00,11ee71418e597e977a4d49f6fda166e20c098e9f,2026-08-18T03:46:47-04:00,10,coupled-refit-gfed5,coupled-refit-gfed5
models/C/params.Gtrop_Boreal.k4.json,c5ef73cda78cb568cc84230a174b94421fa8d119,model/other-models/commit-artifacts/by-path/models/C/params.Gtrop_Boreal.k4.c5ef73cda78cb568cc84230a174b94421fa8d119.json,ef70f810580d72ba1323489c3f7af3037b107617f8f35dee79f651ab82aa3e39,1746,100644,model-parameters,I,optimizer-checkpoint,Model C (coupled-consistent retune; drivers + GPP from Lei's ED dump; GFED5 target),14,17,53582d73a70c373a9a1774003f8d735935631f8f,2026-08-06T13:55:21-04:00,11ee71418e597e977a4d49f6fda166e20c098e9f,2026-08-18T03:46:47-04:00,10,coupled-refit-gfed5,coupled-refit-gfed5
models/C/params.Gtrop_Boreal.k5.json,5426255a2932771d4f8faf7ae5124b1920f5b6d3,model/other-models/commit-artifacts/by-path/models/C/params.Gtrop_Boreal.k5.5426255a2932771d4f8faf7ae5124b1920f5b6d3.json,49a05023676774599aa71764ceb0d3e8296b9105f822d4e156243b6503b18b3c,1748,100644,model-parameters,I,optimizer-checkpoint,Model C (coupled-consistent retune; drivers + GPP from Lei's ED dump; GFED5 target),14,17,53582d73a70c373a9a1774003f8d735935631f8f,2026-08-06T13:55:21-04:00,11ee71418e597e977a4d49f6fda166e20c098e9f,2026-08-18T03:46:47-04:00,10,coupled-refit-gfed5,coupled-refit-gfed5
models/C/params.Gtrop_Europe.json,76b395676adf30c1d4253ce4f27be69113976b07,model/other-models/commit-artifacts/by-path/models/C/params.Gtrop_Europe.76b395676adf30c1d4253ce4f27be69113976b07.json,4d3f7985fbfe00bd48d0e8f691d5c3114dbe8ce3b0bc92a1e323b5dff2cacf48,1636,100644,model-parameters,I,committed-parameter-set,Model C (coupled-consistent retune; drivers + GPP from Lei's ED dump; GFED5 target),14,13,53582d73a70c373a9a1774003f8d735935631f8f,2026-08-06T13:55:21-04:00,11ee71418e597e977a4d49f6fda166e20c098e9f,2026-08-18T03:46:47-04:00,10,coupled-refit-gfed5,coupled-refit-gfed5
models/C/params.Gtrop_Europe.k1.json,87e0db83d1705f93beef5929aac168cb36c6d392,model/other-models/commit-artifacts/by-path/models/C/params.Gtrop_Europe.k1.87e0db83d1705f93beef5929aac168cb36c6d392.json,2f83416ffcc6468195e2b82f662f00dc84cc826408127af7db05dcb2d5dc9d53,1753,100644,model-parameters,I,optimizer-checkpoint,Model C (coupled-consistent retune; drivers + GPP from Lei's ED dump; GFED5 target),14,17,53582d73a70c373a9a1774003f8d735935631f8f,2026-08-06T13:55:21-04:00,11ee71418e597e977a4d49f6fda166e20c098e9f,2026-08-18T03:46:47-04:00,10,coupled-refit-gfed5,coupled-refit-gfed5
models/C/params.Gtrop_Europe.k2.json,4b5ec5a095ba426311302720bbf9ba9401886fd3,model/other-models/commit-artifacts/by-path/models/C/params.Gtrop_Europe.k2.4b5ec5a095ba426311302720bbf9ba9401886fd3.json,776c649a113159cbf6bbf4b470fcc7a036d8920b6bf0d5da0efda78ebaa830bc,1753,100644,model-parameters,I,optimizer-checkpoint,Model C (coupled-consistent retune; drivers + GPP from Lei's ED dump; GFED5 target),14,17,53582d73a70c373a9a1774003f8d735935631f8f,2026-08-06T13:55:21-04:00,11ee71418e597e977a4d49f6fda166e20c098e9f,2026-08-18T03:46:47-04:00,10,coupled-refit-gfed5,coupled-refit-gfed5
models/C/params.Gtrop_Europe.k3.json,a4ebcee505d78545bbcc66fa65085947057ee9a7,model/other-models/commit-artifacts/by-path/models/C/params.Gtrop_Europe.k3.a4ebcee505d78545bbcc66fa65085947057ee9a7.json,f03fe9e8e9b97086450944e5dc830cac42b101854a1c8d2618da8b157092caa5,1757,100644,model-parameters,I,optimizer-checkpoint,Model C (coupled-consistent retune; drivers + GPP from Lei's ED dump; GFED5 target),14,17,53582d73a70c373a9a1774003f8d735935631f8f,2026-08-06T13:55:21-04:00,11ee71418e597e977a4d49f6fda166e20c098e9f,2026-08-18T03:46:47-04:00,10,coupled-refit-gfed5,coupled-refit-gfed5
models/C/params.Gtrop_Europe.k4.json,ff7050a0bbadec96f346e99f587a48613e5a3969,model/other-models/commit-artifacts/by-path/models/C/params.Gtrop_Europe.k4.ff7050a0bbadec96f346e99f587a48613e5a3969.json,481e3c47a3ec3efcf4a4e148a718b5fa8c1155ba37729a7981261b006ce95508,1749,100644,model-parameters,I,optimizer-checkpoint,Model C (coupled-consistent retune; drivers + GPP from Lei's ED dump; GFED5 target),14,17,53582d73a70c373a9a1774003f8d735935631f8f,2026-08-06T13:55:21-04:00,11ee71418e597e977a4d49f6fda166e20c098e9f,2026-08-18T03:46:47-04:00,10,coupled-refit-gfed5,coupled-refit-gfed5
models/C/params.Gtrop_NAmerica.json,66b7228a8e10a4037769a60d1866d7db44f84345,model/other-models/commit-artifacts/by-path/models/C/params.Gtrop_NAmerica.66b7228a8e10a4037769a60d1866d7db44f84345.json,926d56904e5e345cb8c375389255403bce0cded7d86d02c3260622ab5a7f4bc0,1635,100644,model-parameters,I,committed-parameter-set,Model C (coupled-consistent retune; drivers + GPP from Lei's ED dump; GFED5 target),14,13,53582d73a70c373a9a1774003f8d735935631f8f,2026-08-06T13:55:21-04:00,11ee71418e597e977a4d49f6fda166e20c098e9f,2026-08-18T03:46:47-04:00,10,coupled-refit-gfed5,coupled-refit-gfed5
models/C/params.Gtrop_NAmerica.k1.json,fb963bc5498fd7ab423d146a25387626f0ca51b9,model/other-models/commit-artifacts/by-path/models/C/params.Gtrop_NAmerica.k1.fb963bc5498fd7ab423d146a25387626f0ca51b9.json,2bf2d1cbe52a87410ed1d4b26439b5de1ded246610634fb1df3da10d3fc55533,1752,100644,model-parameters,I,optimizer-checkpoint,Model C (coupled-consistent retune; drivers + GPP from Lei's ED dump; GFED5 target),14,17,53582d73a70c373a9a1774003f8d735935631f8f,2026-08-06T13:55:21-04:00,11ee71418e597e977a4d49f6fda166e20c098e9f,2026-08-18T03:46:47-04:00,10,coupled-refit-gfed5,coupled-refit-gfed5
models/C/params.Gtrop_NAmerica.k2.json,d15e9cd4edc6af1ffbbdae069dc618b095bc3e14,model/other-models/commit-artifacts/by-path/models/C/params.Gtrop_NAmerica.k2.d15e9cd4edc6af1ffbbdae069dc618b095bc3e14.json,7ac69539b9c8ba6d63177ab4a1d84668168bd9606c377f8bb5c5e77dc5c80a74,1747,100644,model-parameters,I,optimizer-checkpoint,Model C (coupled-consistent retune; drivers + GPP from Lei's ED dump; GFED5 target),14,17,53582d73a70c373a9a1774003f8d735935631f8f,2026-08-06T13:55:21-04:00,11ee71418e597e977a4d49f6fda166e20c098e9f,2026-08-18T03:46:47-04:00,10,coupled-refit-gfed5,coupled-refit-gfed5
models/C/params.Gtrop_NAmerica.k3.json,842b88a53bb3b11f70b566d70a36cbcb5dade39c,model/other-models/commit-artifacts/by-path/models/C/params.Gtrop_NAmerica.k3.842b88a53bb3b11f70b566d70a36cbcb5dade39c.json,742ea722a5c79e9649af440a9e794fb1fb5a532442513c6710f0b2cb1efdb6d3,1750,100644,model-parameters,I,optimizer-checkpoint,Model C (coupled-consistent retune; drivers + GPP from Lei's ED dump; GFED5 target),14,17,53582d73a70c373a9a1774003f8d735935631f8f,2026-08-06T13:55:21-04:00,11ee71418e597e977a4d49f6fda166e20c098e9f,2026-08-18T03:46:47-04:00,10,coupled-refit-gfed5,coupled-refit-gfed5
models/C/params.Gtrop_NAmerica.k4.json,105cfb764c68eb8a881f68048a531329660897d8,model/other-models/commit-artifacts/by-path/models/C/params.Gtrop_NAmerica.k4.105cfb764c68eb8a881f68048a531329660897d8.json,78f581322fc91357c98c28fd77df83acae860ec2457ff10c6f6004bad555d9e4,1750,100644,model-parameters,I,optimizer-checkpoint,Model C (coupled-consistent retune; drivers + GPP from Lei's ED dump; GFED5 target),14,17,53582d73a70c373a9a1774003f8d735935631f8f,2026-08-06T13:55:21-04:00,11ee71418e597e977a4d49f6fda166e20c098e9f,2026-08-18T03:46:47-04:00,10,coupled-refit-gfed5,coupled-refit-gfed5
models/C/params.Gtrop_NAmerica.k5.json,885e4310e66ed245ab7fdc44ca784afe28a065ef,model/other-models/commit-artifacts/by-path/models/C/params.Gtrop_NAmerica.k5.885e4310e66ed245ab7fdc44ca784afe28a065ef.json,3643788017c8bab12d77f2a320f3de854b316fae008892ae90d77aee3a6d544b,1750,100644,model-parameters,I,optimizer-checkpoint,Model C (coupled-consistent retune; drivers + GPP from Lei's ED dump; GFED5 target),14,17,53582d73a70c373a9a1774003f8d735935631f8f,2026-08-06T13:55:21-04:00,11ee71418e597e977a4d49f6fda166e20c098e9f,2026-08-18T03:46:47-04:00,10,coupled-refit-gfed5,coupled-refit-gfed5
models/C/params.Gtrop_SAmerica.json,a706c7cee671ac0863bef1f4f94360c64569993a,model/other-models/commit-artifacts/by-path/models/C/params.Gtrop_SAmerica.a706c7cee671ac0863bef1f4f94360c64569993a.json,4d877f19d6ac2a13cc35d403258e2fd1de0c428d8279d732c2291b03932153e5,1639,100644,model-parameters,I,committed-parameter-set,Model C (coupled-consistent retune; drivers + GPP from Lei's ED dump; GFED5 target),14,13,53582d73a70c373a9a1774003f8d735935631f8f,2026-08-06T13:55:21-04:00,11ee71418e597e977a4d49f6fda166e20c098e9f,2026-08-18T03:46:47-04:00,10,coupled-refit-gfed5,coupled-refit-gfed5
models/C/params.Gtrop_SAmerica.k1.json,1a9de0153281361bf6c8441ab9085c2df9a0c1c8,model/other-models/commit-artifacts/by-path/models/C/params.Gtrop_SAmerica.k1.1a9de0153281361bf6c8441ab9085c2df9a0c1c8.json,0edcfab00aa1abb65d38866fbe458a6fb7f9022e25902432b4a87c3800eda2f8,1756,100644,model-parameters,I,optimizer-checkpoint,Model C (coupled-consistent retune; drivers + GPP from Lei's ED dump; GFED5 target),14,17,53582d73a70c373a9a1774003f8d735935631f8f,2026-08-06T13:55:21-04:00,11ee71418e597e977a4d49f6fda166e20c098e9f,2026-08-18T03:46:47-04:00,10,coupled-refit-gfed5,coupled-refit-gfed5
models/C/params.Gtrop_SAmerica.k2.json,80845906535b0670b8d988e3cd2c7d99d3606d39,model/other-models/commit-artifacts/by-path/models/C/params.Gtrop_SAmerica.k2.80845906535b0670b8d988e3cd2c7d99d3606d39.json,86abbf62b8ad3ada46593a4ba68e8741801a06316fabf4b0295149c9665d89c5,1747,100644,model-parameters,I,optimizer-checkpoint,Model C (coupled-consistent retune; drivers + GPP from Lei's ED dump; GFED5 target),14,17,53582d73a70c373a9a1774003f8d735935631f8f,2026-08-06T13:55:21-04:00,11ee71418e597e977a4d49f6fda166e20c098e9f,2026-08-18T03:46:47-04:00,10,coupled-refit-gfed5,coupled-refit-gfed5
models/C/params.Gtrop_SAmerica.k3.json,b22b9eb32d77dd3c7b050f84d33c5f7a0c390251,model/other-models/commit-artifacts/by-path/models/C/params.Gtrop_SAmerica.k3.b22b9eb32d77dd3c7b050f84d33c5f7a0c390251.json,88f1a4f8e7e7b024b9ed128f6ce9a01d7585c8848e2d55fef420247047d8f8f8,1757,100644,model-parameters,I,optimizer-checkpoint,Model C (coupled-consistent retune; drivers + GPP from Lei's ED dump; GFED5 target),14,17,53582d73a70c373a9a1774003f8d735935631f8f,2026-08-06T13:55:21-04:00,11ee71418e597e977a4d49f6fda166e20c098e9f,2026-08-18T03:46:47-04:00,10,coupled-refit-gfed5,coupled-refit-gfed5
models/C/params.Gtrop_SAmerica.k4.json,450622b2c463d4e8a987c2ccf617116e08bf5d7c,model/other-models/commit-artifacts/by-path/models/C/params.Gtrop_SAmerica.k4.450622b2c463d4e8a987c2ccf617116e08bf5d7c.json,a4841c02d95d573f9bd1903e0d6c042e3959b5bef3b287632ec5bbd8457d3939,1750,100644,model-parameters,I,optimizer-checkpoint,Model C (coupled-consistent retune; drivers + GPP from Lei's ED dump; GFED5 target),14,17,53582d73a70c373a9a1774003f8d735935631f8f,2026-08-06T13:55:21-04:00,11ee71418e597e977a4d49f6fda166e20c098e9f,2026-08-18T03:46:47-04:00,10,coupled-refit-gfed5,coupled-refit-gfed5
models/C/params.Gtrop_SAmerica.k5.json,2cd74b7f465fb964843d4cc7ea07586508b6fde5,model/other-models/commit-artifacts/by-path/models/C/params.Gtrop_SAmerica.k5.2cd74b7f465fb964843d4cc7ea07586508b6fde5.json,14a2b2b80303fc718c623c309e704766c319e18e519e354c6bc3efd3730dc9b7,1751,100644,model-parameters,I,optimizer-checkpoint,Model C (coupled-consistent retune; drivers + GPP from Lei's ED dump; GFED5 target),14,17,53582d73a70c373a9a1774003f8d735935631f8f,2026-08-06T13:55:21-04:00,11ee71418e597e977a4d49f6fda166e20c098e9f,2026-08-18T03:46:47-04:00,10,coupled-refit-gfed5,coupled-refit-gfed5
models/C/params.Gtrop_SEAsia.json,5e291ecd7226d2336b3101e0951f941959f710ea,model/other-models/commit-artifacts/by-path/models/C/params.Gtrop_SEAsia.5e291ecd7226d2336b3101e0951f941959f710ea.json,9d59a0119f3fcc68168ba53750877df12b8f1ee2b5639f4503a4f6ab8c837a7c,1630,100644,model-parameters,I,committed-parameter-set,Model C (coupled-consistent retune; drivers + GPP from Lei's ED dump; GFED5 target),14,13,53582d73a70c373a9a1774003f8d735935631f8f,2026-08-06T13:55:21-04:00,11ee71418e597e977a4d49f6fda166e20c098e9f,2026-08-18T03:46:47-04:00,10,coupled-refit-gfed5,coupled-refit-gfed5
models/C/params.Gtrop_SEAsia.k1.json,40866ae89922efd0aa010de5c0ae17dc833d216a,model/other-models/commit-artifacts/by-path/models/C/params.Gtrop_SEAsia.k1.40866ae89922efd0aa010de5c0ae17dc833d216a.json,ac54b617694e2712a71805cdc8b3bd5bf3dffa6b6e05cf49cdfaa3a402f1b0c3,1746,100644,model-parameters,I,optimizer-checkpoint,Model C (coupled-consistent retune; drivers + GPP from Lei's ED dump; GFED5 target),14,17,53582d73a70c373a9a1774003f8d735935631f8f,2026-08-06T13:55:21-04:00,11ee71418e597e977a4d49f6fda166e20c098e9f,2026-08-18T03:46:47-04:00,10,coupled-refit-gfed5,coupled-refit-gfed5
models/C/params.Gtrop_SEAsia.k2.json,cf21e2957b0a535ffc729ded011aa0f3c77ccd06,model/other-models/commit-artifacts/by-path/models/C/params.Gtrop_SEAsia.k2.cf21e2957b0a535ffc729ded011aa0f3c77ccd06.json,a6991c5af5424794859b9ed8bb19c32da015a5ebf9988cf9439f37385a11cee9,1746,100644,model-parameters,I,optimizer-checkpoint,Model C (coupled-consistent retune; drivers + GPP from Lei's ED dump; GFED5 target),14,17,53582d73a70c373a9a1774003f8d735935631f8f,2026-08-06T13:55:21-04:00,11ee71418e597e977a4d49f6fda166e20c098e9f,2026-08-18T03:46:47-04:00,10,coupled-refit-gfed5,coupled-refit-gfed5
models/C/params.Gtrop_SEAsia.k3.json,a7fc3d312f72e486df7d123ec7e522a9a129ff40,model/other-models/commit-artifacts/by-path/models/C/params.Gtrop_SEAsia.k3.a7fc3d312f72e486df7d123ec7e522a9a129ff40.json,40466708438e8aea89f6c15604111f9f0d0a2281bf4e774352beb89ca3432875,1744,100644,model-parameters,I,optimizer-checkpoint,Model C (coupled-consistent retune; drivers + GPP from Lei's ED dump; GFED5 target),14,17,53582d73a70c373a9a1774003f8d735935631f8f,2026-08-06T13:55:21-04:00,11ee71418e597e977a4d49f6fda166e20c098e9f,2026-08-18T03:46:47-04:00,10,coupled-refit-gfed5,coupled-refit-gfed5
models/C/params.Gtrop_SEAsia.k4.json,db9afa2c954fb74ab394a6987e8a42bfbb82afa1,model/other-models/commit-artifacts/by-path/models/C/params.Gtrop_SEAsia.k4.db9afa2c954fb74ab394a6987e8a42bfbb82afa1.json,9402f545d9487c8166228e7e6bb3264fe28aadfadf217a70e0846d6bb71569d7,1744,100644,model-parameters,I,optimizer-checkpoint,Model C (coupled-consistent retune; drivers + GPP from Lei's ED dump; GFED5 target),14,17,53582d73a70c373a9a1774003f8d735935631f8f,2026-08-06T13:55:21-04:00,11ee71418e597e977a4d49f6fda166e20c098e9f,2026-08-18T03:46:47-04:00,10,coupled-refit-gfed5,coupled-refit-gfed5
models/C/params.Gtrop_SEAsia.k5.json,a7c1f1717ef43283e783c09cdf0f5e7a3debf5a6,model/other-models/commit-artifacts/by-path/models/C/params.Gtrop_SEAsia.k5.a7c1f1717ef43283e783c09cdf0f5e7a3debf5a6.json,32b565a643d9ca0e4ce375165f7f23a3b08ca7c0ca9770d0c3deac44fbd8d441,1745,100644,model-parameters,I,optimizer-checkpoint,Model C (coupled-consistent retune; drivers + GPP from Lei's ED dump; GFED5 target),14,17,53582d73a70c373a9a1774003f8d735935631f8f,2026-08-06T13:55:21-04:00,11ee71418e597e977a4d49f6fda166e20c098e9f,2026-08-18T03:46:47-04:00,10,coupled-refit-gfed5,coupled-refit-gfed5
models/C/params.H.json,9febbd43fe5c765eca3485c18c11be39a18288d1,model/other-models/commit-artifacts/by-path/models/C/params.H.9febbd43fe5c765eca3485c18c11be39a18288d1.json,fbae72395a12981f09e393579fcf005ed9bec3e49e9c76f0bc246cc731c3d56d,1598,100644,model-parameters,H,committed-parameter-set,Model C (coupled-consistent retune; drivers + GPP from Lei's ED dump; GFED5 target),13,13,d2403d4477076187d97b4870a580e8764041710a,2026-08-06T03:30:34-04:00,11ee71418e597e977a4d49f6fda166e20c098e9f,2026-08-18T03:46:47-04:00,13,coupled-refit-gfed5,coupled-refit-gfed5
models/C/params.H.k1.json,f644fcdcb9fdadd45bc1369dc93cb55059642b0b,model/other-models/commit-artifacts/by-path/models/C/params.H.k1.f644fcdcb9fdadd45bc1369dc93cb55059642b0b.json,263628f7b354cb1ace70376d5be8ca4aab9608aab0c777e95771bcabda8ec2db,1715,100644,model-parameters,H,optimizer-checkpoint,Model C (coupled-consistent retune; drivers + GPP from Lei's ED dump; GFED5 target),13,17,3fb01b4a06f1eddc8f9ac0ed73788ab6ee8f57bb,2026-08-18T03:46:27-04:00,11ee71418e597e977a4d49f6fda166e20c098e9f,2026-08-18T03:46:47-04:00,3,coupled-refit-gfed5,coupled-refit-gfed5
models/C/params.H.k2.json,d75047f14c8926a24dcae1970fad311f3aa936f2,model/other-models/commit-artifacts/by-path/models/C/params.H.k2.d75047f14c8926a24dcae1970fad311f3aa936f2.json,233d429b1721639ccfe20e1af8975df83cc69fcef3cafb5ee1a87199d4276c1d,1712,100644,model-parameters,H,optimizer-checkpoint,Model C (coupled-consistent retune; drivers + GPP from Lei's ED dump; GFED5 target),13,17,3fb01b4a06f1eddc8f9ac0ed73788ab6ee8f57bb,2026-08-18T03:46:27-04:00,11ee71418e597e977a4d49f6fda166e20c098e9f,2026-08-18T03:46:47-04:00,3,coupled-refit-gfed5,coupled-refit-gfed5
models/C/params.H.k3.json,1890c68165d364ba48019d97bbb07e486d5be611,model/other-models/commit-artifacts/by-path/models/C/params.H.k3.1890c68165d364ba48019d97bbb07e486d5be611.json,0e53f52540099917f6842c465f6709d9bce027107b7818a2aacd050149ed0f81,1713,100644,model-parameters,H,optimizer-checkpoint,Model C (coupled-consistent retune; drivers + GPP from Lei's ED dump; GFED5 target),13,17,3fb01b4a06f1eddc8f9ac0ed73788ab6ee8f57bb,2026-08-18T03:46:27-04:00,11ee71418e597e977a4d49f6fda166e20c098e9f,2026-08-18T03:46:47-04:00,3,coupled-refit-gfed5,coupled-refit-gfed5
models/C/params.H.k4.json,dd1e64ac7eb01630bb34da34687d94d8dde0b16f,model/other-models/commit-artifacts/by-path/models/C/params.H.k4.dd1e64ac7eb01630bb34da34687d94d8dde0b16f.json,cfb7c77f4ae7a2f8de9f9e6678a2903e223c9c3b2f8fe39e2a87e1e5afb313f2,1709,100644,model-parameters,H,optimizer-checkpoint,Model C (coupled-consistent retune; drivers + GPP from Lei's ED dump; GFED5 target),13,17,3fb01b4a06f1eddc8f9ac0ed73788ab6ee8f57bb,2026-08-18T03:46:27-04:00,11ee71418e597e977a4d49f6fda166e20c098e9f,2026-08-18T03:46:47-04:00,3,coupled-refit-gfed5,coupled-refit-gfed5
models/C/params.H.k5.json,909ed04b775893d0b88b79731f9783cf664bea78,model/other-models/commit-artifacts/by-path/models/C/params.H.k5.909ed04b775893d0b88b79731f9783cf664bea78.json,6bcc2511e1ca9c726649864270bdce29d5b424dac0b2737aff309493edd6a8c9,1712,100644,model-parameters,H,optimizer-checkpoint,Model C (coupled-consistent retune; drivers + GPP from Lei's ED dump; GFED5 target),13,17,3fb01b4a06f1eddc8f9ac0ed73788ab6ee8f57bb,2026-08-18T03:46:27-04:00,11ee71418e597e977a4d49f6fda166e20c098e9f,2026-08-18T03:46:47-04:00,3,coupled-refit-gfed5,coupled-refit-gfed5
models/C/params.PRE-coupled.json,f0ff71ef6db0cb8857ae40fdebed04007e363f00,model/other-models/commit-artifacts/by-path/models/C/params.PRE-coupled.f0ff71ef6db0cb8857ae40fdebed04007e363f00.json,3afbd924394ac557b7cc08413c43cfb3e1ffb9f1f84d599d25bc8ddfd9a2764b,1594,100644,model-parameters,C-development,predecessor,Model C (ED-coupled-consistent retune; rank #1 at 0.6713),12,11,9d346449731a4cf73f2a0787e0439571fbaf7e2a,2026-06-01T22:14:12-04:00,11ee71418e597e977a4d49f6fda166e20c098e9f,2026-08-18T03:46:47-04:00,89,main;coupled-refit-gfed5;modelD-paper-params,coupled-refit-gfed5
models/C/params.PRE-tropfix2.json,b3f96472307f86f0cff190afd1252ab86015e18e,model/other-models/commit-artifacts/by-path/models/C/params.PRE-tropfix2.b3f96472307f86f0cff190afd1252ab86015e18e.json,fde7fab8cf0a91b742cfd9a5c2b9b0602e57c3ce5eb6957794d038541622b7de,1512,100644,model-parameters,C-development,predecessor,Model C (coupled-consistent retune; drivers + GPP from Lei's ED dump; GFED5 target),12,13,7eee8b1cea3d8f317b80c7f62c5d76842702470f,2026-06-08T17:25:24-04:00,11ee71418e597e977a4d49f6fda166e20c098e9f,2026-08-18T03:46:47-04:00,80,main;coupled-refit-gfed5;modelD-paper-params,coupled-refit-gfed5
models/C/params.africa.json,51e916fc2639b711ae71048a4453fb03985d638f,model/other-models/commit-artifacts/by-path/models/C/params.africa.51e916fc2639b711ae71048a4453fb03985d638f.json,f7279da1b71f96b225ae7d932b594860344c4b5807562ee8da8593e0cf77f322,1660,100644,model-parameters,C-development,committed-parameter-set,Model C (coupled-consistent retune; drivers + GPP from Lei's ED dump; GFED5 target),15,13,9451d1a02dfc9dd582c64e581e8045cfdcf67aa9,2026-06-10T20:57:03-04:00,11ee71418e597e977a4d49f6fda166e20c098e9f,2026-08-18T03:46:47-04:00,65,main;coupled-refit-gfed5;modelD-paper-params,coupled-refit-gfed5
models/C/params.africa.k1.json,5650f643d5c8f2821d827d3399b34564a522376b,model/other-models/commit-artifacts/by-path/models/C/params.africa.k1.5650f643d5c8f2821d827d3399b34564a522376b.json,692fa8f18e0abd561ae98e07ea5505d9e263bfa6bff103030a609572074ae017,1776,100644,model-parameters,C-development,optimizer-checkpoint,Model C (coupled-consistent retune; drivers + GPP from Lei's ED dump; GFED5 target),15,17,9451d1a02dfc9dd582c64e581e8045cfdcf67aa9,2026-06-10T20:57:03-04:00,11ee71418e597e977a4d49f6fda166e20c098e9f,2026-08-18T03:46:47-04:00,65,main;coupled-refit-gfed5;modelD-paper-params,coupled-refit-gfed5
models/C/params.africa.k2.json,b93b146b3b7cd79300fe637fe8d38b6622c2a54f,model/other-models/commit-artifacts/by-path/models/C/params.africa.k2.b93b146b3b7cd79300fe637fe8d38b6622c2a54f.json,0d5f6b525b4cf8f1d7c39614fe035d9977d661f76169de748d0e5f1929c92741,1775,100644,model-parameters,C-development,optimizer-checkpoint,Model C (coupled-consistent retune; drivers + GPP from Lei's ED dump; GFED5 target),15,17,9451d1a02dfc9dd582c64e581e8045cfdcf67aa9,2026-06-10T20:57:03-04:00,11ee71418e597e977a4d49f6fda166e20c098e9f,2026-08-18T03:46:47-04:00,65,main;coupled-refit-gfed5;modelD-paper-params,coupled-refit-gfed5
models/C/params.africa.k3.json,b6b74d8d0c9ca63163f0a9139f558502ad27d9ce,model/other-models/commit-artifacts/by-path/models/C/params.africa.k3.b6b74d8d0c9ca63163f0a9139f558502ad27d9ce.json,23044448608679d7d1be57d978718244bfc0afe7b8f3dd97567c019dce464af3,1783,100644,model-parameters,C-development,optimizer-checkpoint,Model C (coupled-consistent retune; drivers + GPP from Lei's ED dump; GFED5 target),15,17,9451d1a02dfc9dd582c64e581e8045cfdcf67aa9,2026-06-10T20:57:03-04:00,11ee71418e597e977a4d49f6fda166e20c098e9f,2026-08-18T03:46:47-04:00,65,main;coupled-refit-gfed5;modelD-paper-params,coupled-refit-gfed5
models/C/params.africa.k4.json,539aa478cbfef57cab2adb93b19461bb9f18a07f,model/other-models/commit-artifacts/by-path/models/C/params.africa.k4.539aa478cbfef57cab2adb93b19461bb9f18a07f.json,ff0c0eb21717b08721bef023e0a3b455d9ae5f733309776d609c2e91a238ef9c,1784,100644,model-parameters,C-development,optimizer-checkpoint,Model C (coupled-consistent retune; drivers + GPP from Lei's ED dump; GFED5 target),15,17,9451d1a02dfc9dd582c64e581e8045cfdcf67aa9,2026-06-10T20:57:03-04:00,11ee71418e597e977a4d49f6fda166e20c098e9f,2026-08-18T03:46:47-04:00,65,main;coupled-refit-gfed5;modelD-paper-params,coupled-refit-gfed5
models/C/params.africacell.json,bf424a12f32a4e3f4fe66f7bfeee59c78c3a1adf,model/other-models/commit-artifacts/by-path/models/C/params.africacell.bf424a12f32a4e3f4fe66f7bfeee59c78c3a1adf.json,7abffd99dfe67442b0d2e9320ac43201f4bfc43e38307ef3dbe0c14c54174702,1696,100644,model-parameters,C-development,held-out-cells,Model C (coupled-consistent retune; drivers + GPP from Lei's ED dump; GFED5 target),16,13,0db07563d93cdb045e5dec86d00d2294d5a50ac5,2026-06-11T16:10:05-04:00,11ee71418e597e977a4d49f6fda166e20c098e9f,2026-08-18T03:46:47-04:00,55,main;coupled-refit-gfed5;modelD-paper-params,coupled-refit-gfed5
models/C/params.africafuel.json,7d59b1c519d9b9c92033a2964c221c5a52b4a481,model/other-models/commit-artifacts/by-path/models/C/params.africafuel.7d59b1c519d9b9c92033a2964c221c5a52b4a481.json,0d0f30827867f2a720b3956bf1b4c91228ff88b0d0ca834b6303d1bacfbb6282,1698,100644,model-parameters,C-development,committed-parameter-set,Model C (coupled-consistent retune; drivers + GPP from Lei's ED dump; GFED5 target),16,13,b77e29553af06505a26e3b0056bc4953846ee1c6,2026-06-10T23:29:21-04:00,11ee71418e597e977a4d49f6fda166e20c098e9f,2026-08-18T03:46:47-04:00,62,main;coupled-refit-gfed5;modelD-paper-params,coupled-refit-gfed5
models/C/params.africafuel.k1.json,af973f0fbb3fe36c299dae27495d726251c8cd70,model/other-models/commit-artifacts/by-path/models/C/params.africafuel.k1.af973f0fbb3fe36c299dae27495d726251c8cd70.json,8c5e834459459ec63f4b08211848e7f88c5e8866d41925e3fdf0428928e571c6,1815,100644,model-parameters,C-development,optimizer-checkpoint,Model C (coupled-consistent retune; drivers + GPP from Lei's ED dump; GFED5 target),16,17,b77e29553af06505a26e3b0056bc4953846ee1c6,2026-06-10T23:29:21-04:00,11ee71418e597e977a4d49f6fda166e20c098e9f,2026-08-18T03:46:47-04:00,62,main;coupled-refit-gfed5;modelD-paper-params,coupled-refit-gfed5
models/C/params.africafuel.k2.json,7424e9fd9b341cd31367df362677a1a1b35ab571,model/other-models/commit-artifacts/by-path/models/C/params.africafuel.k2.7424e9fd9b341cd31367df362677a1a1b35ab571.json,084d291bfd933285a084bf263ea1cb2ac18a73961ffcc9024d94b86a95b02e29,1815,100644,model-parameters,C-development,optimizer-checkpoint,Model C (coupled-consistent retune; drivers + GPP from Lei's ED dump; GFED5 target),16,17,b77e29553af06505a26e3b0056bc4953846ee1c6,2026-06-10T23:29:21-04:00,11ee71418e597e977a4d49f6fda166e20c098e9f,2026-08-18T03:46:47-04:00,62,main;coupled-refit-gfed5;modelD-paper-params,coupled-refit-gfed5
models/C/params.africafuel.k3.json,3bc3014a5ba3157337eed082b174c088c9d2b647,model/other-models/commit-artifacts/by-path/models/C/params.africafuel.k3.3bc3014a5ba3157337eed082b174c088c9d2b647.json,57b5500b9a718079f13db5a9de00d1d30f18aea9ccafa43d2a86fdc2be511152,1815,100644,model-parameters,C-development,optimizer-checkpoint,Model C (coupled-consistent retune; drivers + GPP from Lei's ED dump; GFED5 target),16,17,b77e29553af06505a26e3b0056bc4953846ee1c6,2026-06-10T23:29:21-04:00,11ee71418e597e977a4d49f6fda166e20c098e9f,2026-08-18T03:46:47-04:00,62,main;coupled-refit-gfed5;modelD-paper-params,coupled-refit-gfed5
models/C/params.africafuel.k4.json,8bc5284292b9e6e33d31892f7b53f115e2204569,model/other-models/commit-artifacts/by-path/models/C/params.africafuel.k4.8bc5284292b9e6e33d31892f7b53f115e2204569.json,678812c0a5f1d599873b639c6f82cdb179cb43def50cafd940a2f697e52e1cdf,1809,100644,model-parameters,C-development,optimizer-checkpoint,Model C (coupled-consistent retune; drivers + GPP from Lei's ED dump; GFED5 target),16,17,b77e29553af06505a26e3b0056bc4953846ee1c6,2026-06-10T23:29:21-04:00,11ee71418e597e977a4d49f6fda166e20c098e9f,2026-08-18T03:46:47-04:00,62,main;coupled-refit-gfed5;modelD-paper-params,coupled-refit-gfed5
models/C/params.africafuel.k5.json,b2a78b2679cb90f989f10bffa6d2db8935f04aa0,model/other-models/commit-artifacts/by-path/models/C/params.africafuel.k5.b2a78b2679cb90f989f10bffa6d2db8935f04aa0.json,f8179c415f32615aa7fbe138dceefc9600089c6ce1b373a9bbde1181a33151ff,1813,100644,model-parameters,C-development,optimizer-checkpoint,Model C (coupled-consistent retune; drivers + GPP from Lei's ED dump; GFED5 target),16,17,b77e29553af06505a26e3b0056bc4953846ee1c6,2026-06-10T23:29:21-04:00,11ee71418e597e977a4d49f6fda166e20c098e9f,2026-08-18T03:46:47-04:00,62,main;coupled-refit-gfed5;modelD-paper-params,coupled-refit-gfed5
models/C/params.africafuel.k6.json,70d686d38f0c5ffc4bfb315b5fab9db6121f8155,model/other-models/commit-artifacts/by-path/models/C/params.africafuel.k6.70d686d38f0c5ffc4bfb315b5fab9db6121f8155.json,565c8a1398292e491cdad05a50b9b603ef02f24dd02354f1b868280260a6ab46,1812,100644,model-parameters,C-development,optimizer-checkpoint,Model C (coupled-consistent retune; drivers + GPP from Lei's ED dump; GFED5 target),16,17,b77e29553af06505a26e3b0056bc4953846ee1c6,2026-06-10T23:29:21-04:00,11ee71418e597e977a4d49f6fda166e20c098e9f,2026-08-18T03:46:47-04:00,62,main;coupled-refit-gfed5;modelD-paper-params,coupled-refit-gfed5
models/C/params.africaho.json,ab2339e37b5fa469bccf1916be7af808c3515c68,model/other-models/commit-artifacts/by-path/models/C/params.africaho.ab2339e37b5fa469bccf1916be7af808c3515c68.json,348a433ff57fb1cc46001abd64e593cb460fa48226509470fd99c6766298dd53,1694,100644,model-parameters,C-development,committed-parameter-set,Model C (coupled-consistent retune; drivers + GPP from Lei's ED dump; GFED5 target),16,13,cfb4703f8f7d8a7193014b28fc745f7c4efd785a,2026-06-11T13:54:48-04:00,11ee71418e597e977a4d49f6fda166e20c098e9f,2026-08-18T03:46:47-04:00,56,main;coupled-refit-gfed5;modelD-paper-params,coupled-refit-gfed5
models/C/params.africaseas.json,6d412f71d2d9c0c3700049c748a061c7b41865ba,model/other-models/commit-artifacts/by-path/models/C/params.africaseas.6d412f71d2d9c0c3700049c748a061c7b41865ba.json,4041ee5a37441b5016d73655514d5cc8891430e7733fa3dff18d6ed61c0d0e3d,1696,100644,model-parameters,C-development,committed-parameter-set,Model C (coupled-consistent retune; drivers + GPP from Lei's ED dump; GFED5 target),16,13,d2912cdd633baf26c20abb31e343b861dd93f17b,2026-06-11T03:24:19-04:00,11ee71418e597e977a4d49f6fda166e20c098e9f,2026-08-18T03:46:47-04:00,59,main;coupled-refit-gfed5;modelD-paper-params,coupled-refit-gfed5
models/C/params.africaseas.k1.json,1133088717e06bc9209b9cea904da3e8437a660f,model/other-models/commit-artifacts/by-path/models/C/params.africaseas.k1.1133088717e06bc9209b9cea904da3e8437a660f.json,16fbec14e82c5f21a570ece5749e0c813a9e5d00ed39b59e86626b3d85a500f7,1810,100644,model-parameters,C-development,optimizer-checkpoint,Model C (coupled-consistent retune; drivers + GPP from Lei's ED dump; GFED5 target),16,17,d2912cdd633baf26c20abb31e343b861dd93f17b,2026-06-11T03:24:19-04:00,11ee71418e597e977a4d49f6fda166e20c098e9f,2026-08-18T03:46:47-04:00,59,main;coupled-refit-gfed5;modelD-paper-params,coupled-refit-gfed5
models/C/params.africaseas.k2.json,421c2e9ad666888789a2433ba023ad9b0dfeb93d,model/other-models/commit-artifacts/by-path/models/C/params.africaseas.k2.421c2e9ad666888789a2433ba023ad9b0dfeb93d.json,b2d3fd918afb4aabdac104b9780e4a44bb31e4404f1b9cfaa697a751841e6efa,1814,100644,model-parameters,C-development,optimizer-checkpoint,Model C (coupled-consistent retune; drivers + GPP from Lei's ED dump; GFED5 target),16,17,d2912cdd633baf26c20abb31e343b861dd93f17b,2026-06-11T03:24:19-04:00,11ee71418e597e977a4d49f6fda166e20c098e9f,2026-08-18T03:46:47-04:00,59,main;coupled-refit-gfed5;modelD-paper-params,coupled-refit-gfed5
models/C/params.africaseas.k3.json,b822025680c834b7b0b2115e13b142805aaf3c30,model/other-models/commit-artifacts/by-path/models/C/params.africaseas.k3.b822025680c834b7b0b2115e13b142805aaf3c30.json,7a7a56ee969c65f1598d82f6fdc587945e3aa1546ff3aeabcfa818bc8bb751e9,1815,100644,model-parameters,C-development,optimizer-checkpoint,Model C (coupled-consistent retune; drivers + GPP from Lei's ED dump; GFED5 target),16,17,d2912cdd633baf26c20abb31e343b861dd93f17b,2026-06-11T03:24:19-04:00,11ee71418e597e977a4d49f6fda166e20c098e9f,2026-08-18T03:46:47-04:00,59,main;coupled-refit-gfed5;modelD-paper-params,coupled-refit-gfed5
models/C/params.africaseas.k4.json,e237c9ceba28681102fb68d16cde61fa2bef1b46,model/other-models/commit-artifacts/by-path/models/C/params.africaseas.k4.e237c9ceba28681102fb68d16cde61fa2bef1b46.json,7bf3a241b38604a7536e13312cd5ed990b278e1d8d7cd44f569921da129e30cd,1813,100644,model-parameters,C-development,optimizer-checkpoint,Model C (coupled-consistent retune; drivers + GPP from Lei's ED dump; GFED5 target),16,17,d2912cdd633baf26c20abb31e343b861dd93f17b,2026-06-11T03:24:19-04:00,11ee71418e597e977a4d49f6fda166e20c098e9f,2026-08-18T03:46:47-04:00,59,main;coupled-refit-gfed5;modelD-paper-params,coupled-refit-gfed5
models/C/params.africaseas.k5.json,55d3ea3c3630531a548b99569df4395f438a048f,model/other-models/commit-artifacts/by-path/models/C/params.africaseas.k5.55d3ea3c3630531a548b99569df4395f438a048f.json,2e340dd49d77f1ac51b21ea0c120bc347f089b653e256e3a28276acae082db7c,1819,100644,model-parameters,C-development,optimizer-checkpoint,Model C (coupled-consistent retune; drivers + GPP from Lei's ED dump; GFED5 target),16,17,d2912cdd633baf26c20abb31e343b861dd93f17b,2026-06-11T03:24:19-04:00,11ee71418e597e977a4d49f6fda166e20c098e9f,2026-08-18T03:46:47-04:00,59,main;coupled-refit-gfed5;modelD-paper-params,coupled-refit-gfed5
models/C/params.africaseas.k6.json,3528970f2a96032e38acfa7abcf686e7db372f39,model/other-models/commit-artifacts/by-path/models/C/params.africaseas.k6.3528970f2a96032e38acfa7abcf686e7db372f39.json,1c0e8617d72ea7694e83328826690d936aaa03128d9931c224316fb7ceb5f23f,1820,100644,model-parameters,C-development,optimizer-checkpoint,Model C (coupled-consistent retune; drivers + GPP from Lei's ED dump; GFED5 target),16,17,d2912cdd633baf26c20abb31e343b861dd93f17b,2026-06-11T03:24:19-04:00,11ee71418e597e977a4d49f6fda166e20c098e9f,2026-08-18T03:46:47-04:00,59,main;coupled-refit-gfed5;modelD-paper-params,coupled-refit-gfed5
models/C/params.africaseas2.json,2ad4de6c375407d08a909159e6ba8cba335662db,model/other-models/commit-artifacts/by-path/models/C/params.africaseas2.2ad4de6c375407d08a909159e6ba8cba335662db.json,8a35d62aa0cd9bf7f914591130cdfbecc090a73013398ba345179dcb4e3089b2,1696,100644,model-parameters,C-development,committed-parameter-set,Model C (coupled-consistent retune; drivers + GPP from Lei's ED dump; GFED5 target),16,13,4b67d28d267064029b33395a14583c75d340fed1,2026-06-11T22:08:52-04:00,11ee71418e597e977a4d49f6fda166e20c098e9f,2026-08-18T03:46:47-04:00,51,main;coupled-refit-gfed5;modelD-paper-params,coupled-refit-gfed5
models/C/params.africaseas2.k1.json,725be0a462b30892966c1077099d5169122507ea,model/other-models/commit-artifacts/by-path/models/C/params.africaseas2.k1.725be0a462b30892966c1077099d5169122507ea.json,c9c137500fffe827a66bb99311cad641f9a6a2cf4a967618faf1a2f415c0a44f,1810,100644,model-parameters,C-development,optimizer-checkpoint,Model C (coupled-consistent retune; drivers + GPP from Lei's ED dump; GFED5 target),16,17,4b67d28d267064029b33395a14583c75d340fed1,2026-06-11T22:08:52-04:00,11ee71418e597e977a4d49f6fda166e20c098e9f,2026-08-18T03:46:47-04:00,51,main;coupled-refit-gfed5;modelD-paper-params,coupled-refit-gfed5
models/C/params.africaseas2.k2.json,7c4e6bdfc3ae649432a69ec6bfa583adcf3aec0e,model/other-models/commit-artifacts/by-path/models/C/params.africaseas2.k2.7c4e6bdfc3ae649432a69ec6bfa583adcf3aec0e.json,03312895f50a0190a29363dfc0214f6c5c0ff6be254e609c08a4e98198b1920c,1813,100644,model-parameters,C-development,optimizer-checkpoint,Model C (coupled-consistent retune; drivers + GPP from Lei's ED dump; GFED5 target),16,17,4b67d28d267064029b33395a14583c75d340fed1,2026-06-11T22:08:52-04:00,11ee71418e597e977a4d49f6fda166e20c098e9f,2026-08-18T03:46:47-04:00,51,main;coupled-refit-gfed5;modelD-paper-params,coupled-refit-gfed5
models/C/params.africaseas2.k3.json,c680c4903670200e29b73f94f26694b0184eaf64,model/other-models/commit-artifacts/by-path/models/C/params.africaseas2.k3.c680c4903670200e29b73f94f26694b0184eaf64.json,ac5188c4450019dd7efea3b771b361950ed4c8b4c22ab71ec4372a904c8eb3d3,1814,100644,model-parameters,C-development,optimizer-checkpoint,Model C (coupled-consistent retune; drivers + GPP from Lei's ED dump; GFED5 target),16,17,4b67d28d267064029b33395a14583c75d340fed1,2026-06-11T22:08:52-04:00,11ee71418e597e977a4d49f6fda166e20c098e9f,2026-08-18T03:46:47-04:00,51,main;coupled-refit-gfed5;modelD-paper-params,coupled-refit-gfed5
models/C/params.africaseas2.k4.json,72dbc3d52c7b5b81be0f9539bbac2cf57a4a450f,model/other-models/commit-artifacts/by-path/models/C/params.africaseas2.k4.72dbc3d52c7b5b81be0f9539bbac2cf57a4a450f.json,86c76ebf5ae9df1f036daf4c31e496038c801f07728b68757a11488b715c8ef8,1815,100644,model-parameters,C-development,optimizer-checkpoint,Model C (coupled-consistent retune; drivers + GPP from Lei's ED dump; GFED5 target),16,17,4b67d28d267064029b33395a14583c75d340fed1,2026-06-11T22:08:52-04:00,11ee71418e597e977a4d49f6fda166e20c098e9f,2026-08-18T03:46:47-04:00,51,main;coupled-refit-gfed5;modelD-paper-params,coupled-refit-gfed5
models/C/params.africaseas2.k5.json,7e1bb88fb18d578650f678370f0af2fc50607f03,model/other-models/commit-artifacts/by-path/models/C/params.africaseas2.k5.7e1bb88fb18d578650f678370f0af2fc50607f03.json,6888f33beb789130fd6ca1bad0f1d9bda6f2500c4a6de6c03ca2d460aafe4fbe,1819,100644,model-parameters,C-development,optimizer-checkpoint,Model C (coupled-consistent retune; drivers + GPP from Lei's ED dump; GFED5 target),16,17,4b67d28d267064029b33395a14583c75d340fed1,2026-06-11T22:08:52-04:00,11ee71418e597e977a4d49f6fda166e20c098e9f,2026-08-18T03:46:47-04:00,51,main;coupled-refit-gfed5;modelD-paper-params,coupled-refit-gfed5
models/C/params.africaseas2.k6.json,43f2fbbf94d6e67a487106a30132dda699a8ef84,model/other-models/commit-artifacts/by-path/models/C/params.africaseas2.k6.43f2fbbf94d6e67a487106a30132dda699a8ef84.json,982a50a9b68aa15b26721102301d42f1270d00e6f230d5bf7d7f9b11426766fa,1820,100644,model-parameters,C-development,optimizer-checkpoint,Model C (coupled-consistent retune; drivers + GPP from Lei's ED dump; GFED5 target),16,17,4b67d28d267064029b33395a14583c75d340fed1,2026-06-11T22:08:52-04:00,11ee71418e597e977a4d49f6fda166e20c098e9f,2026-08-18T03:46:47-04:00,51,main;coupled-refit-gfed5;modelD-paper-params,coupled-refit-gfed5
models/C/params.australia.json,40a24568bc84b43bdd56ad74cbabb5978f3a8469,model/other-models/commit-artifacts/by-path/models/C/params.australia.40a24568bc84b43bdd56ad74cbabb5978f3a8469.json,832a223026f248037839400f1c681c9be80744641b7e9258bdff20815afb8df4,1667,100644,model-parameters,C-development,committed-parameter-set,Model C (coupled-consistent retune; drivers + GPP from Lei's ED dump; GFED5 target),15,13,b77e29553af06505a26e3b0056bc4953846ee1c6,2026-06-10T23:29:21-04:00,11ee71418e597e977a4d49f6fda166e20c098e9f,2026-08-18T03:46:47-04:00,62,main;coupled-refit-gfed5;modelD-paper-params,coupled-refit-gfed5
models/C/params.australia.k1.json,810b82790c2ca762c3bb909d0b1718e0c0dd068e,model/other-models/commit-artifacts/by-path/models/C/params.australia.k1.810b82790c2ca762c3bb909d0b1718e0c0dd068e.json,5cb201b975cd4f4a745b4b22fb8295fd365b5597173db71a8467b80bf0e91162,1784,100644,model-parameters,C-development,optimizer-checkpoint,Model C (coupled-consistent retune; drivers + GPP from Lei's ED dump; GFED5 target),15,17,b77e29553af06505a26e3b0056bc4953846ee1c6,2026-06-10T23:29:21-04:00,11ee71418e597e977a4d49f6fda166e20c098e9f,2026-08-18T03:46:47-04:00,62,main;coupled-refit-gfed5;modelD-paper-params,coupled-refit-gfed5
models/C/params.australia.k2.json,750a1ee9d10ee1f8bf206ec03a4aa00c2f370136,model/other-models/commit-artifacts/by-path/models/C/params.australia.k2.750a1ee9d10ee1f8bf206ec03a4aa00c2f370136.json,67ed9e47c55a63072dabbcba3bc644eddc0b384f42b0a2a29a3d0511fe49ef07,1781,100644,model-parameters,C-development,optimizer-checkpoint,Model C (coupled-consistent retune; drivers + GPP from Lei's ED dump; GFED5 target),15,17,b77e29553af06505a26e3b0056bc4953846ee1c6,2026-06-10T23:29:21-04:00,11ee71418e597e977a4d49f6fda166e20c098e9f,2026-08-18T03:46:47-04:00,62,main;coupled-refit-gfed5;modelD-paper-params,coupled-refit-gfed5
models/C/params.australia.k3.json,dc89f29892dc4b405c664771b9021a4c43ab25f7,model/other-models/commit-artifacts/by-path/models/C/params.australia.k3.dc89f29892dc4b405c664771b9021a4c43ab25f7.json,be33e6f60dc070289ef63f7c2f872a531a2da19c4b678b2542c69482f2208252,1783,100644,model-parameters,C-development,optimizer-checkpoint,Model C (coupled-consistent retune; drivers + GPP from Lei's ED dump; GFED5 target),15,17,b77e29553af06505a26e3b0056bc4953846ee1c6,2026-06-10T23:29:21-04:00,11ee71418e597e977a4d49f6fda166e20c098e9f,2026-08-18T03:46:47-04:00,62,main;coupled-refit-gfed5;modelD-paper-params,coupled-refit-gfed5
models/C/params.australia.k4.json,af67c0e7da5d6c7b7fd7020779b0e9a038d60ff2,model/other-models/commit-artifacts/by-path/models/C/params.australia.k4.af67c0e7da5d6c7b7fd7020779b0e9a038d60ff2.json,ba54cc47eedb7c928eb03986fc615021b245f312fb736eee42f78fd7a249a593,1784,100644,model-parameters,C-development,optimizer-checkpoint,Model C (coupled-consistent retune; drivers + GPP from Lei's ED dump; GFED5 target),15,17,b77e29553af06505a26e3b0056bc4953846ee1c6,2026-06-10T23:29:21-04:00,11ee71418e597e977a4d49f6fda166e20c098e9f,2026-08-18T03:46:47-04:00,62,main;coupled-refit-gfed5;modelD-paper-params,coupled-refit-gfed5
models/C/params.australia.k5.json,a15317e97dd5586e768d56b543a55fcd77d32b7b,model/other-models/commit-artifacts/by-path/models/C/params.australia.k5.a15317e97dd5586e768d56b543a55fcd77d32b7b.json,7b30ad9e457f97085d99a7a71471fb5d64eefb92238b70984dccc8fc072a8821,1785,100644,model-parameters,C-development,optimizer-checkpoint,Model C (coupled-consistent retune; drivers + GPP from Lei's ED dump; GFED5 target),15,17,b77e29553af06505a26e3b0056bc4953846ee1c6,2026-06-10T23:29:21-04:00,11ee71418e597e977a4d49f6fda166e20c098e9f,2026-08-18T03:46:47-04:00,62,main;coupled-refit-gfed5;modelD-paper-params,coupled-refit-gfed5
models/C/params.australia.k6.json,0a17f4fb9a0795f2926b77d68fbe6075f6b82559,model/other-models/commit-artifacts/by-path/models/C/params.australia.k6.0a17f4fb9a0795f2926b77d68fbe6075f6b82559.json,8ab843d42d342265850b0f87aba333c3bd16e234a13bc9f4861361a87747f8e1,1784,100644,model-parameters,C-development,optimizer-checkpoint,Model C (coupled-consistent retune; drivers + GPP from Lei's ED dump; GFED5 target),15,17,b77e29553af06505a26e3b0056bc4953846ee1c6,2026-06-10T23:29:21-04:00,11ee71418e597e977a4d49f6fda166e20c098e9f,2026-08-18T03:46:47-04:00,62,main;coupled-refit-gfed5;modelD-paper-params,coupled-refit-gfed5
models/C/params.boreal.json,53185b61e8f84303e5b1d7fb23e30e424335aff5,model/other-models/commit-artifacts/by-path/models/C/params.boreal.53185b61e8f84303e5b1d7fb23e30e424335aff5.json,b0e0ef22e829db8d6795490167c5e3931ac2797083c3c0eeb727887f7706f467,1670,100644,model-parameters,C-development,committed-parameter-set,Model C (coupled-consistent retune; drivers + GPP from Lei's ED dump; GFED5 target),15,13,9451d1a02dfc9dd582c64e581e8045cfdcf67aa9,2026-06-10T20:57:03-04:00,11ee71418e597e977a4d49f6fda166e20c098e9f,2026-08-18T03:46:47-04:00,65,main;coupled-refit-gfed5;modelD-paper-params,coupled-refit-gfed5
models/C/params.boreal.k1.json,82810dc7ac421903c02837387039d024371c2d73,model/other-models/commit-artifacts/by-path/models/C/params.boreal.k1.82810dc7ac421903c02837387039d024371c2d73.json,3902a1396341a966aeeddc484d0f2c43add5c5881983fe204f038d7f9c36637f,1785,100644,model-parameters,C-development,optimizer-checkpoint,Model C (coupled-consistent retune; drivers + GPP from Lei's ED dump; GFED5 target),15,17,9451d1a02dfc9dd582c64e581e8045cfdcf67aa9,2026-06-10T20:57:03-04:00,11ee71418e597e977a4d49f6fda166e20c098e9f,2026-08-18T03:46:47-04:00,65,main;coupled-refit-gfed5;modelD-paper-params,coupled-refit-gfed5
models/C/params.boreal.k2.json,5361a64c86deee7694e4e8353d7eb43d1760770b,model/other-models/commit-artifacts/by-path/models/C/params.boreal.k2.5361a64c86deee7694e4e8353d7eb43d1760770b.json,505dc93854c0e397b50dfb37fa4f45c66196b18cf46f8d87543182f5d52cc516,1784,100644,model-parameters,C-development,optimizer-checkpoint,Model C (coupled-consistent retune; drivers + GPP from Lei's ED dump; GFED5 target),15,17,9451d1a02dfc9dd582c64e581e8045cfdcf67aa9,2026-06-10T20:57:03-04:00,11ee71418e597e977a4d49f6fda166e20c098e9f,2026-08-18T03:46:47-04:00,65,main;coupled-refit-gfed5;modelD-paper-params,coupled-refit-gfed5
models/C/params.boreal.k3.json,21027498f38d58c1be354108a5066da1f979bbdf,model/other-models/commit-artifacts/by-path/models/C/params.boreal.k3.21027498f38d58c1be354108a5066da1f979bbdf.json,720b2b30d32336486dd55612a037815a9b21eab883cc794906a33038094a0dc8,1782,100644,model-parameters,C-development,optimizer-checkpoint,Model C (coupled-consistent retune; drivers + GPP from Lei's ED dump; GFED5 target),15,17,9451d1a02dfc9dd582c64e581e8045cfdcf67aa9,2026-06-10T20:57:03-04:00,11ee71418e597e977a4d49f6fda166e20c098e9f,2026-08-18T03:46:47-04:00,65,main;coupled-refit-gfed5;modelD-paper-params,coupled-refit-gfed5
models/C/params.boreal.k4.json,fd3917855b3c8387ae15cdacf2f88a0dbb3a4559,model/other-models/commit-artifacts/by-path/models/C/params.boreal.k4.fd3917855b3c8387ae15cdacf2f88a0dbb3a4559.json,adc17b3454fc8fe67321af9935df1824f5fe8cf03ab069290a34d40804d7ca84,1782,100644,model-parameters,C-development,optimizer-checkpoint,Model C (coupled-consistent retune; drivers + GPP from Lei's ED dump; GFED5 target),15,17,9451d1a02dfc9dd582c64e581e8045cfdcf67aa9,2026-06-10T20:57:03-04:00,11ee71418e597e977a4d49f6fda166e20c098e9f,2026-08-18T03:46:47-04:00,65,main;coupled-refit-gfed5;modelD-paper-params,coupled-refit-gfed5
models/C/params.boreal.k5.json,9644e8ec50bcc1d46b7dd63d7f21eaa40af44920,model/other-models/commit-artifacts/by-path/models/C/params.boreal.k5.9644e8ec50bcc1d46b7dd63d7f21eaa40af44920.json,51787a89efbde97f8e26a4e3e23be49c584b8f749864d1aa076b5909927f09f9,1782,100644,model-parameters,C-development,optimizer-checkpoint,Model C (coupled-consistent retune; drivers + GPP from Lei's ED dump; GFED5 target),15,17,9451d1a02dfc9dd582c64e581e8045cfdcf67aa9,2026-06-10T20:57:03-04:00,11ee71418e597e977a4d49f6fda166e20c098e9f,2026-08-18T03:46:47-04:00,65,main;coupled-refit-gfed5;modelD-paper-params,coupled-refit-gfed5
models/C/params.borealcell.json,655e1cad462c27e5377038ddc84ec74771e00032,model/other-models/commit-artifacts/by-path/models/C/params.borealcell.655e1cad462c27e5377038ddc84ec74771e00032.json,c9f3b45bbdf12d05f4f6612d5e27ea581aa357c41076d1577e52baf194c6099b,1661,100644,model-parameters,C-development,held-out-cells,Model C (coupled-consistent retune; drivers + GPP from Lei's ED dump; GFED5 target),15,13,0db07563d93cdb045e5dec86d00d2294d5a50ac5,2026-06-11T16:10:05-04:00,11ee71418e597e977a4d49f6fda166e20c098e9f,2026-08-18T03:46:47-04:00,55,main;coupled-refit-gfed5;modelD-paper-params,coupled-refit-gfed5
models/C/params.borealho.json,5aa43576efe379be993c8179165678f60da5064a,model/other-models/commit-artifacts/by-path/models/C/params.borealho.5aa43576efe379be993c8179165678f60da5064a.json,c51105ef31267c7849995add17464510556dc7156d747a494773a75b75066eba,1661,100644,model-parameters,C-development,committed-parameter-set,Model C (coupled-consistent retune; drivers + GPP from Lei's ED dump; GFED5 target),15,13,cfb4703f8f7d8a7193014b28fc745f7c4efd785a,2026-06-11T13:54:48-04:00,11ee71418e597e977a4d49f6fda166e20c098e9f,2026-08-18T03:46:47-04:00,56,main;coupled-refit-gfed5;modelD-paper-params,coupled-refit-gfed5
models/C/params.borealseas.json,44068234dd4b410b986177fc95529112f237b687,model/other-models/commit-artifacts/by-path/models/C/params.borealseas.44068234dd4b410b986177fc95529112f237b687.json,a3434a823a73c25a9617625841165099ce7e702143c5976c89797b55d865a144,1660,100644,model-parameters,C-development,committed-parameter-set,Model C (coupled-consistent retune; drivers + GPP from Lei's ED dump; GFED5 target),15,13,d2912cdd633baf26c20abb31e343b861dd93f17b,2026-06-11T03:24:19-04:00,11ee71418e597e977a4d49f6fda166e20c098e9f,2026-08-18T03:46:47-04:00,59,main;coupled-refit-gfed5;modelD-paper-params,coupled-refit-gfed5
models/C/params.borealseas.k1.json,bf2490d8e7034d48c8de0a31768563bf51b81219,model/other-models/commit-artifacts/by-path/models/C/params.borealseas.k1.bf2490d8e7034d48c8de0a31768563bf51b81219.json,3242a55ba5e49962aa9b38b92f18057353235200c9f2bcb75b06a5d6ddf49fd6,1775,100644,model-parameters,C-development,optimizer-checkpoint,Model C (coupled-consistent retune; drivers + GPP from Lei's ED dump; GFED5 target),15,17,d2912cdd633baf26c20abb31e343b861dd93f17b,2026-06-11T03:24:19-04:00,11ee71418e597e977a4d49f6fda166e20c098e9f,2026-08-18T03:46:47-04:00,59,main;coupled-refit-gfed5;modelD-paper-params,coupled-refit-gfed5
models/C/params.borealseas.k2.json,e0474b3ea90b636b0d732a80baf19444d0eb4faf,model/other-models/commit-artifacts/by-path/models/C/params.borealseas.k2.e0474b3ea90b636b0d732a80baf19444d0eb4faf.json,7958ac54fd6b050a32126ba3c2fe054078c69b6ab6e93bd9c785bb837e5d9feb,1776,100644,model-parameters,C-development,optimizer-checkpoint,Model C (coupled-consistent retune; drivers + GPP from Lei's ED dump; GFED5 target),15,17,d2912cdd633baf26c20abb31e343b861dd93f17b,2026-06-11T03:24:19-04:00,11ee71418e597e977a4d49f6fda166e20c098e9f,2026-08-18T03:46:47-04:00,59,main;coupled-refit-gfed5;modelD-paper-params,coupled-refit-gfed5
models/C/params.borealseas.k3.json,2a1f2da8de42a40bc589944f30cec13857eecb13,model/other-models/commit-artifacts/by-path/models/C/params.borealseas.k3.2a1f2da8de42a40bc589944f30cec13857eecb13.json,a4395eb05c691207cab757a63f525a387c0f60d9c2f645d78e927a3bf02d200c,1779,100644,model-parameters,C-development,optimizer-checkpoint,Model C (coupled-consistent retune; drivers + GPP from Lei's ED dump; GFED5 target),15,17,d2912cdd633baf26c20abb31e343b861dd93f17b,2026-06-11T03:24:19-04:00,11ee71418e597e977a4d49f6fda166e20c098e9f,2026-08-18T03:46:47-04:00,59,main;coupled-refit-gfed5;modelD-paper-params,coupled-refit-gfed5
models/C/params.chk.k1.json,6b089f638548f843941afa4c4c51ae26c2518ed6,model/other-models/commit-artifacts/by-path/models/C/params.chk.k1.6b089f638548f843941afa4c4c51ae26c2518ed6.json,da4cef60b6b777e459d80144f3cac19431a16bc5d2b377dc71d0871268bd5dc1,1667,100644,model-parameters,C-development,optimizer-checkpoint,Model C (coupled-consistent retune; drivers + GPP from Lei's ED dump; GFED5 target),12,17,3fb01b4a06f1eddc8f9ac0ed73788ab6ee8f57bb,2026-08-18T03:46:27-04:00,11ee71418e597e977a4d49f6fda166e20c098e9f,2026-08-18T03:46:47-04:00,3,coupled-refit-gfed5,coupled-refit-gfed5
models/C/params.coupledE.json,d4fabfd949f8b5b3703e1a369a94493031e8595b,model/other-models/commit-artifacts/by-path/models/C/params.coupledE.d4fabfd949f8b5b3703e1a369a94493031e8595b.json,ad153c76c0670f57bbd3db8eccff1fb4257ac38586a27a0cd7b26c8e561d1962,1704,100644,model-parameters,coupled-E,committed-parameter-set,Model C (coupled-consistent retune; drivers + GPP from Lei's ED dump; GFED5 target),16,13,3fb01b4a06f1eddc8f9ac0ed73788ab6ee8f57bb,2026-08-18T03:46:27-04:00,11ee71418e597e977a4d49f6fda166e20c098e9f,2026-08-18T03:46:47-04:00,3,coupled-refit-gfed5,coupled-refit-gfed5
models/C/params.coupledE.k1.json,e6ce391904e02f6b51b8446fab331cc7fbc0033f,model/other-models/commit-artifacts/by-path/models/C/params.coupledE.k1.e6ce391904e02f6b51b8446fab331cc7fbc0033f.json,dfe5e3eaf7c08b244c3a9a9b7120e2b74fcaa1ef38b03f6139466be62b26ca83,1821,100644,model-parameters,coupled-E,optimizer-checkpoint,Model C (coupled-consistent retune; drivers + GPP from Lei's ED dump; GFED5 target),16,17,3fb01b4a06f1eddc8f9ac0ed73788ab6ee8f57bb,2026-08-18T03:46:27-04:00,11ee71418e597e977a4d49f6fda166e20c098e9f,2026-08-18T03:46:47-04:00,3,coupled-refit-gfed5,coupled-refit-gfed5
models/C/params.coupledE.k2.json,bdb4e8affed18bc7b9179db096c84f02cf831e9a,model/other-models/commit-artifacts/by-path/models/C/params.coupledE.k2.bdb4e8affed18bc7b9179db096c84f02cf831e9a.json,61dce416ebb405e244a1e45a5b646dcb4ce640bfe4d481f4d0e75728e0ea1669,1818,100644,model-parameters,coupled-E,optimizer-checkpoint,Model C (coupled-consistent retune; drivers + GPP from Lei's ED dump; GFED5 target),16,17,3fb01b4a06f1eddc8f9ac0ed73788ab6ee8f57bb,2026-08-18T03:46:27-04:00,11ee71418e597e977a4d49f6fda166e20c098e9f,2026-08-18T03:46:47-04:00,3,coupled-refit-gfed5,coupled-refit-gfed5
models/C/params.coupledE.k3.json,8fbd582cad8f12c07cbe644a2d99051a037b0c76,model/other-models/commit-artifacts/by-path/models/C/params.coupledE.k3.8fbd582cad8f12c07cbe644a2d99051a037b0c76.json,3b2cc3f938f769adab7d1424cf25b0eb2f9dc900cdc946ba23b5d1c1f550ce48,1816,100644,model-parameters,coupled-E,optimizer-checkpoint,Model C (coupled-consistent retune; drivers + GPP from Lei's ED dump; GFED5 target),16,17,3fb01b4a06f1eddc8f9ac0ed73788ab6ee8f57bb,2026-08-18T03:46:27-04:00,11ee71418e597e977a4d49f6fda166e20c098e9f,2026-08-18T03:46:47-04:00,3,coupled-refit-gfed5,coupled-refit-gfed5
models/C/params.coupledE.k4.json,3a22de9d8589b8c79e6f4a4ed726ec9028e20abb,model/other-models/commit-artifacts/by-path/models/C/params.coupledE.k4.3a22de9d8589b8c79e6f4a4ed726ec9028e20abb.json,a7aab3226cd36c7b5e21868252e459f7d42b4addc5a2990672d3eb4a317530d9,1817,100644,model-parameters,coupled-E,optimizer-checkpoint,Model C (coupled-consistent retune; drivers + GPP from Lei's ED dump; GFED5 target),16,17,3fb01b4a06f1eddc8f9ac0ed73788ab6ee8f57bb,2026-08-18T03:46:27-04:00,11ee71418e597e977a4d49f6fda166e20c098e9f,2026-08-18T03:46:47-04:00,3,coupled-refit-gfed5,coupled-refit-gfed5
models/C/params.coupledE.k5.json,805d1c887350063b22e69b83f4e346b5d4f61e45,model/other-models/commit-artifacts/by-path/models/C/params.coupledE.k5.805d1c887350063b22e69b83f4e346b5d4f61e45.json,aa829e841e0c5695c827fb0b0f950d3d7155777916096d32afc6bb57aac039cd,1812,100644,model-parameters,coupled-E,optimizer-checkpoint,Model C (coupled-consistent retune; drivers + GPP from Lei's ED dump; GFED5 target),16,17,3fb01b4a06f1eddc8f9ac0ed73788ab6ee8f57bb,2026-08-18T03:46:27-04:00,11ee71418e597e977a4d49f6fda166e20c098e9f,2026-08-18T03:46:47-04:00,3,coupled-refit-gfed5,coupled-refit-gfed5
models/C/params.coupledE.k6.json,0f7e3e01a127b94b0b18a6a91f4d55f041e83972,model/other-models/commit-artifacts/by-path/models/C/params.coupledE.k6.0f7e3e01a127b94b0b18a6a91f4d55f041e83972.json,6d49564b0da5280db68c5882d0f1d7626a4c74c83d83668c4e855c9f7e599084,1813,100644,model-parameters,coupled-E,optimizer-checkpoint,Model C (coupled-consistent retune; drivers + GPP from Lei's ED dump; GFED5 target),16,17,3fb01b4a06f1eddc8f9ac0ed73788ab6ee8f57bb,2026-08-18T03:46:27-04:00,11ee71418e597e977a4d49f6fda166e20c098e9f,2026-08-18T03:46:47-04:00,3,coupled-refit-gfed5,coupled-refit-gfed5
models/C/params.coupledE_af.json,d80700451d8999583904ee188535156edaf7d377,model/other-models/commit-artifacts/by-path/models/C/params.coupledE_af.d80700451d8999583904ee188535156edaf7d377.json,3c95538381fe9c8d72a3af3a2d8eabf0c5bb176004c347f4594de72e9ee859ef,1698,100644,model-parameters,coupled-E,committed-parameter-set,Model C (coupled-consistent retune; drivers + GPP from Lei's ED dump; GFED5 target),16,13,a71c1440187be918adebfd8db43fb83be18c1226,2026-07-23T12:01:43-04:00,11ee71418e597e977a4d49f6fda166e20c098e9f,2026-08-18T03:46:47-04:00,40,coupled-refit-gfed5,coupled-refit-gfed5
models/C/params.coupledE_aus.json,37424939ef76a61a6da8307027c78003dfd548c3,model/other-models/commit-artifacts/by-path/models/C/params.coupledE_aus.37424939ef76a61a6da8307027c78003dfd548c3.json,c4b390359d0a18304322b0d0980c33092894517d7793014e8ef17bf1664efb1c,1697,100644,model-parameters,coupled-E,committed-parameter-set,Model C (coupled-consistent retune; drivers + GPP from Lei's ED dump; GFED5 target),16,13,a71c1440187be918adebfd8db43fb83be18c1226,2026-07-23T12:01:43-04:00,11ee71418e597e977a4d49f6fda166e20c098e9f,2026-08-18T03:46:47-04:00,40,coupled-refit-gfed5,coupled-refit-gfed5
models/C/params.coupledE_bor.json,2350dee7dd58053bfb3d0559de74ffa16c0a3b01,model/other-models/commit-artifacts/by-path/models/C/params.coupledE_bor.2350dee7dd58053bfb3d0559de74ffa16c0a3b01.json,123da2c4cc3871b3872fc7086356b93ab35c8662ccdc929080ae4f51d5e019e8,1699,100644,model-parameters,coupled-E,committed-parameter-set,Model C (coupled-consistent retune; drivers + GPP from Lei's ED dump; GFED5 target),16,13,a71c1440187be918adebfd8db43fb83be18c1226,2026-07-23T12:01:43-04:00,11ee71418e597e977a4d49f6fda166e20c098e9f,2026-08-18T03:46:47-04:00,40,coupled-refit-gfed5,coupled-refit-gfed5
models/C/params.coupledE_cure.json,b7703a6c2a295eda8db73a6132d6704ff4b068ce,model/other-models/commit-artifacts/by-path/models/C/params.coupledE_cure.b7703a6c2a295eda8db73a6132d6704ff4b068ce.json,ec5ebdc43e0972e7cb88ddc2c416fba2a1502fcba160a5180722625aa2e582d7,1887,100644,model-parameters,curing,committed-parameter-set,Model C (coupled-consistent retune; drivers + GPP from Lei's ED dump; GFED5 target),21,13,fa6195ea29a75b090c7c29a002aaa71c1751dbae,2026-07-25T01:05:39-04:00,11ee71418e597e977a4d49f6fda166e20c098e9f,2026-08-18T03:46:47-04:00,27,coupled-refit-gfed5,coupled-refit-gfed5
models/C/params.coupledE_eur.json,3fa31ff08df271afbd5d337087b8cc3ae1da395d,model/other-models/commit-artifacts/by-path/models/C/params.coupledE_eur.3fa31ff08df271afbd5d337087b8cc3ae1da395d.json,3b0e5aa32c55c735fb42ab13b0f598830082db0b878daecc08a51a8d3c7bd946,1697,100644,model-parameters,coupled-E,committed-parameter-set,Model C (coupled-consistent retune; drivers + GPP from Lei's ED dump; GFED5 target),16,13,a71c1440187be918adebfd8db43fb83be18c1226,2026-07-23T12:01:43-04:00,11ee71418e597e977a4d49f6fda166e20c098e9f,2026-08-18T03:46:47-04:00,40,coupled-refit-gfed5,coupled-refit-gfed5
models/C/params.coupledE_fx.json,799acb0f978372c21cac211f340df55e06eb71c5,model/other-models/commit-artifacts/by-path/models/C/params.coupledE_fx.799acb0f978372c21cac211f340df55e06eb71c5.json,b477c5c9204e5263393e1a43aece529cb6a3bd80f684b35c75f97b4191c4c73c,1704,100644,model-parameters,coupled-E,committed-parameter-set,Model C (coupled-consistent retune; drivers + GPP from Lei's ED dump; GFED5 target),16,13,a71c1440187be918adebfd8db43fb83be18c1226,2026-07-23T12:01:43-04:00,11ee71418e597e977a4d49f6fda166e20c098e9f,2026-08-18T03:46:47-04:00,40,coupled-refit-gfed5,coupled-refit-gfed5
models/C/params.coupledE_fx.k1.json,4849387b88084bab8ba8daa590f35350bdc5044a,model/other-models/commit-artifacts/by-path/models/C/params.coupledE_fx.k1.4849387b88084bab8ba8daa590f35350bdc5044a.json,74373fc80a14d80279ecde204be988b5ce809e1538a7395de7862e6b9cc10247,1821,100644,model-parameters,coupled-E,optimizer-checkpoint,Model C (coupled-consistent retune; drivers + GPP from Lei's ED dump; GFED5 target),16,17,3fb01b4a06f1eddc8f9ac0ed73788ab6ee8f57bb,2026-08-18T03:46:27-04:00,11ee71418e597e977a4d49f6fda166e20c098e9f,2026-08-18T03:46:47-04:00,3,coupled-refit-gfed5,coupled-refit-gfed5
models/C/params.coupledE_fx.k2.json,c97d38990ef8f585a771193536743286d30b6190,model/other-models/commit-artifacts/by-path/models/C/params.coupledE_fx.k2.c97d38990ef8f585a771193536743286d30b6190.json,9b6f456c25b90ff854bbda80d8bd3d6c4f50bea0bdcb8ede06c8cdcab7f16535,1819,100644,model-parameters,coupled-E,optimizer-checkpoint,Model C (coupled-consistent retune; drivers + GPP from Lei's ED dump; GFED5 target),16,17,3fb01b4a06f1eddc8f9ac0ed73788ab6ee8f57bb,2026-08-18T03:46:27-04:00,11ee71418e597e977a4d49f6fda166e20c098e9f,2026-08-18T03:46:47-04:00,3,coupled-refit-gfed5,coupled-refit-gfed5
models/C/params.coupledE_fx.k3.json,89c65027b4da6d7f1b5f63eb6deab42fdc3553bc,model/other-models/commit-artifacts/by-path/models/C/params.coupledE_fx.k3.89c65027b4da6d7f1b5f63eb6deab42fdc3553bc.json,ddc08f8eaa0238dfbc1f0e2952cdeb00236dc42fe1e3f93f28936ae9aa728414,1822,100644,model-parameters,coupled-E,optimizer-checkpoint,Model C (coupled-consistent retune; drivers + GPP from Lei's ED dump; GFED5 target),16,17,3fb01b4a06f1eddc8f9ac0ed73788ab6ee8f57bb,2026-08-18T03:46:27-04:00,11ee71418e597e977a4d49f6fda166e20c098e9f,2026-08-18T03:46:47-04:00,3,coupled-refit-gfed5,coupled-refit-gfed5
models/C/params.coupledE_fx.k4.json,6c89bd618b5a02c7fb727da53321c45ae5f6b8b1,model/other-models/commit-artifacts/by-path/models/C/params.coupledE_fx.k4.6c89bd618b5a02c7fb727da53321c45ae5f6b8b1.json,f4997db6d9642b91d1e8f54da84d237815289614b1f251aa9b0e0f343d3852a5,1822,100644,model-parameters,coupled-E,optimizer-checkpoint,Model C (coupled-consistent retune; drivers + GPP from Lei's ED dump; GFED5 target),16,17,3fb01b4a06f1eddc8f9ac0ed73788ab6ee8f57bb,2026-08-18T03:46:27-04:00,11ee71418e597e977a4d49f6fda166e20c098e9f,2026-08-18T03:46:47-04:00,3,coupled-refit-gfed5,coupled-refit-gfed5
models/C/params.coupledE_fx.k5.json,dfd33389c47cf0ac12c594a64a2ef3285a99607c,model/other-models/commit-artifacts/by-path/models/C/params.coupledE_fx.k5.dfd33389c47cf0ac12c594a64a2ef3285a99607c.json,3886d81c72fefe3f007f555eac1708c0d70f5098cd5a1616a488bbd1e322d867,1820,100644,model-parameters,coupled-E,optimizer-checkpoint,Model C (coupled-consistent retune; drivers + GPP from Lei's ED dump; GFED5 target),16,17,3fb01b4a06f1eddc8f9ac0ed73788ab6ee8f57bb,2026-08-18T03:46:27-04:00,11ee71418e597e977a4d49f6fda166e20c098e9f,2026-08-18T03:46:47-04:00,3,coupled-refit-gfed5,coupled-refit-gfed5
models/C/params.coupledE_fx.k6.json,40040ba6ca703002e74aff64d96f6f3a0e4bb307,model/other-models/commit-artifacts/by-path/models/C/params.coupledE_fx.k6.40040ba6ca703002e74aff64d96f6f3a0e4bb307.json,412e96bd9137929da61170ceac1e881d7f7550710c1847bae15750ba051e7df8,1817,100644,model-parameters,coupled-E,optimizer-checkpoint,Model C (coupled-consistent retune; drivers + GPP from Lei's ED dump; GFED5 target),16,17,3fb01b4a06f1eddc8f9ac0ed73788ab6ee8f57bb,2026-08-18T03:46:27-04:00,11ee71418e597e977a4d49f6fda166e20c098e9f,2026-08-18T03:46:47-04:00,3,coupled-refit-gfed5,coupled-refit-gfed5
models/C/params.coupledE_gdp.json,749a8fd7267331a5e767acbc679758a996715462,model/other-models/commit-artifacts/by-path/models/C/params.coupledE_gdp.749a8fd7267331a5e767acbc679758a996715462.json,ff92a0ccdcc1e37b360e88ae62739196aefcba7028add0bdfdb3715019f4d268,1738,100644,model-parameters,F,committed-parameter-set,Model C (coupled-consistent retune; drivers + GPP from Lei's ED dump; GFED5 target),17,13,f5c99af32bba749ff2d9c17c445caeb1e01a9e6d,2026-07-24T02:48:47-04:00,11ee71418e597e977a4d49f6fda166e20c098e9f,2026-08-18T03:46:47-04:00,38,coupled-refit-gfed5,coupled-refit-gfed5
models/C/params.coupledE_nam.json,962f80a30ef15791b72bbf4be8006db6098d26d6,model/other-models/commit-artifacts/by-path/models/C/params.coupledE_nam.962f80a30ef15791b72bbf4be8006db6098d26d6.json,4bba7f3090dd92148b0f8203007c2f80ac4a11c2773889c948b62cc5a1daa776,1693,100644,model-parameters,coupled-E,committed-parameter-set,Model C (coupled-consistent retune; drivers + GPP from Lei's ED dump; GFED5 target),16,13,a71c1440187be918adebfd8db43fb83be18c1226,2026-07-23T12:01:43-04:00,11ee71418e597e977a4d49f6fda166e20c098e9f,2026-08-18T03:46:47-04:00,40,coupled-refit-gfed5,coupled-refit-gfed5
models/C/params.coupledE_nogdp.json,f72cbcbd79a3676796ff9f6d9252066977ab3e45,model/other-models/commit-artifacts/by-path/models/C/params.coupledE_nogdp.f72cbcbd79a3676796ff9f6d9252066977ab3e45.json,d3ae0df691276d2eb8bc4b32e51d5e29da9458215e47398839592092bb145ab3,1701,100644,model-parameters,coupled-E,committed-parameter-set,Model C (coupled-consistent retune; drivers + GPP from Lei's ED dump; GFED5 target),16,13,f5c99af32bba749ff2d9c17c445caeb1e01a9e6d,2026-07-24T02:48:47-04:00,11ee71418e597e977a4d49f6fda166e20c098e9f,2026-08-18T03:46:47-04:00,38,coupled-refit-gfed5,coupled-refit-gfed5
models/C/params.coupledE_sam.json,dc3aaf408f0a90bada7920301d34a0fa2b47cd2f,model/other-models/commit-artifacts/by-path/models/C/params.coupledE_sam.dc3aaf408f0a90bada7920301d34a0fa2b47cd2f.json,2bdc786cb5656fcf39492b36a9f9667124b00b7a7ec334e27ae792a8cfeeba25,1702,100644,model-parameters,coupled-E,committed-parameter-set,Model C (coupled-consistent retune; drivers + GPP from Lei's ED dump; GFED5 target),16,13,a71c1440187be918adebfd8db43fb83be18c1226,2026-07-23T12:01:43-04:00,11ee71418e597e977a4d49f6fda166e20c098e9f,2026-08-18T03:46:47-04:00,40,coupled-refit-gfed5,coupled-refit-gfed5
models/C/params.coupledE_sea.json,c2f0083e84b976f27d37e0cd4efa2bdbccb006f2,model/other-models/commit-artifacts/by-path/models/C/params.coupledE_sea.c2f0083e84b976f27d37e0cd4efa2bdbccb006f2.json,f251e59f1597eed40a3b0c5f04167186361e4f46eb4eca283b71fbba84f4244d,1701,100644,model-parameters,coupled-E,committed-parameter-set,Model C (coupled-consistent retune; drivers + GPP from Lei's ED dump; GFED5 target),16,13,a71c1440187be918adebfd8db43fb83be18c1226,2026-07-23T12:01:43-04:00,11ee71418e597e977a4d49f6fda166e20c098e9f,2026-08-18T03:46:47-04:00,40,coupled-refit-gfed5,coupled-refit-gfed5
models/C/params.coupledE_smoke.json,62d3c526fd0b6175625b629af0fb0eb9a18ccd02,model/other-models/commit-artifacts/by-path/models/C/params.coupledE_smoke.62d3c526fd0b6175625b629af0fb0eb9a18ccd02.json,86f18e47f63fd52360d7668fe68d763a44e2049818ce14897908e6b04d048f19,1694,100644,model-parameters,coupled-E,committed-parameter-set,Model C (coupled-consistent retune; drivers + GPP from Lei's ED dump; GFED5 target),16,13,3fb01b4a06f1eddc8f9ac0ed73788ab6ee8f57bb,2026-08-18T03:46:27-04:00,11ee71418e597e977a4d49f6fda166e20c098e9f,2026-08-18T03:46:47-04:00,3,coupled-refit-gfed5,coupled-refit-gfed5
models/C/params.coupledFW.json,13e75e34ce7b265ec0bdc56a49307065b077c056,model/other-models/commit-artifacts/by-path/models/C/params.coupledFW.13e75e34ce7b265ec0bdc56a49307065b077c056.json,d96c8d37f119d850a95968fc07f9ed93114cdfc2aa6439a40c0806377dd436fe,1701,100644,model-parameters,coupled-E,committed-parameter-set,Model C (coupled-consistent retune; drivers + GPP from Lei's ED dump; GFED5 target),16,13,3fb01b4a06f1eddc8f9ac0ed73788ab6ee8f57bb,2026-08-18T03:46:27-04:00,11ee71418e597e977a4d49f6fda166e20c098e9f,2026-08-18T03:46:47-04:00,3,coupled-refit-gfed5,coupled-refit-gfed5
models/C/params.coupledFW.k1.json,ecac5b4bbb448a0af490bcb5084bd13bd5adc997,model/other-models/commit-artifacts/by-path/models/C/params.coupledFW.k1.ecac5b4bbb448a0af490bcb5084bd13bd5adc997.json,b3298237deee1902401b09d285c12f4cce6597ab1f0759e17d13ba36789b055a,1815,100644,model-parameters,coupled-E,optimizer-checkpoint,Model C (coupled-consistent retune; drivers + GPP from Lei's ED dump; GFED5 target),16,17,3fb01b4a06f1eddc8f9ac0ed73788ab6ee8f57bb,2026-08-18T03:46:27-04:00,11ee71418e597e977a4d49f6fda166e20c098e9f,2026-08-18T03:46:47-04:00,3,coupled-refit-gfed5,coupled-refit-gfed5
models/C/params.coupledFW.k2.json,4450eb404d4990a77d51c701647019934f2f17be,model/other-models/commit-artifacts/by-path/models/C/params.coupledFW.k2.4450eb404d4990a77d51c701647019934f2f17be.json,9235f617a03d6b1230504d8354243da33e3cf2d6e4ee37d5350235f9c9069f83,1821,100644,model-parameters,coupled-E,optimizer-checkpoint,Model C (coupled-consistent retune; drivers + GPP from Lei's ED dump; GFED5 target),16,17,3fb01b4a06f1eddc8f9ac0ed73788ab6ee8f57bb,2026-08-18T03:46:27-04:00,11ee71418e597e977a4d49f6fda166e20c098e9f,2026-08-18T03:46:47-04:00,3,coupled-refit-gfed5,coupled-refit-gfed5
models/C/params.coupledFW.k3.json,f9ac44a7fdfedef61c0127effe03901351c4ac6f,model/other-models/commit-artifacts/by-path/models/C/params.coupledFW.k3.f9ac44a7fdfedef61c0127effe03901351c4ac6f.json,e598882a6b77ffb620af3e34dd38c7ca817a01a0dd43a4a89dc5d2cf5fbd43de,1821,100644,model-parameters,coupled-E,optimizer-checkpoint,Model C (coupled-consistent retune; drivers + GPP from Lei's ED dump; GFED5 target),16,17,3fb01b4a06f1eddc8f9ac0ed73788ab6ee8f57bb,2026-08-18T03:46:27-04:00,11ee71418e597e977a4d49f6fda166e20c098e9f,2026-08-18T03:46:47-04:00,3,coupled-refit-gfed5,coupled-refit-gfed5
models/C/params.coupledFW.k4.json,f0acdc3902a533a3416c0c0d7482515dd0398d0e,model/other-models/commit-artifacts/by-path/models/C/params.coupledFW.k4.f0acdc3902a533a3416c0c0d7482515dd0398d0e.json,b4da9e9ad77679c2aba2ef92c1b9003401f5d90e1c64e9c85b0e318874cf9726,1817,100644,model-parameters,coupled-E,optimizer-checkpoint,Model C (coupled-consistent retune; drivers + GPP from Lei's ED dump; GFED5 target),16,17,3fb01b4a06f1eddc8f9ac0ed73788ab6ee8f57bb,2026-08-18T03:46:27-04:00,11ee71418e597e977a4d49f6fda166e20c098e9f,2026-08-18T03:46:47-04:00,3,coupled-refit-gfed5,coupled-refit-gfed5
models/C/params.coupledFW.k5.json,6eb2332161043ee48d0d19b466c259f5fdd51bfd,model/other-models/commit-artifacts/by-path/models/C/params.coupledFW.k5.6eb2332161043ee48d0d19b466c259f5fdd51bfd.json,c76ed48518f3125a56ae2297ce1139add660f75b740bc6b974de3932be3920c7,1820,100644,model-parameters,coupled-E,optimizer-checkpoint,Model C (coupled-consistent retune; drivers + GPP from Lei's ED dump; GFED5 target),16,17,3fb01b4a06f1eddc8f9ac0ed73788ab6ee8f57bb,2026-08-18T03:46:27-04:00,11ee71418e597e977a4d49f6fda166e20c098e9f,2026-08-18T03:46:47-04:00,3,coupled-refit-gfed5,coupled-refit-gfed5
models/C/params.europe.json,e8a2358b1f72aa990d18abb422eefa401bc6a733,model/other-models/commit-artifacts/by-path/models/C/params.europe.e8a2358b1f72aa990d18abb422eefa401bc6a733.json,183b2a3b98df8e2df42ecbc91bd2f7da7180f2b7a98077248420a154bb108ccb,1667,100644,model-parameters,C-development,committed-parameter-set,Model C (coupled-consistent retune; drivers + GPP from Lei's ED dump; GFED5 target),15,13,b77e29553af06505a26e3b0056bc4953846ee1c6,2026-06-10T23:29:21-04:00,11ee71418e597e977a4d49f6fda166e20c098e9f,2026-08-18T03:46:47-04:00,62,main;coupled-refit-gfed5;modelD-paper-params,coupled-refit-gfed5
models/C/params.europe.k1.json,86552a4e47fd63cd300382102eff43ab31cfb08b,model/other-models/commit-artifacts/by-path/models/C/params.europe.k1.86552a4e47fd63cd300382102eff43ab31cfb08b.json,9cac5f7a846ceeff447b0e436c3e02cd1aa3922675e91d19a83d43f3af524526,1783,100644,model-parameters,C-development,optimizer-checkpoint,Model C (coupled-consistent retune; drivers + GPP from Lei's ED dump; GFED5 target),15,17,b77e29553af06505a26e3b0056bc4953846ee1c6,2026-06-10T23:29:21-04:00,11ee71418e597e977a4d49f6fda166e20c098e9f,2026-08-18T03:46:47-04:00,62,main;coupled-refit-gfed5;modelD-paper-params,coupled-refit-gfed5
models/C/params.europe.k2.json,163d35ffcfeff5f45df70497ad70539a5b302df9,model/other-models/commit-artifacts/by-path/models/C/params.europe.k2.163d35ffcfeff5f45df70497ad70539a5b302df9.json,39c1bd91b764b8e35f196e74780df0e1587b724450d267444437a53ab7394ef3,1783,100644,model-parameters,C-development,optimizer-checkpoint,Model C (coupled-consistent retune; drivers + GPP from Lei's ED dump; GFED5 target),15,17,b77e29553af06505a26e3b0056bc4953846ee1c6,2026-06-10T23:29:21-04:00,11ee71418e597e977a4d49f6fda166e20c098e9f,2026-08-18T03:46:47-04:00,62,main;coupled-refit-gfed5;modelD-paper-params,coupled-refit-gfed5
models/C/params.europe.k3.json,0722062d5b601655cfe2c5c8798b71ee4de5d72c,model/other-models/commit-artifacts/by-path/models/C/params.europe.k3.0722062d5b601655cfe2c5c8798b71ee4de5d72c.json,09544dc785dda313e9e94f7ef793a196f2ee14959c17900ebb960090e6e4709f,1782,100644,model-parameters,C-development,optimizer-checkpoint,Model C (coupled-consistent retune; drivers + GPP from Lei's ED dump; GFED5 target),15,17,b77e29553af06505a26e3b0056bc4953846ee1c6,2026-06-10T23:29:21-04:00,11ee71418e597e977a4d49f6fda166e20c098e9f,2026-08-18T03:46:47-04:00,62,main;coupled-refit-gfed5;modelD-paper-params,coupled-refit-gfed5
models/C/params.europe.k4.json,60a3b2b04a42268111fb6e19eaa19a7d9d5e37a9,model/other-models/commit-artifacts/by-path/models/C/params.europe.k4.60a3b2b04a42268111fb6e19eaa19a7d9d5e37a9.json,f97eb5781fc5ba31d5ffa46122977d865d7256d9ea49b3f81d39ce4e352290ee,1776,100644,model-parameters,C-development,optimizer-checkpoint,Model C (coupled-consistent retune; drivers + GPP from Lei's ED dump; GFED5 target),15,17,b77e29553af06505a26e3b0056bc4953846ee1c6,2026-06-10T23:29:21-04:00,11ee71418e597e977a4d49f6fda166e20c098e9f,2026-08-18T03:46:47-04:00,62,main;coupled-refit-gfed5;modelD-paper-params,coupled-refit-gfed5
models/C/params.europe.k5.json,af90f5ebd5c557ec0ee1db30b7f0d204b2a345e2,model/other-models/commit-artifacts/by-path/models/C/params.europe.k5.af90f5ebd5c557ec0ee1db30b7f0d204b2a345e2.json,024d2e33dc2a95cf0814d15dc3f9a57453107fb3e332744179c49465859e7bfc,1784,100644,model-parameters,C-development,optimizer-checkpoint,Model C (coupled-consistent retune; drivers + GPP from Lei's ED dump; GFED5 target),15,17,b77e29553af06505a26e3b0056bc4953846ee1c6,2026-06-10T23:29:21-04:00,11ee71418e597e977a4d49f6fda166e20c098e9f,2026-08-18T03:46:47-04:00,62,main;coupled-refit-gfed5;modelD-paper-params,coupled-refit-gfed5
models/C/params.europe.k6.json,7c69625c960823febdc3cdaed2f266f4d306c3a7,model/other-models/commit-artifacts/by-path/models/C/params.europe.k6.7c69625c960823febdc3cdaed2f266f4d306c3a7.json,792a130fc28786f349e300d111f3fb6702b588edb9ab3d1cdc57d80109b76f5c,1780,100644,model-parameters,C-development,optimizer-checkpoint,Model C (coupled-consistent retune; drivers + GPP from Lei's ED dump; GFED5 target),15,17,b77e29553af06505a26e3b0056bc4953846ee1c6,2026-06-10T23:29:21-04:00,11ee71418e597e977a4d49f6fda166e20c098e9f,2026-08-18T03:46:47-04:00,62,main;coupled-refit-gfed5;modelD-paper-params,coupled-refit-gfed5
models/C/params.europecell.json,f69dcb237cc3810ac08b6abf0cc1faf1689374c7,model/other-models/commit-artifacts/by-path/models/C/params.europecell.f69dcb237cc3810ac08b6abf0cc1faf1689374c7.json,14593d7d21689ade03d60862a38ad0dbadb9935e95e601ad6f14d21cf7860fe2,1671,100644,model-parameters,C-development,held-out-cells,Model C (coupled-consistent retune; drivers + GPP from Lei's ED dump; GFED5 target),15,13,0db07563d93cdb045e5dec86d00d2294d5a50ac5,2026-06-11T16:10:05-04:00,11ee71418e597e977a4d49f6fda166e20c098e9f,2026-08-18T03:46:47-04:00,55,main;coupled-refit-gfed5;modelD-paper-params,coupled-refit-gfed5
models/C/params.europeho.json,75fc1188f38dd32fb2608153a4dd9a34edcd3612,model/other-models/commit-artifacts/by-path/models/C/params.europeho.75fc1188f38dd32fb2608153a4dd9a34edcd3612.json,7d733f3ff505e68ba94979a39adb6ecf548a407bcb46a9a9f8f62b25d46d76ed,1669,100644,model-parameters,C-development,committed-parameter-set,Model C (coupled-consistent retune; drivers + GPP from Lei's ED dump; GFED5 target),15,13,cfb4703f8f7d8a7193014b28fc745f7c4efd785a,2026-06-11T13:54:48-04:00,11ee71418e597e977a4d49f6fda166e20c098e9f,2026-08-18T03:46:47-04:00,56,main;coupled-refit-gfed5;modelD-paper-params,coupled-refit-gfed5
models/C/params.europeseas.json,065514bf0fb7f41d96a0f02f5ff116c5d71c4337,model/other-models/commit-artifacts/by-path/models/C/params.europeseas.065514bf0fb7f41d96a0f02f5ff116c5d71c4337.json,fba8ded767f439e9bdefa3d39b33a7fe3cc15470088a81169d8e2ab454c523dd,1672,100644,model-parameters,C-development,committed-parameter-set,Model C (coupled-consistent retune; drivers + GPP from Lei's ED dump; GFED5 target),15,13,d2912cdd633baf26c20abb31e343b861dd93f17b,2026-06-11T03:24:19-04:00,11ee71418e597e977a4d49f6fda166e20c098e9f,2026-08-18T03:46:47-04:00,59,main;coupled-refit-gfed5;modelD-paper-params,coupled-refit-gfed5
models/C/params.europeseas.k1.json,1136f00f69429e394daf17ed3f5f3056fed89a38,model/other-models/commit-artifacts/by-path/models/C/params.europeseas.k1.1136f00f69429e394daf17ed3f5f3056fed89a38.json,5a9796314b2fa590ecdd364e22d8503abdc0ce938fe3072ad207b5007b7d0fae,1788,100644,model-parameters,C-development,optimizer-checkpoint,Model C (coupled-consistent retune; drivers + GPP from Lei's ED dump; GFED5 target),15,17,d2912cdd633baf26c20abb31e343b861dd93f17b,2026-06-11T03:24:19-04:00,11ee71418e597e977a4d49f6fda166e20c098e9f,2026-08-18T03:46:47-04:00,59,main;coupled-refit-gfed5;modelD-paper-params,coupled-refit-gfed5
models/C/params.europeseas.k2.json,db1b0a610a42bbd29fe69c8efbbebf09661dcbe6,model/other-models/commit-artifacts/by-path/models/C/params.europeseas.k2.db1b0a610a42bbd29fe69c8efbbebf09661dcbe6.json,15af4348b46377141de179c538a58f890976b23a15a8016cdcd074bc53e40dc3,1785,100644,model-parameters,C-development,optimizer-checkpoint,Model C (coupled-consistent retune; drivers + GPP from Lei's ED dump; GFED5 target),15,17,d2912cdd633baf26c20abb31e343b861dd93f17b,2026-06-11T03:24:19-04:00,11ee71418e597e977a4d49f6fda166e20c098e9f,2026-08-18T03:46:47-04:00,59,main;coupled-refit-gfed5;modelD-paper-params,coupled-refit-gfed5
models/C/params.europeseas.k3.json,c6d34012e52bd18b9cd08e7ef99498b3008ad317,model/other-models/commit-artifacts/by-path/models/C/params.europeseas.k3.c6d34012e52bd18b9cd08e7ef99498b3008ad317.json,2aa3e7719f4980e384d0f1c143c797f28b99c5598bfe867f81361aeee3734e9e,1790,100644,model-parameters,C-development,optimizer-checkpoint,Model C (coupled-consistent retune; drivers + GPP from Lei's ED dump; GFED5 target),15,17,d2912cdd633baf26c20abb31e343b861dd93f17b,2026-06-11T03:24:19-04:00,11ee71418e597e977a4d49f6fda166e20c098e9f,2026-08-18T03:46:47-04:00,59,main;coupled-refit-gfed5;modelD-paper-params,coupled-refit-gfed5
models/C/params.europeseas.k4.json,3022980f4a34d49858ec2f529fe958be282a7a8d,model/other-models/commit-artifacts/by-path/models/C/params.europeseas.k4.3022980f4a34d49858ec2f529fe958be282a7a8d.json,3917d7616cfd7b48dcf1a72f174aafbf00c0dc185a8a8de409a80280f9e181e6,1783,100644,model-parameters,C-development,optimizer-checkpoint,Model C (coupled-consistent retune; drivers + GPP from Lei's ED dump; GFED5 target),15,17,d2912cdd633baf26c20abb31e343b861dd93f17b,2026-06-11T03:24:19-04:00,11ee71418e597e977a4d49f6fda166e20c098e9f,2026-08-18T03:46:47-04:00,59,main;coupled-refit-gfed5;modelD-paper-params,coupled-refit-gfed5
models/C/params.europeseas.k5.json,a719d0e68335c7e2714d5e7a25e51d4ea632bd40,model/other-models/commit-artifacts/by-path/models/C/params.europeseas.k5.a719d0e68335c7e2714d5e7a25e51d4ea632bd40.json,8eae3a4fd368340dca55a450f9e86d92e6e2e8c2f8087e37a66ca81c66adfd0f,1790,100644,model-parameters,C-development,optimizer-checkpoint,Model C (coupled-consistent retune; drivers + GPP from Lei's ED dump; GFED5 target),15,17,d2912cdd633baf26c20abb31e343b861dd93f17b,2026-06-11T03:24:19-04:00,11ee71418e597e977a4d49f6fda166e20c098e9f,2026-08-18T03:46:47-04:00,59,main;coupled-refit-gfed5;modelD-paper-params,coupled-refit-gfed5
models/C/params.europeseas.k6.json,0160b69b0ac99b882842d1ea5d5a0e1cb3351030,model/other-models/commit-artifacts/by-path/models/C/params.europeseas.k6.0160b69b0ac99b882842d1ea5d5a0e1cb3351030.json,0d201b5ae78e39f4092efc5b2fbad789a5a47c270e648ff870494ab2475fb4c8,1785,100644,model-parameters,C-development,optimizer-checkpoint,Model C (coupled-consistent retune; drivers + GPP from Lei's ED dump; GFED5 target),15,17,d2912cdd633baf26c20abb31e343b861dd93f17b,2026-06-11T03:24:19-04:00,11ee71418e597e977a4d49f6fda166e20c098e9f,2026-08-18T03:46:47-04:00,59,main;coupled-refit-gfed5;modelD-paper-params,coupled-refit-gfed5
models/C/params.json,28f1fb6990bff3963878adc42d072e5da3e4c406,model/other-models/commit-artifacts/by-path/models/C/params.28f1fb6990bff3963878adc42d072e5da3e4c406.json,254c4c0f14a7b4bc206ac5c76c0fedd93e5f0add1c364e829e32687ed75d918e,707,100644,model-parameters,C-development,committed-parameter-set,Model C v2,10,8,c2fba5a32953fc567d760e87e551a004820d963f,2026-04-21T15:19:24-04:00,c2fba5a32953fc567d760e87e551a004820d963f,2026-04-21T15:19:24-04:00,1,main;coupled-refit-gfed5;modelD-paper-params,
models/C/params.json,5845c421bc989ecdb9d8ba6355f01bb7ad7cb8d6,model/other-models/commit-artifacts/by-path/models/C/params.5845c421bc989ecdb9d8ba6355f01bb7ad7cb8d6.json,ac89555bc378ecd1ae96e469d1be785f515464713ce771c2a2379a0ca18ac6ca,852,100644,model-parameters,C-development,committed-parameter-set,Model C (Shapley-reduced from v8),12,8,bffdba5716aaf702d1eeffdb40a2480f34561799,2026-04-22T00:22:18-04:00,48dc681b2a71453c97146151c062e83ea76cf5a6,2026-04-22T18:07:39-04:00,3,main;coupled-refit-gfed5;modelD-paper-params,
models/C/params.json,7d1aa6f7f5ef13e1022f1eb2d1145f64b35d6929,model/other-models/commit-artifacts/by-path/models/C/params.7d1aa6f7f5ef13e1022f1eb2d1145f64b35d6929.json,479c63b919141e127eef2810028137fa8d11681a59570f574012985637541de1,1716,100644,model-parameters,C-development,committed-parameter-set,Model C (coupled-consistent retune; drivers + GPP from Lei's ED dump; GFED5 target),14,17,7eee8b1cea3d8f317b80c7f62c5d76842702470f,2026-06-08T17:25:24-04:00,11ee71418e597e977a4d49f6fda166e20c098e9f,2026-08-18T03:46:47-04:00,80,main;coupled-refit-gfed5;modelD-paper-params,coupled-refit-gfed5
models/C/params.json,b3f96472307f86f0cff190afd1252ab86015e18e,model/other-models/commit-artifacts/by-path/models/C/params.b3f96472307f86f0cff190afd1252ab86015e18e.json,fde7fab8cf0a91b742cfd9a5c2b9b0602e57c3ce5eb6957794d038541622b7de,1512,100644,model-parameters,C-development,committed-parameter-set,Model C (coupled-consistent retune; drivers + GPP from Lei's ED dump; GFED5 target),12,13,9d346449731a4cf73f2a0787e0439571fbaf7e2a,2026-06-01T22:14:12-04:00,dc7efe658c1e0b9841c0361bb1922a810cb4ceb6,2026-06-08T12:11:31-04:00,9,main;coupled-refit-gfed5;modelD-paper-params,
models/C/params.json,f0ff71ef6db0cb8857ae40fdebed04007e363f00,model/other-models/commit-artifacts/by-path/models/C/params.f0ff71ef6db0cb8857ae40fdebed04007e363f00.json,3afbd924394ac557b7cc08413c43cfb3e1ffb9f1f84d599d25bc8ddfd9a2764b,1594,100644,model-parameters,C-development,committed-parameter-set,Model C (ED-coupled-consistent retune; rank #1 at 0.6713),12,11,1bac73121385ecd545c132df49746a8a28cce44b,2026-04-28T20:44:25-04:00,1bac73121385ecd545c132df49746a8a28cce44b,2026-04-28T20:44:25-04:00,1,main;coupled-refit-gfed5;modelD-paper-params,
models/C/params.json,fb2a1e318217e648c461f6219173c195e0686dec,model/other-models/commit-artifacts/by-path/models/C/params.fb2a1e318217e648c461f6219173c195e0686dec.json,0e9930e8be0beb0be4e650d33bd74a6d9cdd6002f645c7720b12fca59d7b7453,902,100644,model-parameters,C-development,committed-parameter-set,Model C (full 12-param retune on canonical dbar),12,8,2fe11228a207bc7947f4bd02e0ff41d53ac84985,2026-04-23T21:41:03-04:00,7b0584545e3e9f35a3f4814ba8e723c2ec6659db,2026-04-23T22:03:23-04:00,2,main;coupled-refit-gfed5;modelD-paper-params,
models/C/params.namerica.json,1d41f07b11e75d2d968a71823fb6b3ff45d2556d,model/other-models/commit-artifacts/by-path/models/C/params.namerica.1d41f07b11e75d2d968a71823fb6b3ff45d2556d.json,d9d46af446ba8488c09baa27bc7a6f7e264ee62a09d25c87f365dc051be13dda,1668,100644,model-parameters,C-development,committed-parameter-set,Model C (coupled-consistent retune; drivers + GPP from Lei's ED dump; GFED5 target),15,13,b77e29553af06505a26e3b0056bc4953846ee1c6,2026-06-10T23:29:21-04:00,11ee71418e597e977a4d49f6fda166e20c098e9f,2026-08-18T03:46:47-04:00,62,main;coupled-refit-gfed5;modelD-paper-params,coupled-refit-gfed5
models/C/params.namerica.k1.json,23d847c7214fbcbdd14a0741ba0760a2a11354d5,model/other-models/commit-artifacts/by-path/models/C/params.namerica.k1.23d847c7214fbcbdd14a0741ba0760a2a11354d5.json,e7cf4a91fa2a1991cb6a9f69e9608eb9e70b7ab8e859f031970f55e469ad83eb,1785,100644,model-parameters,C-development,optimizer-checkpoint,Model C (coupled-consistent retune; drivers + GPP from Lei's ED dump; GFED5 target),15,17,b77e29553af06505a26e3b0056bc4953846ee1c6,2026-06-10T23:29:21-04:00,11ee71418e597e977a4d49f6fda166e20c098e9f,2026-08-18T03:46:47-04:00,62,main;coupled-refit-gfed5;modelD-paper-params,coupled-refit-gfed5
models/C/params.namerica.k2.json,99e78e4e3f23993a96f1ecede30e73cf63d5c909,model/other-models/commit-artifacts/by-path/models/C/params.namerica.k2.99e78e4e3f23993a96f1ecede30e73cf63d5c909.json,9149411d4a976610fe94b4d0e84442409f657fc104125f4384ed1cd891e1ae09,1779,100644,model-parameters,C-development,optimizer-checkpoint,Model C (coupled-consistent retune; drivers + GPP from Lei's ED dump; GFED5 target),15,17,b77e29553af06505a26e3b0056bc4953846ee1c6,2026-06-10T23:29:21-04:00,11ee71418e597e977a4d49f6fda166e20c098e9f,2026-08-18T03:46:47-04:00,62,main;coupled-refit-gfed5;modelD-paper-params,coupled-refit-gfed5
models/C/params.namerica.k3.json,3b27fe1cb275b1f1e2869f173bd42b3537bbfbc6,model/other-models/commit-artifacts/by-path/models/C/params.namerica.k3.3b27fe1cb275b1f1e2869f173bd42b3537bbfbc6.json,3cec47ca1ced471d0102df9358ebbdba9d84b14955aa971c510387ffbb2221a4,1779,100644,model-parameters,C-development,optimizer-checkpoint,Model C (coupled-consistent retune; drivers + GPP from Lei's ED dump; GFED5 target),15,17,b77e29553af06505a26e3b0056bc4953846ee1c6,2026-06-10T23:29:21-04:00,11ee71418e597e977a4d49f6fda166e20c098e9f,2026-08-18T03:46:47-04:00,62,main;coupled-refit-gfed5;modelD-paper-params,coupled-refit-gfed5
models/C/params.namerica.k4.json,ede6f877a4c39a01bd8525ec5593b628aa801083,model/other-models/commit-artifacts/by-path/models/C/params.namerica.k4.ede6f877a4c39a01bd8525ec5593b628aa801083.json,77ac0e6f12850d09cfc025892a8c13cf483908311c88740265c1b4423518ceeb,1785,100644,model-parameters,C-development,optimizer-checkpoint,Model C (coupled-consistent retune; drivers + GPP from Lei's ED dump; GFED5 target),15,17,b77e29553af06505a26e3b0056bc4953846ee1c6,2026-06-10T23:29:21-04:00,11ee71418e597e977a4d49f6fda166e20c098e9f,2026-08-18T03:46:47-04:00,62,main;coupled-refit-gfed5;modelD-paper-params,coupled-refit-gfed5
models/C/params.namerica.k5.json,9c51d9f5c7ebffa23f4d1e3926cb2a678169cbbe,model/other-models/commit-artifacts/by-path/models/C/params.namerica.k5.9c51d9f5c7ebffa23f4d1e3926cb2a678169cbbe.json,9aa448909325f31d65897dccea35007d0cb5d4229d16f70e9b50ad349a6f741e,1783,100644,model-parameters,C-development,optimizer-checkpoint,Model C (coupled-consistent retune; drivers + GPP from Lei's ED dump; GFED5 target),15,17,b77e29553af06505a26e3b0056bc4953846ee1c6,2026-06-10T23:29:21-04:00,11ee71418e597e977a4d49f6fda166e20c098e9f,2026-08-18T03:46:47-04:00,62,main;coupled-refit-gfed5;modelD-paper-params,coupled-refit-gfed5
models/C/params.namerica.k6.json,936a57347bb9276b8bea819a5bc92fe2e6c03582,model/other-models/commit-artifacts/by-path/models/C/params.namerica.k6.936a57347bb9276b8bea819a5bc92fe2e6c03582.json,59ea02a51f5426fa9c5810969e758d17f21e99b15ca94dff1796552b28256a75,1781,100644,model-parameters,C-development,optimizer-checkpoint,Model C (coupled-consistent retune; drivers + GPP from Lei's ED dump; GFED5 target),15,17,b77e29553af06505a26e3b0056bc4953846ee1c6,2026-06-10T23:29:21-04:00,11ee71418e597e977a4d49f6fda166e20c098e9f,2026-08-18T03:46:47-04:00,62,main;coupled-refit-gfed5;modelD-paper-params,coupled-refit-gfed5
models/C/params.nsga2.json,b3f96472307f86f0cff190afd1252ab86015e18e,model/other-models/commit-artifacts/by-path/models/C/params.nsga2.b3f96472307f86f0cff190afd1252ab86015e18e.json,fde7fab8cf0a91b742cfd9a5c2b9b0602e57c3ce5eb6957794d038541622b7de,1512,100644,model-parameters,C-development,committed-parameter-set,Model C (coupled-consistent retune; drivers + GPP from Lei's ED dump; GFED5 target),12,13,9d346449731a4cf73f2a0787e0439571fbaf7e2a,2026-06-01T22:14:12-04:00,11ee71418e597e977a4d49f6fda166e20c098e9f,2026-08-18T03:46:47-04:00,89,main;coupled-refit-gfed5;modelD-paper-params,coupled-refit-gfed5
models/C/params.paperD.json,b316d75c5c8a6680b1e10284dbbe7f8c90f360ac,model/other-models/commit-artifacts/by-path/models/C/params.paperD.b316d75c5c8a6680b1e10284dbbe7f8c90f360ac.json,95507169cb53340750f641437d99bb121d0d266e3eeb0e90a1253828d4d178b9,1556,100644,model-parameters,D,committed-parameter-set,Model C (coupled-consistent retune; drivers + GPP from Lei's ED dump; GFED5 target),12,13,3fb01b4a06f1eddc8f9ac0ed73788ab6ee8f57bb,2026-08-18T03:46:27-04:00,11ee71418e597e977a4d49f6fda166e20c098e9f,2026-08-18T03:46:47-04:00,3,coupled-refit-gfed5,coupled-refit-gfed5
models/C/params.paperD.k1.json,8e9888300ad7ad042ed7d7bff5a2fe459e995e72,model/other-models/commit-artifacts/by-path/models/C/params.paperD.k1.8e9888300ad7ad042ed7d7bff5a2fe459e995e72.json,f14331c8ced016185a9d175a9ba979a2c4e50b71bdb9a8ae644596f6b5ad268d,1673,100644,model-parameters,D,optimizer-checkpoint,Model C (coupled-consistent retune; drivers + GPP from Lei's ED dump; GFED5 target),12,17,3fb01b4a06f1eddc8f9ac0ed73788ab6ee8f57bb,2026-08-18T03:46:27-04:00,11ee71418e597e977a4d49f6fda166e20c098e9f,2026-08-18T03:46:47-04:00,3,coupled-refit-gfed5,coupled-refit-gfed5
models/C/params.paperD.k2.json,9bbe826a8f6ca369d58591e38de66d72396d393a,model/other-models/commit-artifacts/by-path/models/C/params.paperD.k2.9bbe826a8f6ca369d58591e38de66d72396d393a.json,53ce9269f6888b0692fa5d3c9653a9954a1c75a5966c2f2bef59064dcda63b57,1672,100644,model-parameters,D,optimizer-checkpoint,Model C (coupled-consistent retune; drivers + GPP from Lei's ED dump; GFED5 target),12,17,3fb01b4a06f1eddc8f9ac0ed73788ab6ee8f57bb,2026-08-18T03:46:27-04:00,11ee71418e597e977a4d49f6fda166e20c098e9f,2026-08-18T03:46:47-04:00,3,coupled-refit-gfed5,coupled-refit-gfed5
models/C/params.paperD.k3.json,e686ec37b3aae77f307eaa8c686ca34fe8999ba3,model/other-models/commit-artifacts/by-path/models/C/params.paperD.k3.e686ec37b3aae77f307eaa8c686ca34fe8999ba3.json,6149e78d83c82134a84c29982c3c17d5cba19208d2acc837ba49af514ad2c83b,1672,100644,model-parameters,D,optimizer-checkpoint,Model C (coupled-consistent retune; drivers + GPP from Lei's ED dump; GFED5 target),12,17,3fb01b4a06f1eddc8f9ac0ed73788ab6ee8f57bb,2026-08-18T03:46:27-04:00,11ee71418e597e977a4d49f6fda166e20c098e9f,2026-08-18T03:46:47-04:00,3,coupled-refit-gfed5,coupled-refit-gfed5
models/C/params.paperD.k4.json,19cc8a27663f276550f8b3348bd0be8ccdea2168,model/other-models/commit-artifacts/by-path/models/C/params.paperD.k4.19cc8a27663f276550f8b3348bd0be8ccdea2168.json,8d8662a4bbf1eb5b00b9e10f194ac346b9dcf5d482531520f3af2adf84fb82a0,1668,100644,model-parameters,D,optimizer-checkpoint,Model C (coupled-consistent retune; drivers + GPP from Lei's ED dump; GFED5 target),12,17,3fb01b4a06f1eddc8f9ac0ed73788ab6ee8f57bb,2026-08-18T03:46:27-04:00,11ee71418e597e977a4d49f6fda166e20c098e9f,2026-08-18T03:46:47-04:00,3,coupled-refit-gfed5,coupled-refit-gfed5
models/C/params.paperD.k5.json,a211fa68cfcb9facac773f81636dc7f68d651d4f,model/other-models/commit-artifacts/by-path/models/C/params.paperD.k5.a211fa68cfcb9facac773f81636dc7f68d651d4f.json,c4d16dd3240d6f922586092fb5595a85a26638480320db6da92508842f3365d3,1675,100644,model-parameters,D,optimizer-checkpoint,Model C (coupled-consistent retune; drivers + GPP from Lei's ED dump; GFED5 target),12,17,3fb01b4a06f1eddc8f9ac0ed73788ab6ee8f57bb,2026-08-18T03:46:27-04:00,11ee71418e597e977a4d49f6fda166e20c098e9f,2026-08-18T03:46:47-04:00,3,coupled-refit-gfed5,coupled-refit-gfed5
models/C/params.paperD.k6.json,1bc1af540300a97278bf9dbf2415b87203926f16,model/other-models/commit-artifacts/by-path/models/C/params.paperD.k6.1bc1af540300a97278bf9dbf2415b87203926f16.json,d4f0cd96bc265af128ccfa7bdd776e3285be8e7dfe6232e2d2033fe32de419cf,1673,100644,model-parameters,D,optimizer-checkpoint,Model C (coupled-consistent retune; drivers + GPP from Lei's ED dump; GFED5 target),12,17,3fb01b4a06f1eddc8f9ac0ed73788ab6ee8f57bb,2026-08-18T03:46:27-04:00,11ee71418e597e977a4d49f6fda166e20c098e9f,2026-08-18T03:46:47-04:00,3,coupled-refit-gfed5,coupled-refit-gfed5
models/C/params.paperD.k7.json,ede9c28087aa1488c640da1110e0c94ca8d4b646,model/other-models/commit-artifacts/by-path/models/C/params.paperD.k7.ede9c28087aa1488c640da1110e0c94ca8d4b646.json,af31e868a27ca57d46b6a9373837e38a74dbb042558a0d016f31f805a4e3f2ca,1674,100644,model-parameters,D,optimizer-checkpoint,Model C (coupled-consistent retune; drivers + GPP from Lei's ED dump; GFED5 target),12,17,3fb01b4a06f1eddc8f9ac0ed73788ab6ee8f57bb,2026-08-18T03:46:27-04:00,11ee71418e597e977a4d49f6fda166e20c098e9f,2026-08-18T03:46:47-04:00,3,coupled-refit-gfed5,coupled-refit-gfed5
models/C/params.paperD.k8.json,0fe81b0dfffefa254043638b2da37f1e5b9b074c,model/other-models/commit-artifacts/by-path/models/C/params.paperD.k8.0fe81b0dfffefa254043638b2da37f1e5b9b074c.json,c0a9e91463dcb7463884181afe774c2691da840ca04d432183d686476b2138ff,1676,100644,model-parameters,D,optimizer-checkpoint,Model C (coupled-consistent retune; drivers + GPP from Lei's ED dump; GFED5 target),12,17,3fb01b4a06f1eddc8f9ac0ed73788ab6ee8f57bb,2026-08-18T03:46:27-04:00,11ee71418e597e977a4d49f6fda166e20c098e9f,2026-08-18T03:46:47-04:00,3,coupled-refit-gfed5,coupled-refit-gfed5
models/C/params.samerica.json,d0cc90eed2b44bcb7fa10833ca7d4f9530d25b21,model/other-models/commit-artifacts/by-path/models/C/params.samerica.d0cc90eed2b44bcb7fa10833ca7d4f9530d25b21.json,c2fa4eff395013da96e2fae001c56ddb9d0c82e6ab0bc92c31d515083b676a4b,1671,100644,model-parameters,C-development,committed-parameter-set,Model C (coupled-consistent retune; drivers + GPP from Lei's ED dump; GFED5 target),15,13,9451d1a02dfc9dd582c64e581e8045cfdcf67aa9,2026-06-10T20:57:03-04:00,11ee71418e597e977a4d49f6fda166e20c098e9f,2026-08-18T03:46:47-04:00,65,main;coupled-refit-gfed5;modelD-paper-params,coupled-refit-gfed5
models/C/params.samerica.k1.json,9a0d29a4d620c95a1798457751c818cffb8afa96,model/other-models/commit-artifacts/by-path/models/C/params.samerica.k1.9a0d29a4d620c95a1798457751c818cffb8afa96.json,144909e41d22dc8456a615fb64b24096952dbc7aef3dfe9b52da056e2c5334fc,1787,100644,model-parameters,C-development,optimizer-checkpoint,Model C (coupled-consistent retune; drivers + GPP from Lei's ED dump; GFED5 target),15,17,9451d1a02dfc9dd582c64e581e8045cfdcf67aa9,2026-06-10T20:57:03-04:00,11ee71418e597e977a4d49f6fda166e20c098e9f,2026-08-18T03:46:47-04:00,65,main;coupled-refit-gfed5;modelD-paper-params,coupled-refit-gfed5
models/C/params.samerica.k2.json,ae196b85fa322a7e8d1b12a328b50714e69f49ee,model/other-models/commit-artifacts/by-path/models/C/params.samerica.k2.ae196b85fa322a7e8d1b12a328b50714e69f49ee.json,6f2202d5c7a76fd17570edb4495af58e83bef71e2d850c7ce25dc8de50bb5dc9,1779,100644,model-parameters,C-development,optimizer-checkpoint,Model C (coupled-consistent retune; drivers + GPP from Lei's ED dump; GFED5 target),15,17,9451d1a02dfc9dd582c64e581e8045cfdcf67aa9,2026-06-10T20:57:03-04:00,11ee71418e597e977a4d49f6fda166e20c098e9f,2026-08-18T03:46:47-04:00,65,main;coupled-refit-gfed5;modelD-paper-params,coupled-refit-gfed5
models/C/params.samerica.k3.json,4293665b3880ef9d46db7192a7443810ec177552,model/other-models/commit-artifacts/by-path/models/C/params.samerica.k3.4293665b3880ef9d46db7192a7443810ec177552.json,4d3f8b7bf0e168fd8718c925cf333fb8bb6bb4dbd34cd74c7b05842b49d2022f,1784,100644,model-parameters,C-development,optimizer-checkpoint,Model C (coupled-consistent retune; drivers + GPP from Lei's ED dump; GFED5 target),15,17,9451d1a02dfc9dd582c64e581e8045cfdcf67aa9,2026-06-10T20:57:03-04:00,11ee71418e597e977a4d49f6fda166e20c098e9f,2026-08-18T03:46:47-04:00,65,main;coupled-refit-gfed5;modelD-paper-params,coupled-refit-gfed5
models/C/params.samericacell.json,ba940535b8ceccfe5c97e505a472d6d5106db36e,model/other-models/commit-artifacts/by-path/models/C/params.samericacell.ba940535b8ceccfe5c97e505a472d6d5106db36e.json,39d4509138cbb3c323c8790d9d60da3387b1b685560591f882d802dce2e3e2c8,1672,100644,model-parameters,C-development,held-out-cells,Model C (coupled-consistent retune; drivers + GPP from Lei's ED dump; GFED5 target),15,13,0db07563d93cdb045e5dec86d00d2294d5a50ac5,2026-06-11T16:10:05-04:00,11ee71418e597e977a4d49f6fda166e20c098e9f,2026-08-18T03:46:47-04:00,55,main;coupled-refit-gfed5;modelD-paper-params,coupled-refit-gfed5
models/C/params.samericaho.json,7a615cabddc253f5e8208fe21a1bb448cc5d9b04,model/other-models/commit-artifacts/by-path/models/C/params.samericaho.7a615cabddc253f5e8208fe21a1bb448cc5d9b04.json,3853945c563d8479dcf495404114894f983829fc32651d8e188a843f0f0ece7a,1663,100644,model-parameters,C-development,committed-parameter-set,Model C (coupled-consistent retune; drivers + GPP from Lei's ED dump; GFED5 target),15,13,cfb4703f8f7d8a7193014b28fc745f7c4efd785a,2026-06-11T13:54:48-04:00,11ee71418e597e977a4d49f6fda166e20c098e9f,2026-08-18T03:46:47-04:00,56,main;coupled-refit-gfed5;modelD-paper-params,coupled-refit-gfed5
models/C/params.samericaseas.json,d2eee164039b52a171a93c71239127e3fdd837e3,model/other-models/commit-artifacts/by-path/models/C/params.samericaseas.d2eee164039b52a171a93c71239127e3fdd837e3.json,2184b1a13ea39a8a3975a0568bb7611329b0536291f1b5d8f2cd09c6416d176a,1672,100644,model-parameters,C-development,committed-parameter-set,Model C (coupled-consistent retune; drivers + GPP from Lei's ED dump; GFED5 target),15,13,d2912cdd633baf26c20abb31e343b861dd93f17b,2026-06-11T03:24:19-04:00,11ee71418e597e977a4d49f6fda166e20c098e9f,2026-08-18T03:46:47-04:00,59,main;coupled-refit-gfed5;modelD-paper-params,coupled-refit-gfed5
models/C/params.samericaseas.k1.json,bfd888296b0be93a80529d1a7b0c9b444f87fda9,model/other-models/commit-artifacts/by-path/models/C/params.samericaseas.k1.bfd888296b0be93a80529d1a7b0c9b444f87fda9.json,fa088f8ce264d60e9e133a4a81e7978ffc5c5b96e9bc4cc0ce5319e20fd33de1,1786,100644,model-parameters,C-development,optimizer-checkpoint,Model C (coupled-consistent retune; drivers + GPP from Lei's ED dump; GFED5 target),15,17,d2912cdd633baf26c20abb31e343b861dd93f17b,2026-06-11T03:24:19-04:00,11ee71418e597e977a4d49f6fda166e20c098e9f,2026-08-18T03:46:47-04:00,59,main;coupled-refit-gfed5;modelD-paper-params,coupled-refit-gfed5
models/C/params.samericaseas.k2.json,e41ef4050270c545689047013b4b27b626ec31ac,model/other-models/commit-artifacts/by-path/models/C/params.samericaseas.k2.e41ef4050270c545689047013b4b27b626ec31ac.json,7667e8e00b96218b7b5ed2dce2cdd98102ab22081bc6a4c8f53a332969bd9490,1790,100644,model-parameters,C-development,optimizer-checkpoint,Model C (coupled-consistent retune; drivers + GPP from Lei's ED dump; GFED5 target),15,17,d2912cdd633baf26c20abb31e343b861dd93f17b,2026-06-11T03:24:19-04:00,11ee71418e597e977a4d49f6fda166e20c098e9f,2026-08-18T03:46:47-04:00,59,main;coupled-refit-gfed5;modelD-paper-params,coupled-refit-gfed5
models/C/params.samericaseas.k3.json,05a8f96d63148a2bc36ed0631d6cb73879dabc69,model/other-models/commit-artifacts/by-path/models/C/params.samericaseas.k3.05a8f96d63148a2bc36ed0631d6cb73879dabc69.json,e68d69a12ec16ca44c4ba219c3a6043563b28ec96e32a982d4f0e341ff876f64,1785,100644,model-parameters,C-development,optimizer-checkpoint,Model C (coupled-consistent retune; drivers + GPP from Lei's ED dump; GFED5 target),15,17,d2912cdd633baf26c20abb31e343b861dd93f17b,2026-06-11T03:24:19-04:00,11ee71418e597e977a4d49f6fda166e20c098e9f,2026-08-18T03:46:47-04:00,59,main;coupled-refit-gfed5;modelD-paper-params,coupled-refit-gfed5
models/C/params.samericaseas.k4.json,4f0ec20db80a99b5f96fa9be3ca8b2419203cb1c,model/other-models/commit-artifacts/by-path/models/C/params.samericaseas.k4.4f0ec20db80a99b5f96fa9be3ca8b2419203cb1c.json,95f6d1a68343bbe732d0130e86be54cd12109f904119623fd2c61778d29db390,1789,100644,model-parameters,C-development,optimizer-checkpoint,Model C (coupled-consistent retune; drivers + GPP from Lei's ED dump; GFED5 target),15,17,d2912cdd633baf26c20abb31e343b861dd93f17b,2026-06-11T03:24:19-04:00,11ee71418e597e977a4d49f6fda166e20c098e9f,2026-08-18T03:46:47-04:00,59,main;coupled-refit-gfed5;modelD-paper-params,coupled-refit-gfed5
models/C/params.samericaseas.k5.json,2f1ef25b218f99ad38931f1780fe56ea4a86c091,model/other-models/commit-artifacts/by-path/models/C/params.samericaseas.k5.2f1ef25b218f99ad38931f1780fe56ea4a86c091.json,2a32646cc5f23e2422aaf7c065891fde90ba7621bc59af993b7755bd13bd4fe4,1787,100644,model-parameters,C-development,optimizer-checkpoint,Model C (coupled-consistent retune; drivers + GPP from Lei's ED dump; GFED5 target),15,17,d2912cdd633baf26c20abb31e343b861dd93f17b,2026-06-11T03:24:19-04:00,11ee71418e597e977a4d49f6fda166e20c098e9f,2026-08-18T03:46:47-04:00,59,main;coupled-refit-gfed5;modelD-paper-params,coupled-refit-gfed5
models/C/params.samericaseas.k6.json,f5a3858c4153dfa5179a443468a555e35c317f5a,model/other-models/commit-artifacts/by-path/models/C/params.samericaseas.k6.f5a3858c4153dfa5179a443468a555e35c317f5a.json,49032083c558e307e0861079f65fa07aba68c47483acfd126bb7cf76519a4eb5,1780,100644,model-parameters,C-development,optimizer-checkpoint,Model C (coupled-consistent retune; drivers + GPP from Lei's ED dump; GFED5 target),15,17,d2912cdd633baf26c20abb31e343b861dd93f17b,2026-06-11T03:24:19-04:00,11ee71418e597e977a4d49f6fda166e20c098e9f,2026-08-18T03:46:47-04:00,59,main;coupled-refit-gfed5;modelD-paper-params,coupled-refit-gfed5
models/C/params.samericaseas2.json,f9a90976f4bd86877b90d7f1d52b494a34df1cd1,model/other-models/commit-artifacts/by-path/models/C/params.samericaseas2.f9a90976f4bd86877b90d7f1d52b494a34df1cd1.json,8dd949cf36aecb07cf5997e1389dc6123ccaa28269f9f94585511be23625e9c9,1672,100644,model-parameters,C-development,committed-parameter-set,Model C (coupled-consistent retune; drivers + GPP from Lei's ED dump; GFED5 target),15,13,4b67d28d267064029b33395a14583c75d340fed1,2026-06-11T22:08:52-04:00,11ee71418e597e977a4d49f6fda166e20c098e9f,2026-08-18T03:46:47-04:00,51,main;coupled-refit-gfed5;modelD-paper-params,coupled-refit-gfed5
models/C/params.samericaseas2.k1.json,0d52e318ff2f7f281d0e26a105d9199ede8bb9e3,model/other-models/commit-artifacts/by-path/models/C/params.samericaseas2.k1.0d52e318ff2f7f281d0e26a105d9199ede8bb9e3.json,932340fb632e915e740aa646f54af330eb5d8b4fcc3ab7af90cbf90c0fd6e6ff,1786,100644,model-parameters,C-development,optimizer-checkpoint,Model C (coupled-consistent retune; drivers + GPP from Lei's ED dump; GFED5 target),15,17,4b67d28d267064029b33395a14583c75d340fed1,2026-06-11T22:08:52-04:00,11ee71418e597e977a4d49f6fda166e20c098e9f,2026-08-18T03:46:47-04:00,51,main;coupled-refit-gfed5;modelD-paper-params,coupled-refit-gfed5
models/C/params.samericaseas2.k2.json,48cd01faa599bfff591533f582f024db36a75376,model/other-models/commit-artifacts/by-path/models/C/params.samericaseas2.k2.48cd01faa599bfff591533f582f024db36a75376.json,c6ba90dc297326a294f5e9388816d014f8aea01b3076e99358c07f010690f339,1790,100644,model-parameters,C-development,optimizer-checkpoint,Model C (coupled-consistent retune; drivers + GPP from Lei's ED dump; GFED5 target),15,17,4b67d28d267064029b33395a14583c75d340fed1,2026-06-11T22:08:52-04:00,11ee71418e597e977a4d49f6fda166e20c098e9f,2026-08-18T03:46:47-04:00,51,main;coupled-refit-gfed5;modelD-paper-params,coupled-refit-gfed5
models/C/params.samericaseas2.k3.json,a1ffa66895d0ee2ef5122fa855c2634a5f123da5,model/other-models/commit-artifacts/by-path/models/C/params.samericaseas2.k3.a1ffa66895d0ee2ef5122fa855c2634a5f123da5.json,c5e443d17dc7b05b00d87924eeef7877a619a34b161c3d8fd89c59bcb7bc9243,1785,100644,model-parameters,C-development,optimizer-checkpoint,Model C (coupled-consistent retune; drivers + GPP from Lei's ED dump; GFED5 target),15,17,4b67d28d267064029b33395a14583c75d340fed1,2026-06-11T22:08:52-04:00,11ee71418e597e977a4d49f6fda166e20c098e9f,2026-08-18T03:46:47-04:00,51,main;coupled-refit-gfed5;modelD-paper-params,coupled-refit-gfed5
models/C/params.samericaseas2.k4.json,322911a5ffe1939f13470a2a51c2f336d1a5e49a,model/other-models/commit-artifacts/by-path/models/C/params.samericaseas2.k4.322911a5ffe1939f13470a2a51c2f336d1a5e49a.json,ae87318a8256fc6115e484dd14cdcd58d97db89797c00253564e1889610702fc,1789,100644,model-parameters,C-development,optimizer-checkpoint,Model C (coupled-consistent retune; drivers + GPP from Lei's ED dump; GFED5 target),15,17,4b67d28d267064029b33395a14583c75d340fed1,2026-06-11T22:08:52-04:00,11ee71418e597e977a4d49f6fda166e20c098e9f,2026-08-18T03:46:47-04:00,51,main;coupled-refit-gfed5;modelD-paper-params,coupled-refit-gfed5
models/C/params.samericaseas2.k5.json,907ee39761f986dc76fe813ceefb65cf0abfdb63,model/other-models/commit-artifacts/by-path/models/C/params.samericaseas2.k5.907ee39761f986dc76fe813ceefb65cf0abfdb63.json,89f0d93247ae0f1463a6e34b2a083ba4d14eab80bb7fd0f27bd00fee357865e1,1787,100644,model-parameters,C-development,optimizer-checkpoint,Model C (coupled-consistent retune; drivers + GPP from Lei's ED dump; GFED5 target),15,17,4b67d28d267064029b33395a14583c75d340fed1,2026-06-11T22:08:52-04:00,11ee71418e597e977a4d49f6fda166e20c098e9f,2026-08-18T03:46:47-04:00,51,main;coupled-refit-gfed5;modelD-paper-params,coupled-refit-gfed5
models/C/params.samericaseas2.k6.json,5040f0e476d47a326fe7d00fae2172b8758c64bb,model/other-models/commit-artifacts/by-path/models/C/params.samericaseas2.k6.5040f0e476d47a326fe7d00fae2172b8758c64bb.json,a07f782c02a21ead96ea735f4b67ce98ee3ec4a77c44f55c92f396a0729dd1ef,1780,100644,model-parameters,C-development,optimizer-checkpoint,Model C (coupled-consistent retune; drivers + GPP from Lei's ED dump; GFED5 target),15,17,4b67d28d267064029b33395a14583c75d340fed1,2026-06-11T22:08:52-04:00,11ee71418e597e977a4d49f6fda166e20c098e9f,2026-08-18T03:46:47-04:00,51,main;coupled-refit-gfed5;modelD-paper-params,coupled-refit-gfed5
models/C/params.seasia.json,15fb18d4c324ba3ed02d584d03f8cf7e3c7173d6,model/other-models/commit-artifacts/by-path/models/C/params.seasia.15fb18d4c324ba3ed02d584d03f8cf7e3c7173d6.json,0e1a4aac75eea669d5ae30b78a768e4aaafd195afa419256404d76cf97d1c940,1663,100644,model-parameters,C-development,committed-parameter-set,Model C (coupled-consistent retune; drivers + GPP from Lei's ED dump; GFED5 target),15,13,b77e29553af06505a26e3b0056bc4953846ee1c6,2026-06-10T23:29:21-04:00,11ee71418e597e977a4d49f6fda166e20c098e9f,2026-08-18T03:46:47-04:00,62,main;coupled-refit-gfed5;modelD-paper-params,coupled-refit-gfed5
models/C/params.seasia.k1.json,96e3b8ebd674d6af6e2ab4f1803a467616a8aa24,model/other-models/commit-artifacts/by-path/models/C/params.seasia.k1.96e3b8ebd674d6af6e2ab4f1803a467616a8aa24.json,89ea8f137939bba2d58b6502b7f3c58edc7f46bb02793665f234888165fc7a52,1780,100644,model-parameters,C-development,optimizer-checkpoint,Model C (coupled-consistent retune; drivers + GPP from Lei's ED dump; GFED5 target),15,17,b77e29553af06505a26e3b0056bc4953846ee1c6,2026-06-10T23:29:21-04:00,11ee71418e597e977a4d49f6fda166e20c098e9f,2026-08-18T03:46:47-04:00,62,main;coupled-refit-gfed5;modelD-paper-params,coupled-refit-gfed5
models/C/params.seasia.k2.json,1677b4acd2b4443f8863bbc47c73aa28af233a68,model/other-models/commit-artifacts/by-path/models/C/params.seasia.k2.1677b4acd2b4443f8863bbc47c73aa28af233a68.json,a6978ada434910dcbfbedd190da4a9932ee1429f42bad6abca5f1bbe6b24a3bf,1782,100644,model-parameters,C-development,optimizer-checkpoint,Model C (coupled-consistent retune; drivers + GPP from Lei's ED dump; GFED5 target),15,17,b77e29553af06505a26e3b0056bc4953846ee1c6,2026-06-10T23:29:21-04:00,11ee71418e597e977a4d49f6fda166e20c098e9f,2026-08-18T03:46:47-04:00,62,main;coupled-refit-gfed5;modelD-paper-params,coupled-refit-gfed5
models/C/params.seasia.k3.json,d073cadd77bdd4b6c6852bca2dba8582f754993f,model/other-models/commit-artifacts/by-path/models/C/params.seasia.k3.d073cadd77bdd4b6c6852bca2dba8582f754993f.json,10f3873a6454b9f097ef00cc3f76d7144000c73a473fa9b9f716b0768cde0300,1778,100644,model-parameters,C-development,optimizer-checkpoint,Model C (coupled-consistent retune; drivers + GPP from Lei's ED dump; GFED5 target),15,17,b77e29553af06505a26e3b0056bc4953846ee1c6,2026-06-10T23:29:21-04:00,11ee71418e597e977a4d49f6fda166e20c098e9f,2026-08-18T03:46:47-04:00,62,main;coupled-refit-gfed5;modelD-paper-params,coupled-refit-gfed5
models/C/params.seasia.k4.json,c543713f67d66b21f1ee0db27777659540bbb85e,model/other-models/commit-artifacts/by-path/models/C/params.seasia.k4.c543713f67d66b21f1ee0db27777659540bbb85e.json,da6901e2a2f6235af525a3fb9c738bc459f6305a1ac7e306e96acdc16f6f467e,1775,100644,model-parameters,C-development,optimizer-checkpoint,Model C (coupled-consistent retune; drivers + GPP from Lei's ED dump; GFED5 target),15,17,b77e29553af06505a26e3b0056bc4953846ee1c6,2026-06-10T23:29:21-04:00,11ee71418e597e977a4d49f6fda166e20c098e9f,2026-08-18T03:46:47-04:00,62,main;coupled-refit-gfed5;modelD-paper-params,coupled-refit-gfed5
models/C/params.seasia.k5.json,3ebef5b1ae671b1d83253b6300b6dad52c3db939,model/other-models/commit-artifacts/by-path/models/C/params.seasia.k5.3ebef5b1ae671b1d83253b6300b6dad52c3db939.json,d44f7971ad7b387dfb90404bd24497eef495d009df35c524306872582ac973a8,1778,100644,model-parameters,C-development,optimizer-checkpoint,Model C (coupled-consistent retune; drivers + GPP from Lei's ED dump; GFED5 target),15,17,b77e29553af06505a26e3b0056bc4953846ee1c6,2026-06-10T23:29:21-04:00,11ee71418e597e977a4d49f6fda166e20c098e9f,2026-08-18T03:46:47-04:00,62,main;coupled-refit-gfed5;modelD-paper-params,coupled-refit-gfed5
models/C/params.seasia.k6.json,e488043554ef6add63b65bc698067c0b0c461b80,model/other-models/commit-artifacts/by-path/models/C/params.seasia.k6.e488043554ef6add63b65bc698067c0b0c461b80.json,5afb5ff77ea1f051857fceea35df2046b9f4c7e13f055b3f724887bfd9f82589,1776,100644,model-parameters,C-development,optimizer-checkpoint,Model C (coupled-consistent retune; drivers + GPP from Lei's ED dump; GFED5 target),15,17,b77e29553af06505a26e3b0056bc4953846ee1c6,2026-06-10T23:29:21-04:00,11ee71418e597e977a4d49f6fda166e20c098e9f,2026-08-18T03:46:47-04:00,62,main;coupled-refit-gfed5;modelD-paper-params,coupled-refit-gfed5
models/C/params.seasiacell.json,6965fc317ca26293f9768affe4f0e810706466c7,model/other-models/commit-artifacts/by-path/models/C/params.seasiacell.6965fc317ca26293f9768affe4f0e810706466c7.json,94f1cae770380838ef1135ddb6369562e063c072a808573ba6b09453e0647c14,1663,100644,model-parameters,C-development,held-out-cells,Model C (coupled-consistent retune; drivers + GPP from Lei's ED dump; GFED5 target),15,13,0db07563d93cdb045e5dec86d00d2294d5a50ac5,2026-06-11T16:10:05-04:00,11ee71418e597e977a4d49f6fda166e20c098e9f,2026-08-18T03:46:47-04:00,55,main;coupled-refit-gfed5;modelD-paper-params,coupled-refit-gfed5
models/C/params.seasiaho.json,39cb27efaef73501ec842003dd223195a50c511d,model/other-models/commit-artifacts/by-path/models/C/params.seasiaho.39cb27efaef73501ec842003dd223195a50c511d.json,a77aadd12ebea796668440730eafa87b8009e9fa49254c11f75a6d3071abe76c,1659,100644,model-parameters,C-development,committed-parameter-set,Model C (coupled-consistent retune; drivers + GPP from Lei's ED dump; GFED5 target),15,13,cfb4703f8f7d8a7193014b28fc745f7c4efd785a,2026-06-11T13:54:48-04:00,11ee71418e597e977a4d49f6fda166e20c098e9f,2026-08-18T03:46:47-04:00,56,main;coupled-refit-gfed5;modelD-paper-params,coupled-refit-gfed5
models/C/params.seasiaseas.json,c436546be98d3eb6b336454b4918ccbffeb8d654,model/other-models/commit-artifacts/by-path/models/C/params.seasiaseas.c436546be98d3eb6b336454b4918ccbffeb8d654.json,c11d16f850f06e8fa0d5324372429ecf8efa4f9c008e972ed03c5ce21c8c6438,1658,100644,model-parameters,C-development,committed-parameter-set,Model C (coupled-consistent retune; drivers + GPP from Lei's ED dump; GFED5 target),15,13,d2912cdd633baf26c20abb31e343b861dd93f17b,2026-06-11T03:24:19-04:00,11ee71418e597e977a4d49f6fda166e20c098e9f,2026-08-18T03:46:47-04:00,59,main;coupled-refit-gfed5;modelD-paper-params,coupled-refit-gfed5
models/C/params.seasiaseas.k1.json,a8202eb37e461ae9bb8cf1c581285db485b9009c,model/other-models/commit-artifacts/by-path/models/C/params.seasiaseas.k1.a8202eb37e461ae9bb8cf1c581285db485b9009c.json,c9d0c784e9759821fdc198999542a94ad324263dd93f3b98d93b5c19b8cf6949,1775,100644,model-parameters,C-development,optimizer-checkpoint,Model C (coupled-consistent retune; drivers + GPP from Lei's ED dump; GFED5 target),15,17,d2912cdd633baf26c20abb31e343b861dd93f17b,2026-06-11T03:24:19-04:00,11ee71418e597e977a4d49f6fda166e20c098e9f,2026-08-18T03:46:47-04:00,59,main;coupled-refit-gfed5;modelD-paper-params,coupled-refit-gfed5
models/C/params.seasiaseas.k2.json,ea99192903dc99b53d73c7055dd56998cc3f4a8b,model/other-models/commit-artifacts/by-path/models/C/params.seasiaseas.k2.ea99192903dc99b53d73c7055dd56998cc3f4a8b.json,dc65a3786adfa84f828d5b62f83293d1edd60c714098b1cbf2068c8b29f11ff6,1776,100644,model-parameters,C-development,optimizer-checkpoint,Model C (coupled-consistent retune; drivers + GPP from Lei's ED dump; GFED5 target),15,17,d2912cdd633baf26c20abb31e343b861dd93f17b,2026-06-11T03:24:19-04:00,11ee71418e597e977a4d49f6fda166e20c098e9f,2026-08-18T03:46:47-04:00,59,main;coupled-refit-gfed5;modelD-paper-params,coupled-refit-gfed5
models/C/params.seasonal.json,2444c854378711f9b1ec6b02e488b859b4c015f8,model/other-models/commit-artifacts/by-path/models/C/params.seasonal.2444c854378711f9b1ec6b02e488b859b4c015f8.json,9c234616050a7ec7ffa52c19e6a449559b53963a6d54baad9240fae89a194203,1623,100644,model-parameters,C-development,committed-parameter-set,Model C (coupled-consistent retune; drivers + GPP from Lei's ED dump; GFED5 target),14,13,7a32928884b6225fa6275ccb4a77b3c09f7928df,2026-06-09T13:02:08-04:00,11ee71418e597e977a4d49f6fda166e20c098e9f,2026-08-18T03:46:47-04:00,75,main;coupled-refit-gfed5;modelD-paper-params,coupled-refit-gfed5
models/C/params.seasonal.k1.json,aeef7afcfec6065149c2145ee92a0914ac251c99,model/other-models/commit-artifacts/by-path/models/C/params.seasonal.k1.aeef7afcfec6065149c2145ee92a0914ac251c99.json,c19320aefebe0ef654df9bf13793fef746151e8f40f87e93701d3c10c2f0d6e9,1740,100644,model-parameters,C-development,optimizer-checkpoint,Model C (coupled-consistent retune; drivers + GPP from Lei's ED dump; GFED5 target),14,17,7a32928884b6225fa6275ccb4a77b3c09f7928df,2026-06-09T13:02:08-04:00,11ee71418e597e977a4d49f6fda166e20c098e9f,2026-08-18T03:46:47-04:00,75,main;coupled-refit-gfed5;modelD-paper-params,coupled-refit-gfed5
models/C/params.seasonal.k2.json,117588742017b86d775df521c7eb1a14b7a7cafb,model/other-models/commit-artifacts/by-path/models/C/params.seasonal.k2.117588742017b86d775df521c7eb1a14b7a7cafb.json,75324b19f4ea0f6659843f29d1f55b45795f669aa5db09577079c14f28263ccd,1738,100644,model-parameters,C-development,optimizer-checkpoint,Model C (coupled-consistent retune; drivers + GPP from Lei's ED dump; GFED5 target),14,17,7a32928884b6225fa6275ccb4a77b3c09f7928df,2026-06-09T13:02:08-04:00,11ee71418e597e977a4d49f6fda166e20c098e9f,2026-08-18T03:46:47-04:00,75,main;coupled-refit-gfed5;modelD-paper-params,coupled-refit-gfed5
models/C/params.seasonal.k3.json,c9402d15be3665195eb454b284a685b94c880ab6,model/other-models/commit-artifacts/by-path/models/C/params.seasonal.k3.c9402d15be3665195eb454b284a685b94c880ab6.json,6849d1ba515923c556de2426c6727bb67e6674fba4a31f9fe26bef54658edd7d,1741,100644,model-parameters,C-development,optimizer-checkpoint,Model C (coupled-consistent retune; drivers + GPP from Lei's ED dump; GFED5 target),14,17,7a32928884b6225fa6275ccb4a77b3c09f7928df,2026-06-09T13:02:08-04:00,11ee71418e597e977a4d49f6fda166e20c098e9f,2026-08-18T03:46:47-04:00,75,main;coupled-refit-gfed5;modelD-paper-params,coupled-refit-gfed5
models/C/params.seasonal.k4.json,ae62b0a30aa8a59a1de31a58b2b28fb6641e3444,model/other-models/commit-artifacts/by-path/models/C/params.seasonal.k4.ae62b0a30aa8a59a1de31a58b2b28fb6641e3444.json,012912428bcb3ceb59d2ef635cc9f7a1fd9ab95d023548d98921774f0001622c,1741,100644,model-parameters,C-development,optimizer-checkpoint,Model C (coupled-consistent retune; drivers + GPP from Lei's ED dump; GFED5 target),14,17,7a32928884b6225fa6275ccb4a77b3c09f7928df,2026-06-09T13:02:08-04:00,11ee71418e597e977a4d49f6fda166e20c098e9f,2026-08-18T03:46:47-04:00,75,main;coupled-refit-gfed5;modelD-paper-params,coupled-refit-gfed5
models/C/params.seasonal.k5.json,7868ee1a041b2100c70c3572dc58e0ab3d172208,model/other-models/commit-artifacts/by-path/models/C/params.seasonal.k5.7868ee1a041b2100c70c3572dc58e0ab3d172208.json,2b587b2a17c88cd012e9074d3a200693c205270e4e9aa261a354e9afdbe3325d,1742,100644,model-parameters,C-development,optimizer-checkpoint,Model C (coupled-consistent retune; drivers + GPP from Lei's ED dump; GFED5 target),14,17,7a32928884b6225fa6275ccb4a77b3c09f7928df,2026-06-09T13:02:08-04:00,11ee71418e597e977a4d49f6fda166e20c098e9f,2026-08-18T03:46:47-04:00,75,main;coupled-refit-gfed5;modelD-paper-params,coupled-refit-gfed5
models/C/params.seasonal.k6.json,2c5058b7821d39497a06823e8a277f30fd1cdc6d,model/other-models/commit-artifacts/by-path/models/C/params.seasonal.k6.2c5058b7821d39497a06823e8a277f30fd1cdc6d.json,40e0ee1b1f33e9ea33421bd4802e7b86dea0282362b5e393204ed70e53955697,1738,100644,model-parameters,C-development,optimizer-checkpoint,Model C (coupled-consistent retune; drivers + GPP from Lei's ED dump; GFED5 target),14,17,7a32928884b6225fa6275ccb4a77b3c09f7928df,2026-06-09T13:02:08-04:00,11ee71418e597e977a4d49f6fda166e20c098e9f,2026-08-18T03:46:47-04:00,75,main;coupled-refit-gfed5;modelD-paper-params,coupled-refit-gfed5
models/C/params.spatial.json,113cf65ec8615514b84925121ab9b547097d0ca2,model/other-models/commit-artifacts/by-path/models/C/params.spatial.113cf65ec8615514b84925121ab9b547097d0ca2.json,e2723f303fc83db501a2e138e8e348b637525c030be49ffc5439007b4f3f4b7f,1663,100644,model-parameters,C-development,committed-parameter-set,Model C (coupled-consistent retune; drivers + GPP from Lei's ED dump; GFED5 target),15,13,8b92c1a88c1756a7d33193bcc1380d3da102df38,2026-06-10T18:34:50-04:00,11ee71418e597e977a4d49f6fda166e20c098e9f,2026-08-18T03:46:47-04:00,69,main;coupled-refit-gfed5;modelD-paper-params,coupled-refit-gfed5
models/C/params.spatial.k1.json,3e1eb534bc76555cfe1cb2aec38efcd2e8ab3c0a,model/other-models/commit-artifacts/by-path/models/C/params.spatial.k1.3e1eb534bc76555cfe1cb2aec38efcd2e8ab3c0a.json,6694b219cdb7756effff4c20117c361a0cd5d55888eeee818ce46200ececf4d9,1779,100644,model-parameters,C-development,optimizer-checkpoint,Model C (coupled-consistent retune; drivers + GPP from Lei's ED dump; GFED5 target),15,17,8b92c1a88c1756a7d33193bcc1380d3da102df38,2026-06-10T18:34:50-04:00,11ee71418e597e977a4d49f6fda166e20c098e9f,2026-08-18T03:46:47-04:00,69,main;coupled-refit-gfed5;modelD-paper-params,coupled-refit-gfed5
models/C/params.spatial.k2.json,69b740f83c9a74636f8d0e86075101e40daf8cb0,model/other-models/commit-artifacts/by-path/models/C/params.spatial.k2.69b740f83c9a74636f8d0e86075101e40daf8cb0.json,ff6a15d42a92dd6fa2ab9266b56416868367be8af60268dc266b2f94ac6b480f,1779,100644,model-parameters,C-development,optimizer-checkpoint,Model C (coupled-consistent retune; drivers + GPP from Lei's ED dump; GFED5 target),15,17,8b92c1a88c1756a7d33193bcc1380d3da102df38,2026-06-10T18:34:50-04:00,11ee71418e597e977a4d49f6fda166e20c098e9f,2026-08-18T03:46:47-04:00,69,main;coupled-refit-gfed5;modelD-paper-params,coupled-refit-gfed5
models/C/params.spatial.k3.json,9c7f47848dc6e7fe82ad92c45ef97cc9a9a2e9e5,model/other-models/commit-artifacts/by-path/models/C/params.spatial.k3.9c7f47848dc6e7fe82ad92c45ef97cc9a9a2e9e5.json,69636780c2cee3fb93b62b5aec523ebbbfe3374b9d72e127f12a2b24434b0386,1776,100644,model-parameters,C-development,optimizer-checkpoint,Model C (coupled-consistent retune; drivers + GPP from Lei's ED dump; GFED5 target),15,17,8b92c1a88c1756a7d33193bcc1380d3da102df38,2026-06-10T18:34:50-04:00,11ee71418e597e977a4d49f6fda166e20c098e9f,2026-08-18T03:46:47-04:00,69,main;coupled-refit-gfed5;modelD-paper-params,coupled-refit-gfed5
models/C/params.spatial.k4.json,0f1c038d74a6b19af13bb5e20084894a7a679d8b,model/other-models/commit-artifacts/by-path/models/C/params.spatial.k4.0f1c038d74a6b19af13bb5e20084894a7a679d8b.json,2fe23d9404d8ad65861140a5319a01de541785405356bd31f9592c6d2d8f022c,1780,100644,model-parameters,C-development,optimizer-checkpoint,Model C (coupled-consistent retune; drivers + GPP from Lei's ED dump; GFED5 target),15,17,8b92c1a88c1756a7d33193bcc1380d3da102df38,2026-06-10T18:34:50-04:00,11ee71418e597e977a4d49f6fda166e20c098e9f,2026-08-18T03:46:47-04:00,69,main;coupled-refit-gfed5;modelD-paper-params,coupled-refit-gfed5
models/C/params.spatial.k5.json,6f1951db457e6dae7d0da23e42ba1942d6b2a5f6,model/other-models/commit-artifacts/by-path/models/C/params.spatial.k5.6f1951db457e6dae7d0da23e42ba1942d6b2a5f6.json,a1d0050b4ff883347308bf83e3bcda8dfecce1a370e6adac7ceb191b09767f7e,1779,100644,model-parameters,C-development,optimizer-checkpoint,Model C (coupled-consistent retune; drivers + GPP from Lei's ED dump; GFED5 target),15,17,8b92c1a88c1756a7d33193bcc1380d3da102df38,2026-06-10T18:34:50-04:00,11ee71418e597e977a4d49f6fda166e20c098e9f,2026-08-18T03:46:47-04:00,69,main;coupled-refit-gfed5;modelD-paper-params,coupled-refit-gfed5
models/C/params.spatial.k6.json,76268fd2f62821eb66b060f189adae22dbb5edd8,model/other-models/commit-artifacts/by-path/models/C/params.spatial.k6.76268fd2f62821eb66b060f189adae22dbb5edd8.json,e1491511867cec6db829c966742d57a834f5b846f5046b188fb391fd0862a4bb,1777,100644,model-parameters,C-development,optimizer-checkpoint,Model C (coupled-consistent retune; drivers + GPP from Lei's ED dump; GFED5 target),15,17,8b92c1a88c1756a7d33193bcc1380d3da102df38,2026-06-10T18:34:50-04:00,11ee71418e597e977a4d49f6fda166e20c098e9f,2026-08-18T03:46:47-04:00,69,main;coupled-refit-gfed5;modelD-paper-params,coupled-refit-gfed5
models/C/params.tropfix.json,8bf62256bbd720e0e532abdb6d8c00ebe07f438c,model/other-models/commit-artifacts/by-path/models/C/params.tropfix.8bf62256bbd720e0e532abdb6d8c00ebe07f438c.json,851ab625fb3b5e691368077e6cba3766535f328dfe2a5b7b706db7e8ac3fa52b,1592,100644,model-parameters,C-development,committed-parameter-set,Model C (coupled-consistent retune; drivers + GPP from Lei's ED dump; GFED5 target),14,13,39adac4276307a4a8d499350e5fd324d633eeec1,2026-06-08T11:46:52-04:00,11ee71418e597e977a4d49f6fda166e20c098e9f,2026-08-18T03:46:47-04:00,85,main;coupled-refit-gfed5;modelD-paper-params,coupled-refit-gfed5
models/C/params.tropfix2.json,209051545cde6127dc7d503caff8a9bfe91ba132,model/other-models/commit-artifacts/by-path/models/C/params.tropfix2.209051545cde6127dc7d503caff8a9bfe91ba132.json,6463b0d420ce6cdfed16e46fb808b5de018e4056bea662a06f970fa3efcfbcdc,1600,100644,model-parameters,C-development,committed-parameter-set,Model C (coupled-consistent retune; drivers + GPP from Lei's ED dump; GFED5 target),14,13,7eee8b1cea3d8f317b80c7f62c5d76842702470f,2026-06-08T17:25:24-04:00,11ee71418e597e977a4d49f6fda166e20c098e9f,2026-08-18T03:46:47-04:00,80,main;coupled-refit-gfed5;modelD-paper-params,coupled-refit-gfed5
models/C/params.tropfix2.k1.json,d439bca030ac6fe5879d69262347e4c6b63d04a7,model/other-models/commit-artifacts/by-path/models/C/params.tropfix2.k1.d439bca030ac6fe5879d69262347e4c6b63d04a7.json,ccebb9a04ddc6160ffdc355d019ebdc46129b78470d8fab6abc6b6aa8fffc47c,1716,100644,model-parameters,C-development,optimizer-checkpoint,Model C (coupled-consistent retune; drivers + GPP from Lei's ED dump; GFED5 target),14,17,7eee8b1cea3d8f317b80c7f62c5d76842702470f,2026-06-08T17:25:24-04:00,11ee71418e597e977a4d49f6fda166e20c098e9f,2026-08-18T03:46:47-04:00,80,main;coupled-refit-gfed5;modelD-paper-params,coupled-refit-gfed5
models/C/params.tropfix2.k2.json,58b1acdb95cd2fc4a743a6d752379ea81a83ba77,model/other-models/commit-artifacts/by-path/models/C/params.tropfix2.k2.58b1acdb95cd2fc4a743a6d752379ea81a83ba77.json,e2de9e5ef16f9a1d4b7cea1b2eafb7f1abe053c9bdad2309d79bcaae1ecc1486,1714,100644,model-parameters,C-development,optimizer-checkpoint,Model C (coupled-consistent retune; drivers + GPP from Lei's ED dump; GFED5 target),14,17,7eee8b1cea3d8f317b80c7f62c5d76842702470f,2026-06-08T17:25:24-04:00,11ee71418e597e977a4d49f6fda166e20c098e9f,2026-08-18T03:46:47-04:00,80,main;coupled-refit-gfed5;modelD-paper-params,coupled-refit-gfed5
models/C/params.tropfix2.k3.json,6cff7b1d6aaab43f9b8bdfd7b56be6ccd6b0e402,model/other-models/commit-artifacts/by-path/models/C/params.tropfix2.k3.6cff7b1d6aaab43f9b8bdfd7b56be6ccd6b0e402.json,691eca00baefe8d642c78734e3a5665eb964818b80ef90afa22c8b3573a7b023,1716,100644,model-parameters,C-development,optimizer-checkpoint,Model C (coupled-consistent retune; drivers + GPP from Lei's ED dump; GFED5 target),14,17,7eee8b1cea3d8f317b80c7f62c5d76842702470f,2026-06-08T17:25:24-04:00,11ee71418e597e977a4d49f6fda166e20c098e9f,2026-08-18T03:46:47-04:00,80,main;coupled-refit-gfed5;modelD-paper-params,coupled-refit-gfed5
models/C/params.tropfix2.k4.json,7d1aa6f7f5ef13e1022f1eb2d1145f64b35d6929,model/other-models/commit-artifacts/by-path/models/C/params.tropfix2.k4.7d1aa6f7f5ef13e1022f1eb2d1145f64b35d6929.json,479c63b919141e127eef2810028137fa8d11681a59570f574012985637541de1,1716,100644,model-parameters,C-development,optimizer-checkpoint,Model C (coupled-consistent retune; drivers + GPP from Lei's ED dump; GFED5 target),14,17,7eee8b1cea3d8f317b80c7f62c5d76842702470f,2026-06-08T17:25:24-04:00,11ee71418e597e977a4d49f6fda166e20c098e9f,2026-08-18T03:46:47-04:00,80,main;coupled-refit-gfed5;modelD-paper-params,coupled-refit-gfed5
models/C/params.tropfix2.k5.json,2b5e6d7350288ffba9930b95cc851cf11f42f272,model/other-models/commit-artifacts/by-path/models/C/params.tropfix2.k5.2b5e6d7350288ffba9930b95cc851cf11f42f272.json,5495c5c3433222919ca582601a2f50f13885f75e6e2142495b6817fa9ab03691,1720,100644,model-parameters,C-development,optimizer-checkpoint,Model C (coupled-consistent retune; drivers + GPP from Lei's ED dump; GFED5 target),14,17,7eee8b1cea3d8f317b80c7f62c5d76842702470f,2026-06-08T17:25:24-04:00,11ee71418e597e977a4d49f6fda166e20c098e9f,2026-08-18T03:46:47-04:00,80,main;coupled-refit-gfed5;modelD-paper-params,coupled-refit-gfed5
models/C/params.tropfix2.k6.json,9b0229d3f7cdafac2d15df844fb6a07e735abdb2,model/other-models/commit-artifacts/by-path/models/C/params.tropfix2.k6.9b0229d3f7cdafac2d15df844fb6a07e735abdb2.json,b5dcc2b2863aebdc4eb1f91765438eb5ce06c5b2e79be3ff91a994b72583e00c,1717,100644,model-parameters,C-development,optimizer-checkpoint,Model C (coupled-consistent retune; drivers + GPP from Lei's ED dump; GFED5 target),14,17,7eee8b1cea3d8f317b80c7f62c5d76842702470f,2026-06-08T17:25:24-04:00,11ee71418e597e977a4d49f6fda166e20c098e9f,2026-08-18T03:46:47-04:00,80,main;coupled-refit-gfed5;modelD-paper-params,coupled-refit-gfed5
models/C/params.tropfix2.k7.json,7cf3035a64cadc5a5120bcfd3a65607713dd90e9,model/other-models/commit-artifacts/by-path/models/C/params.tropfix2.k7.7cf3035a64cadc5a5120bcfd3a65607713dd90e9.json,7247961452606dcafdf016fae8fc0019717d4c73b65efc38870f90ce626a0459,1717,100644,model-parameters,C-development,optimizer-checkpoint,Model C (coupled-consistent retune; drivers + GPP from Lei's ED dump; GFED5 target),14,17,7eee8b1cea3d8f317b80c7f62c5d76842702470f,2026-06-08T17:25:24-04:00,11ee71418e597e977a4d49f6fda166e20c098e9f,2026-08-18T03:46:47-04:00,80,main;coupled-refit-gfed5;modelD-paper-params,coupled-refit-gfed5
models/C/params.tropfix2.k8.json,3da0f3e2a8a52eba0c14b7af22566a688c0d5708,model/other-models/commit-artifacts/by-path/models/C/params.tropfix2.k8.3da0f3e2a8a52eba0c14b7af22566a688c0d5708.json,13972ec88cf45b63e70092520927bbaeb25900a85d973dcf1a3cea2cae553329,1717,100644,model-parameters,C-development,optimizer-checkpoint,Model C (coupled-consistent retune; drivers + GPP from Lei's ED dump; GFED5 target),14,17,7eee8b1cea3d8f317b80c7f62c5d76842702470f,2026-06-08T17:25:24-04:00,11ee71418e597e977a4d49f6fda166e20c098e9f,2026-08-18T03:46:47-04:00,80,main;coupled-refit-gfed5;modelD-paper-params,coupled-refit-gfed5
models/C/refit_lei_full_summary.json,441b4bb0eae5a6adee7dccf124b727c91ef60853,model/other-models/commit-artifacts/by-path/models/C/refit_lei_full_summary.441b4bb0eae5a6adee7dccf124b727c91ef60853.json,d79dedb5637c63d7ac008ed8814f51ac5ef5eb0fee4cf52459af041218a89bf7,937,100644,optimization-evidence,C-development,optimizer-summary,,12,11,9d346449731a4cf73f2a0787e0439571fbaf7e2a,2026-06-01T22:14:12-04:00,11ee71418e597e977a4d49f6fda166e20c098e9f,2026-08-18T03:46:47-04:00,89,main;coupled-refit-gfed5;modelD-paper-params,coupled-refit-gfed5
models/C/refit_lei_magaware-annual_summary.json,c77e459f5d533d053eed1ab326fca8d52f6ca335,model/other-models/commit-artifacts/by-path/models/C/refit_lei_magaware-annual_summary.c77e459f5d533d053eed1ab326fca8d52f6ca335.json,cd8ddcbe7913cc00fe391ce1add2a620a33586a644daddcc4c9ba30faa6b8740,990,100644,optimization-evidence,C-development,optimizer-summary,,12,13,9d346449731a4cf73f2a0787e0439571fbaf7e2a,2026-06-01T22:14:12-04:00,11ee71418e597e977a4d49f6fda166e20c098e9f,2026-08-18T03:46:47-04:00,89,main;coupled-refit-gfed5;modelD-paper-params,coupled-refit-gfed5
models/C/refit_lei_magaware-monthly_summary.json,3855db47a2b7ab0eeaa1aeb4b59e176f2c26abca,model/other-models/commit-artifacts/by-path/models/C/refit_lei_magaware-monthly_summary.3855db47a2b7ab0eeaa1aeb4b59e176f2c26abca.json,4ee39581f1249214db9cb9a42df8cf45a53259197fb9db12bdb51751dff148f8,1020,100644,optimization-evidence,C-development,optimizer-summary,,12,13,9d346449731a4cf73f2a0787e0439571fbaf7e2a,2026-06-01T22:14:12-04:00,11ee71418e597e977a4d49f6fda166e20c098e9f,2026-08-18T03:46:47-04:00,89,main;coupled-refit-gfed5;modelD-paper-params,coupled-refit-gfed5
models/C/refit_lei_summary.json,521e511b20fbde9431aed4dea2bd580b3fb08d8c,model/other-models/commit-artifacts/by-path/models/C/refit_lei_summary.521e511b20fbde9431aed4dea2bd580b3fb08d8c.json,37f162c3a3d6e8a49fa26271b122bde140a40ce9ee7efb9192d820740310f3ba,642,100644,optimization-evidence,C-development,optimizer-summary,,4,10,9d346449731a4cf73f2a0787e0439571fbaf7e2a,2026-06-01T22:14:12-04:00,11ee71418e597e977a4d49f6fda166e20c098e9f,2026-08-18T03:46:47-04:00,89,main;coupled-refit-gfed5;modelD-paper-params,coupled-refit-gfed5
models/C/topk.G_Africa.json,d649670ac5805224a2532d7651f4e63f812d2e17,model/other-models/commit-artifacts/by-path/models/C/topk.G_Africa.d649670ac5805224a2532d7651f4e63f812d2e17.json,0cbd08e0f4c94699c6b18925c0ab7ebf4f3ab57170c46106c2539a22fdd06275,1862,100644,optimization-evidence,G,ranked-candidates,,,5,aa3f8ff447cb109eceadbcf57f9932e29071f120,2026-08-06T01:33:40-04:00,11ee71418e597e977a4d49f6fda166e20c098e9f,2026-08-18T03:46:47-04:00,19,coupled-refit-gfed5,coupled-refit-gfed5
models/C/topk.G_Australia.json,75b4a4976f775b3f78de23b94aac7381b823cfd5,model/other-models/commit-artifacts/by-path/models/C/topk.G_Australia.75b4a4976f775b3f78de23b94aac7381b823cfd5.json,c433d71271566e3ee6a3db49aaeb35393906db852d450ff716e6492e693f5ef8,1903,100644,optimization-evidence,G,ranked-candidates,,,5,3fb01b4a06f1eddc8f9ac0ed73788ab6ee8f57bb,2026-08-18T03:46:27-04:00,11ee71418e597e977a4d49f6fda166e20c098e9f,2026-08-18T03:46:47-04:00,3,coupled-refit-gfed5,coupled-refit-gfed5
models/C/topk.G_Boreal.json,326139b6571fc68c1e71f9f62a7cb24ca811f00a,model/other-models/commit-artifacts/by-path/models/C/topk.G_Boreal.326139b6571fc68c1e71f9f62a7cb24ca811f00a.json,f56dbb3fb7821475076cd3c6bf99cd791f8981787398809cb33079f7aee1988b,1860,100644,optimization-evidence,G,ranked-candidates,,,5,aa3f8ff447cb109eceadbcf57f9932e29071f120,2026-08-06T01:33:40-04:00,11ee71418e597e977a4d49f6fda166e20c098e9f,2026-08-18T03:46:47-04:00,19,coupled-refit-gfed5,coupled-refit-gfed5
models/C/topk.G_Europe.json,f4677707374a088990add906c249a418ea791a76,model/other-models/commit-artifacts/by-path/models/C/topk.G_Europe.f4677707374a088990add906c249a418ea791a76.json,9c671b1e09b602b911b8ebfaf367de2719bc09eb15a5dcc46e0fbd829dca30dc,1860,100644,optimization-evidence,G,ranked-candidates,,,5,aa3f8ff447cb109eceadbcf57f9932e29071f120,2026-08-06T01:33:40-04:00,11ee71418e597e977a4d49f6fda166e20c098e9f,2026-08-18T03:46:47-04:00,19,coupled-refit-gfed5,coupled-refit-gfed5
models/C/topk.G_NAmerica.json,40496dded82f0985225904caf2efd0585579f617,model/other-models/commit-artifacts/by-path/models/C/topk.G_NAmerica.40496dded82f0985225904caf2efd0585579f617.json,a11c0ffce4a65d7f20e94f6be624911bc548d1f5ee7d5de16aba8c9fa1d28efe,1512,100644,optimization-evidence,G,ranked-candidates,,,4,3fb01b4a06f1eddc8f9ac0ed73788ab6ee8f57bb,2026-08-18T03:46:27-04:00,11ee71418e597e977a4d49f6fda166e20c098e9f,2026-08-18T03:46:47-04:00,3,coupled-refit-gfed5,coupled-refit-gfed5
models/C/topk.G_SAmerica.json,ce6d8af7d9e837044fc42601c1e793b851ecc7ec,model/other-models/commit-artifacts/by-path/models/C/topk.G_SAmerica.ce6d8af7d9e837044fc42601c1e793b851ecc7ec.json,342cfb0c7af322c1cc8ced3ae08d1ff3f5bec2483a37b29cccba9533db6ae428,1512,100644,optimization-evidence,G,ranked-candidates,,,4,aa3f8ff447cb109eceadbcf57f9932e29071f120,2026-08-06T01:33:40-04:00,11ee71418e597e977a4d49f6fda166e20c098e9f,2026-08-18T03:46:47-04:00,19,coupled-refit-gfed5,coupled-refit-gfed5
models/C/topk.G_SEAsia.json,fd1c079f314d70844dea23aee31e308bfb28e7c5,model/other-models/commit-artifacts/by-path/models/C/topk.G_SEAsia.fd1c079f314d70844dea23aee31e308bfb28e7c5.json,12252cf095d7cf33e1fadde2f0802e43857aba388425fd9e9a6f9568796ea325,1118,100644,optimization-evidence,G,ranked-candidates,,,3,aa3f8ff447cb109eceadbcf57f9932e29071f120,2026-08-06T01:33:40-04:00,11ee71418e597e977a4d49f6fda166e20c098e9f,2026-08-18T03:46:47-04:00,19,coupled-refit-gfed5,coupled-refit-gfed5
models/C/topk.Gtrop_Africa.json,2365e2be1578c0554ca368da3d36a996711f78d9,model/other-models/commit-artifacts/by-path/models/C/topk.Gtrop_Africa.2365e2be1578c0554ca368da3d36a996711f78d9.json,fc8bb98e621980695d7dc487f02a81b5e7b6b966f256d287959034eb8c0cbcce,1920,100644,optimization-evidence,I,ranked-candidates,,,5,3fb01b4a06f1eddc8f9ac0ed73788ab6ee8f57bb,2026-08-18T03:46:27-04:00,11ee71418e597e977a4d49f6fda166e20c098e9f,2026-08-18T03:46:47-04:00,3,coupled-refit-gfed5,coupled-refit-gfed5
models/C/topk.Gtrop_Australia.json,f84523b60690850c9f62b7f59cf25d33cd18bc2e,model/other-models/commit-artifacts/by-path/models/C/topk.Gtrop_Australia.f84523b60690850c9f62b7f59cf25d33cd18bc2e.json,a18ab9561831311b543cbe2f55b6ccf93ed680aa8eeb96fdb8749b369c5d0c0b,1966,100644,optimization-evidence,I,ranked-candidates,,,5,3fb01b4a06f1eddc8f9ac0ed73788ab6ee8f57bb,2026-08-18T03:46:27-04:00,11ee71418e597e977a4d49f6fda166e20c098e9f,2026-08-18T03:46:47-04:00,3,coupled-refit-gfed5,coupled-refit-gfed5
models/C/topk.Gtrop_Boreal.json,25b65194c6958948ef9eb520893ab20ad0891228,model/other-models/commit-artifacts/by-path/models/C/topk.Gtrop_Boreal.25b65194c6958948ef9eb520893ab20ad0891228.json,22c059d5b92c2da2c47c025502a16deb12d4a9eb8cb3901be5cb74cc95bcf18f,1920,100644,optimization-evidence,I,ranked-candidates,,,5,3fb01b4a06f1eddc8f9ac0ed73788ab6ee8f57bb,2026-08-18T03:46:27-04:00,11ee71418e597e977a4d49f6fda166e20c098e9f,2026-08-18T03:46:47-04:00,3,coupled-refit-gfed5,coupled-refit-gfed5
models/C/topk.Gtrop_Europe.json,bc350a1b1e5c51e434dc9458366864c5f257faae,model/other-models/commit-artifacts/by-path/models/C/topk.Gtrop_Europe.bc350a1b1e5c51e434dc9458366864c5f257faae.json,e928d5d7b2f1d978df40636ecc1f58040c82907ba5df2cdca574ec0955165fe4,1537,100644,optimization-evidence,I,ranked-candidates,,,4,3fb01b4a06f1eddc8f9ac0ed73788ab6ee8f57bb,2026-08-18T03:46:27-04:00,11ee71418e597e977a4d49f6fda166e20c098e9f,2026-08-18T03:46:47-04:00,3,coupled-refit-gfed5,coupled-refit-gfed5
models/C/topk.Gtrop_NAmerica.json,f18726f6e4d2a4c8cdf58b4fe451b79a4062c331,model/other-models/commit-artifacts/by-path/models/C/topk.Gtrop_NAmerica.f18726f6e4d2a4c8cdf58b4fe451b79a4062c331.json,051b509c0050a4b9b9cd948c412abfe5f2aa099f62c48726d4e86107122b4f88,1952,100644,optimization-evidence,I,ranked-candidates,,,5,3fb01b4a06f1eddc8f9ac0ed73788ab6ee8f57bb,2026-08-18T03:46:27-04:00,11ee71418e597e977a4d49f6fda166e20c098e9f,2026-08-18T03:46:47-04:00,3,coupled-refit-gfed5,coupled-refit-gfed5
models/C/topk.Gtrop_SAmerica.json,212b0f85bd604fb63a50ca5c00c15aa418974982,model/other-models/commit-artifacts/by-path/models/C/topk.Gtrop_SAmerica.212b0f85bd604fb63a50ca5c00c15aa418974982.json,1b4632614b082c44e9fecf6505df56366aa20aacd35501024b4e51471858b658,1951,100644,optimization-evidence,I,ranked-candidates,,,5,3fb01b4a06f1eddc8f9ac0ed73788ab6ee8f57bb,2026-08-18T03:46:27-04:00,11ee71418e597e977a4d49f6fda166e20c098e9f,2026-08-18T03:46:47-04:00,3,coupled-refit-gfed5,coupled-refit-gfed5
models/C/topk.Gtrop_SEAsia.json,bb26c7527230b66eb36f1ed5c9f30442a7a55164,model/other-models/commit-artifacts/by-path/models/C/topk.Gtrop_SEAsia.bb26c7527230b66eb36f1ed5c9f30442a7a55164.json,3426e2058168c957ce0ba2e8cad6747fff395176d31ad5254f529b8669a6034a,1922,100644,optimization-evidence,I,ranked-candidates,,,5,3fb01b4a06f1eddc8f9ac0ed73788ab6ee8f57bb,2026-08-18T03:46:27-04:00,11ee71418e597e977a4d49f6fda166e20c098e9f,2026-08-18T03:46:47-04:00,3,coupled-refit-gfed5,coupled-refit-gfed5
models/C/topk.H.json,d16edd0bd7b41691fa971fc313fb2c09f5f6ca1f,model/other-models/commit-artifacts/by-path/models/C/topk.H.d16edd0bd7b41691fa971fc313fb2c09f5f6ca1f.json,764762a3e3250b0712f68224725423fc3a5b7d69e2e3b5e0cafbeb57b3ae52dc,1756,100644,optimization-evidence,H,ranked-candidates,,,5,d2403d4477076187d97b4870a580e8764041710a,2026-08-06T03:30:34-04:00,11ee71418e597e977a4d49f6fda166e20c098e9f,2026-08-18T03:46:47-04:00,13,coupled-refit-gfed5,coupled-refit-gfed5
models/C/topk.africa.json,4a49fbefef10054d97ac341fe949c3b9696570ba,model/other-models/commit-artifacts/by-path/models/C/topk.africa.4a49fbefef10054d97ac341fe949c3b9696570ba.json,2cb8d999864da647ca12a8bc1cf1ae72ec8f7c719020098def1f0a8ab645b835,1408,100644,optimization-evidence,C-development,ranked-candidates,,,4,9451d1a02dfc9dd582c64e581e8045cfdcf67aa9,2026-06-10T20:57:03-04:00,11ee71418e597e977a4d49f6fda166e20c098e9f,2026-08-18T03:46:47-04:00,65,main;coupled-refit-gfed5;modelD-paper-params,coupled-refit-gfed5
models/C/topk.africafuel.json,1ae5216cb2cca61d8ec961d0450539e3355b02ea,model/other-models/commit-artifacts/by-path/models/C/topk.africafuel.1ae5216cb2cca61d8ec961d0450539e3355b02ea.json,d6d2b190c945974015260ad7da2899c3ff99c0c191ba3e491a43c469ca604ee1,2171,100644,optimization-evidence,C-development,ranked-candidates,,,6,b77e29553af06505a26e3b0056bc4953846ee1c6,2026-06-10T23:29:21-04:00,11ee71418e597e977a4d49f6fda166e20c098e9f,2026-08-18T03:46:47-04:00,62,main;coupled-refit-gfed5;modelD-paper-params,coupled-refit-gfed5
models/C/topk.africaseas.json,db7af5818deb1ab61e4b96093a0fba6b06f4f1b1,model/other-models/commit-artifacts/by-path/models/C/topk.africaseas.db7af5818deb1ab61e4b96093a0fba6b06f4f1b1.json,971e2658ce09d617c1d3e69307b447d0eb81440bd95923afb8350756987182b5,2160,100644,optimization-evidence,C-development,ranked-candidates,,,6,d2912cdd633baf26c20abb31e343b861dd93f17b,2026-06-11T03:24:19-04:00,11ee71418e597e977a4d49f6fda166e20c098e9f,2026-08-18T03:46:47-04:00,59,main;coupled-refit-gfed5;modelD-paper-params,coupled-refit-gfed5
models/C/topk.africaseas2.json,6b59fa2d5b4f7f649d395bf1a3f5c8d1f1fce7c4,model/other-models/commit-artifacts/by-path/models/C/topk.africaseas2.6b59fa2d5b4f7f649d395bf1a3f5c8d1f1fce7c4.json,1bbe75713ee37e2eda4530e50fbf80e769d8e8ac6addb8a8ed5a211b70069fe5,2346,100644,optimization-evidence,C-development,ranked-candidates,,,6,4b67d28d267064029b33395a14583c75d340fed1,2026-06-11T22:08:52-04:00,11ee71418e597e977a4d49f6fda166e20c098e9f,2026-08-18T03:46:47-04:00,51,main;coupled-refit-gfed5;modelD-paper-params,coupled-refit-gfed5
models/C/topk.australia.json,ca59b7755f02cf5b7f3fee6531ff463707db1821,model/other-models/commit-artifacts/by-path/models/C/topk.australia.ca59b7755f02cf5b7f3fee6531ff463707db1821.json,35a294cbdafc7ceb439cd9bc25a93a1b46337c050e5020bb923b354e196b71cb,2161,100644,optimization-evidence,C-development,ranked-candidates,,,6,b77e29553af06505a26e3b0056bc4953846ee1c6,2026-06-10T23:29:21-04:00,11ee71418e597e977a4d49f6fda166e20c098e9f,2026-08-18T03:46:47-04:00,62,main;coupled-refit-gfed5;modelD-paper-params,coupled-refit-gfed5
models/C/topk.boreal.json,ea4c1e811b1babe24982314e49605885292efe45,model/other-models/commit-artifacts/by-path/models/C/topk.boreal.ea4c1e811b1babe24982314e49605885292efe45.json,aa72c7d37f63775374a867cedea47e0a3e395ba40e5bf5b08f6c917cae0e9ecb,1757,100644,optimization-evidence,C-development,ranked-candidates,,,5,9451d1a02dfc9dd582c64e581e8045cfdcf67aa9,2026-06-10T20:57:03-04:00,11ee71418e597e977a4d49f6fda166e20c098e9f,2026-08-18T03:46:47-04:00,65,main;coupled-refit-gfed5;modelD-paper-params,coupled-refit-gfed5
models/C/topk.borealseas.json,7ee74ebbf07d571fdb12a5bc43f619e87a9e4aee,model/other-models/commit-artifacts/by-path/models/C/topk.borealseas.7ee74ebbf07d571fdb12a5bc43f619e87a9e4aee.json,825c5a2929e021daf2d337daedad12d26dac87166b161bfec73fa77a031f09af,1089,100644,optimization-evidence,C-development,ranked-candidates,,,3,d2912cdd633baf26c20abb31e343b861dd93f17b,2026-06-11T03:24:19-04:00,11ee71418e597e977a4d49f6fda166e20c098e9f,2026-08-18T03:46:47-04:00,59,main;coupled-refit-gfed5;modelD-paper-params,coupled-refit-gfed5
models/C/topk.coupledE.json,f2010224832530f888d687738eb2efd5645346d3,model/other-models/commit-artifacts/by-path/models/C/topk.coupledE.f2010224832530f888d687738eb2efd5645346d3.json,3f662cb6c3c7456a82267b01f3473f0d45fddfb571fdca900a64c00555bfbc97,2288,100644,optimization-evidence,coupled-E,ranked-candidates,,,6,3fb01b4a06f1eddc8f9ac0ed73788ab6ee8f57bb,2026-08-18T03:46:27-04:00,11ee71418e597e977a4d49f6fda166e20c098e9f,2026-08-18T03:46:47-04:00,3,coupled-refit-gfed5,coupled-refit-gfed5
models/C/topk.coupledE_fx.json,452574b9ca75d9a908bf0d9fd4a800a4563edd73,model/other-models/commit-artifacts/by-path/models/C/topk.coupledE_fx.452574b9ca75d9a908bf0d9fd4a800a4563edd73.json,5f204de9f36840bb4a353295c0c7ecc5ec7dbda56982cc369e89642ec89c33e6,2336,100644,optimization-evidence,coupled-E,ranked-candidates,,,6,3fb01b4a06f1eddc8f9ac0ed73788ab6ee8f57bb,2026-08-18T03:46:27-04:00,11ee71418e597e977a4d49f6fda166e20c098e9f,2026-08-18T03:46:47-04:00,3,coupled-refit-gfed5,coupled-refit-gfed5
models/C/topk.coupledFW.json,2b57c8a5dbfac440c5c2062f82ba26aca23b8d85,model/other-models/commit-artifacts/by-path/models/C/topk.coupledFW.2b57c8a5dbfac440c5c2062f82ba26aca23b8d85.json,befabf3ae98ea5a3517ac37d9b8d1d118e3d084d82794fb21a064d55799d7215,1872,100644,optimization-evidence,coupled-E,ranked-candidates,,,5,3fb01b4a06f1eddc8f9ac0ed73788ab6ee8f57bb,2026-08-18T03:46:27-04:00,11ee71418e597e977a4d49f6fda166e20c098e9f,2026-08-18T03:46:47-04:00,3,coupled-refit-gfed5,coupled-refit-gfed5
models/C/topk.europe.json,5f85fdbf17852e984f5522e0bea759ad4246b7c0,model/other-models/commit-artifacts/by-path/models/C/topk.europe.5f85fdbf17852e984f5522e0bea759ad4246b7c0.json,c37d2bf69219a6e4f4545ee8793dd160437f17592450c23e4aaad305ac827f38,2105,100644,optimization-evidence,C-development,ranked-candidates,,,6,b77e29553af06505a26e3b0056bc4953846ee1c6,2026-06-10T23:29:21-04:00,11ee71418e597e977a4d49f6fda166e20c098e9f,2026-08-18T03:46:47-04:00,62,main;coupled-refit-gfed5;modelD-paper-params,coupled-refit-gfed5
models/C/topk.europeseas.json,325bd49fea9f3bb5a95d3b46f0bfe4cda7549962,model/other-models/commit-artifacts/by-path/models/C/topk.europeseas.325bd49fea9f3bb5a95d3b46f0bfe4cda7549962.json,87cdb7c2e7d2f063c6ac93015911699f72049f9dd84f5be1460fbe71259dcd70,2176,100644,optimization-evidence,C-development,ranked-candidates,,,6,d2912cdd633baf26c20abb31e343b861dd93f17b,2026-06-11T03:24:19-04:00,11ee71418e597e977a4d49f6fda166e20c098e9f,2026-08-18T03:46:47-04:00,59,main;coupled-refit-gfed5;modelD-paper-params,coupled-refit-gfed5
models/C/topk.namerica.json,0dec051a851e7dc890b3da3c97db0b6ea99c903d,model/other-models/commit-artifacts/by-path/models/C/topk.namerica.0dec051a851e7dc890b3da3c97db0b6ea99c903d.json,1ee14cf835718b61bca3c94fd71a0f9db7f2ec3fb9646a04bf3ff2617a8b7e4e,2140,100644,optimization-evidence,C-development,ranked-candidates,,,6,b77e29553af06505a26e3b0056bc4953846ee1c6,2026-06-10T23:29:21-04:00,11ee71418e597e977a4d49f6fda166e20c098e9f,2026-08-18T03:46:47-04:00,62,main;coupled-refit-gfed5;modelD-paper-params,coupled-refit-gfed5
models/C/topk.paperD.json,42ef308bc48b38858b2e4bab7b22bf1a16cdfbda,model/other-models/commit-artifacts/by-path/models/C/topk.paperD.42ef308bc48b38858b2e4bab7b22bf1a16cdfbda.json,ada7164279cd13866bbef2ac270a3bffb64cb762e19bee347f05a0b02c3517c1,2994,100644,optimization-evidence,D,ranked-candidates,,,8,3fb01b4a06f1eddc8f9ac0ed73788ab6ee8f57bb,2026-08-18T03:46:27-04:00,11ee71418e597e977a4d49f6fda166e20c098e9f,2026-08-18T03:46:47-04:00,3,coupled-refit-gfed5,coupled-refit-gfed5
models/C/topk.samerica.json,a0653933d865756ca22f6f52184088650aa27abc,model/other-models/commit-artifacts/by-path/models/C/topk.samerica.a0653933d865756ca22f6f52184088650aa27abc.json,e3474956df889b8825a2c53680eeaf898d4a6c9c0d30a3e30ca47307f56c0118,1071,100644,optimization-evidence,C-development,ranked-candidates,,,3,9451d1a02dfc9dd582c64e581e8045cfdcf67aa9,2026-06-10T20:57:03-04:00,11ee71418e597e977a4d49f6fda166e20c098e9f,2026-08-18T03:46:47-04:00,65,main;coupled-refit-gfed5;modelD-paper-params,coupled-refit-gfed5
models/C/topk.samericaseas.json,669b14cabf74d1c0db9a46c00ff8dd0a280360a9,model/other-models/commit-artifacts/by-path/models/C/topk.samericaseas.669b14cabf74d1c0db9a46c00ff8dd0a280360a9.json,a01d9498250708156539526db2bf3e4d841c6ea8f9accac1aa015aaee0b48a95,2215,100644,optimization-evidence,C-development,ranked-candidates,,,6,d2912cdd633baf26c20abb31e343b861dd93f17b,2026-06-11T03:24:19-04:00,11ee71418e597e977a4d49f6fda166e20c098e9f,2026-08-18T03:46:47-04:00,59,main;coupled-refit-gfed5;modelD-paper-params,coupled-refit-gfed5
models/C/topk.samericaseas2.json,b5067c55223a8425e101c5bd17c1a280793bbf72,model/other-models/commit-artifacts/by-path/models/C/topk.samericaseas2.b5067c55223a8425e101c5bd17c1a280793bbf72.json,85bf3714e20b821285eb0e6908568e885b28d4f040b599ce49acbb66e8164fb9,2401,100644,optimization-evidence,C-development,ranked-candidates,,,6,4b67d28d267064029b33395a14583c75d340fed1,2026-06-11T22:08:52-04:00,11ee71418e597e977a4d49f6fda166e20c098e9f,2026-08-18T03:46:47-04:00,51,main;coupled-refit-gfed5;modelD-paper-params,coupled-refit-gfed5
models/C/topk.seasia.json,dbcd985404caedb651eabca179e9f113f3e4819b,model/other-models/commit-artifacts/by-path/models/C/topk.seasia.dbcd985404caedb651eabca179e9f113f3e4819b.json,c24a88e44f2dc394a2dd333fb486b078bb282d54904a62bfce7df946990f97cd,2109,100644,optimization-evidence,C-development,ranked-candidates,,,6,b77e29553af06505a26e3b0056bc4953846ee1c6,2026-06-10T23:29:21-04:00,11ee71418e597e977a4d49f6fda166e20c098e9f,2026-08-18T03:46:47-04:00,62,main;coupled-refit-gfed5;modelD-paper-params,coupled-refit-gfed5
models/C/topk.seasiaseas.json,eba324d93851367570fc8765caf2a6ebcafadaf6,model/other-models/commit-artifacts/by-path/models/C/topk.seasiaseas.eba324d93851367570fc8765caf2a6ebcafadaf6.json,97ed9c65384cb940e3e3e013f253465cd8192991c1d076790e2e1fa3f6155dac,727,100644,optimization-evidence,C-development,ranked-candidates,,,2,d2912cdd633baf26c20abb31e343b861dd93f17b,2026-06-11T03:24:19-04:00,11ee71418e597e977a4d49f6fda166e20c098e9f,2026-08-18T03:46:47-04:00,59,main;coupled-refit-gfed5;modelD-paper-params,coupled-refit-gfed5
models/C/topk.seasonal.json,aed6fc0f877d523c3ecc8de015eecf469a798461,model/other-models/commit-artifacts/by-path/models/C/topk.seasonal.aed6fc0f877d523c3ecc8de015eecf469a798461.json,52d3b682ba473a537fb7caf2a2d775acc6b7d85e8e6334c6ceb3670237ff09f8,1508,100644,optimization-evidence,C-development,ranked-candidates,,,6,7a32928884b6225fa6275ccb4a77b3c09f7928df,2026-06-09T13:02:08-04:00,11ee71418e597e977a4d49f6fda166e20c098e9f,2026-08-18T03:46:47-04:00,75,main;coupled-refit-gfed5;modelD-paper-params,coupled-refit-gfed5
models/C/topk.spatial.json,889b2739850cccc4ffee56bc48416981e704d8a2,model/other-models/commit-artifacts/by-path/models/C/topk.spatial.889b2739850cccc4ffee56bc48416981e704d8a2.json,558ad0fa5fbb606cfc501c86af207ee7a3d22302b6c8c160416d856b825ad799,2128,100644,optimization-evidence,C-development,ranked-candidates,,,6,8b92c1a88c1756a7d33193bcc1380d3da102df38,2026-06-10T18:34:50-04:00,11ee71418e597e977a4d49f6fda166e20c098e9f,2026-08-18T03:46:47-04:00,69,main;coupled-refit-gfed5;modelD-paper-params,coupled-refit-gfed5
models/C/topk.tropfix2.json,b0090f0d0493e2bc6fed6bfd026ba219eb134bb1,model/other-models/commit-artifacts/by-path/models/C/topk.tropfix2.b0090f0d0493e2bc6fed6bfd026ba219eb134bb1.json,cf7e0ff2bb7d71e03b3a4eba37d8a8ceffe58552260c0f3d061312ccebb2802d,2010,100644,optimization-evidence,C-development,ranked-candidates,,,8,7eee8b1cea3d8f317b80c7f62c5d76842702470f,2026-06-08T17:25:24-04:00,11ee71418e597e977a4d49f6fda166e20c098e9f,2026-08-18T03:46:47-04:00,80,main;coupled-refit-gfed5;modelD-paper-params,coupled-refit-gfed5
models/combustion-params-continental-seas/betas.Africa.json,a0d85e330dea7b1aafa907903dddc7b8881ed99b,model/other-models/commit-artifacts/by-path/models/combustion-params-continental-seas/betas.Africa.a0d85e330dea7b1aafa907903dddc7b8881ed99b.json,d36580fa5c0d212ce6a40a58de96239498b6e57367abf25bbde918ab4ed1a8fb,546,100644,combustion-parameters,combustion,committed-parameter-set,,5,6,7b96e63193f77f514d06f5dabb1ba156a7740020,2026-06-12T11:45:55-04:00,11ee71418e597e977a4d49f6fda166e20c098e9f,2026-08-18T03:46:47-04:00,47,main;coupled-refit-gfed5;modelD-paper-params,coupled-refit-gfed5
models/combustion-params-continental-seas/betas.Australia.json,fc31bd533364d670bdac3f3556d8d48c6fad55c5,model/other-models/commit-artifacts/by-path/models/combustion-params-continental-seas/betas.Australia.fc31bd533364d670bdac3f3556d8d48c6fad55c5.json,a27f138b5f130f7803b04544ed897e486d1bdb06f84afa0fe6b3a352aae2ba35,548,100644,combustion-parameters,combustion,committed-parameter-set,,5,6,7b96e63193f77f514d06f5dabb1ba156a7740020,2026-06-12T11:45:55-04:00,11ee71418e597e977a4d49f6fda166e20c098e9f,2026-08-18T03:46:47-04:00,47,main;coupled-refit-gfed5;modelD-paper-params,coupled-refit-gfed5
models/combustion-params-continental-seas/betas.Boreal.json,ab00c1d160614aee8a0cfb68af8d6aa1dfb2d763,model/other-models/commit-artifacts/by-path/models/combustion-params-continental-seas/betas.Boreal.ab00c1d160614aee8a0cfb68af8d6aa1dfb2d763.json,20eb4193ab7e575b3c35be6bb1bf6c558e552ae200e1ccf989df5f6df460f055,545,100644,combustion-parameters,combustion,committed-parameter-set,,5,6,7b96e63193f77f514d06f5dabb1ba156a7740020,2026-06-12T11:45:55-04:00,11ee71418e597e977a4d49f6fda166e20c098e9f,2026-08-18T03:46:47-04:00,47,main;coupled-refit-gfed5;modelD-paper-params,coupled-refit-gfed5
models/combustion-params-continental-seas/betas.NAmerica.json,9cbf059192ed723fe1e40dfc3dcb7516ab4ac3da,model/other-models/commit-artifacts/by-path/models/combustion-params-continental-seas/betas.NAmerica.9cbf059192ed723fe1e40dfc3dcb7516ab4ac3da.json,9af380cbd847c6b89076cfc284e203206532ddca1aa336cea354b84f857df359,548,100644,combustion-parameters,combustion,committed-parameter-set,,5,6,7b96e63193f77f514d06f5dabb1ba156a7740020,2026-06-12T11:45:55-04:00,11ee71418e597e977a4d49f6fda166e20c098e9f,2026-08-18T03:46:47-04:00,47,main;coupled-refit-gfed5;modelD-paper-params,coupled-refit-gfed5
models/combustion-params-continental-seas/betas.SAmerica.json,bf3ff25e48886250c319eb9d1a4f057b84639ed6,model/other-models/commit-artifacts/by-path/models/combustion-params-continental-seas/betas.SAmerica.bf3ff25e48886250c319eb9d1a4f057b84639ed6.json,1502acb56cec52b7a47bf449fbeaf4cafcf03b3f2539bb7811319ff6dd4dc4f7,545,100644,combustion-parameters,combustion,committed-parameter-set,,5,6,7b96e63193f77f514d06f5dabb1ba156a7740020,2026-06-12T11:45:55-04:00,11ee71418e597e977a4d49f6fda166e20c098e9f,2026-08-18T03:46:47-04:00,47,main;coupled-refit-gfed5;modelD-paper-params,coupled-refit-gfed5
models/combustion-params-continental-seas/betas.SEAsia.json,54913f80fa0a0dd9e23b268bb2c7f5ee8075779e,model/other-models/commit-artifacts/by-path/models/combustion-params-continental-seas/betas.SEAsia.54913f80fa0a0dd9e23b268bb2c7f5ee8075779e.json,aa62641740cf12c03938c824dcda7d9ddb2982f5d68e0a22e182c9849e30ed41,541,100644,combustion-parameters,combustion,committed-parameter-set,,5,6,7b96e63193f77f514d06f5dabb1ba156a7740020,2026-06-12T11:45:55-04:00,11ee71418e597e977a4d49f6fda166e20c098e9f,2026-08-18T03:46:47-04:00,47,main;coupled-refit-gfed5;modelD-paper-params,coupled-refit-gfed5
models/combustion-params-continental/betas.Africa.json,9b9dbf7ea20c6ff1915f6b83f15f18b9519f4e7a,model/other-models/commit-artifacts/by-path/models/combustion-params-continental/betas.Africa.9b9dbf7ea20c6ff1915f6b83f15f18b9519f4e7a.json,d7ea55b5337ddc5004091821cd4375a515017a41a9f79c3ed2ac4b3ca8eee4d8,548,100644,combustion-parameters,combustion,committed-parameter-set,,5,6,18290dc4fd8bd8c6001a5967d1a019b8a2e448dd,2026-06-12T05:03:53-04:00,11ee71418e597e977a4d49f6fda166e20c098e9f,2026-08-18T03:46:47-04:00,50,main;coupled-refit-gfed5;modelD-paper-params,coupled-refit-gfed5
models/combustion-params-continental/betas.Australia.json,8641812182e04d64963250a80af49383c2b483dc,model/other-models/commit-artifacts/by-path/models/combustion-params-continental/betas.Australia.8641812182e04d64963250a80af49383c2b483dc.json,ad67173598dfded93cebc3b24813310e7acf1b4d0125382c7700e53bcc113d92,549,100644,combustion-parameters,combustion,committed-parameter-set,,5,6,18290dc4fd8bd8c6001a5967d1a019b8a2e448dd,2026-06-12T05:03:53-04:00,11ee71418e597e977a4d49f6fda166e20c098e9f,2026-08-18T03:46:47-04:00,50,main;coupled-refit-gfed5;modelD-paper-params,coupled-refit-gfed5
models/combustion-params-continental/betas.Boreal.json,1649c596e17e01b16ba80435ee1c4f973f2d3b28,model/other-models/commit-artifacts/by-path/models/combustion-params-continental/betas.Boreal.1649c596e17e01b16ba80435ee1c4f973f2d3b28.json,3baa91171f5fada2c37a326525c3bfb360d64216f87e44f2213dcdcd09d2fefb,542,100644,combustion-parameters,combustion,committed-parameter-set,,5,6,18290dc4fd8bd8c6001a5967d1a019b8a2e448dd,2026-06-12T05:03:53-04:00,11ee71418e597e977a4d49f6fda166e20c098e9f,2026-08-18T03:46:47-04:00,50,main;coupled-refit-gfed5;modelD-paper-params,coupled-refit-gfed5
models/combustion-params-continental/betas.Europe.json,6b0e0c4bb919b00fd5d0fb2b5a90688b3c36202e,model/other-models/commit-artifacts/by-path/models/combustion-params-continental/betas.Europe.6b0e0c4bb919b00fd5d0fb2b5a90688b3c36202e.json,0b0a4707fda722de0cabfe8b6ca35a36ffd7f512a154643cafc7acb5d65d9d02,545,100644,combustion-parameters,combustion,committed-parameter-set,,5,6,18290dc4fd8bd8c6001a5967d1a019b8a2e448dd,2026-06-12T05:03:53-04:00,11ee71418e597e977a4d49f6fda166e20c098e9f,2026-08-18T03:46:47-04:00,50,main;coupled-refit-gfed5;modelD-paper-params,coupled-refit-gfed5
models/combustion-params-continental/betas.NAmerica.json,7ae7fe72c6c6b342a49ee5e593395836facafe49,model/other-models/commit-artifacts/by-path/models/combustion-params-continental/betas.NAmerica.7ae7fe72c6c6b342a49ee5e593395836facafe49.json,2e0ed091f73fb70b1c6352acba963a3ee5790b4506bee38ed72821bffa270091,548,100644,combustion-parameters,combustion,committed-parameter-set,,5,6,18290dc4fd8bd8c6001a5967d1a019b8a2e448dd,2026-06-12T05:03:53-04:00,11ee71418e597e977a4d49f6fda166e20c098e9f,2026-08-18T03:46:47-04:00,50,main;coupled-refit-gfed5;modelD-paper-params,coupled-refit-gfed5
models/combustion-params-continental/betas.SAmerica.json,7447fdef80d9d7b02eb4a6909428a47af402946e,model/other-models/commit-artifacts/by-path/models/combustion-params-continental/betas.SAmerica.7447fdef80d9d7b02eb4a6909428a47af402946e.json,1dd983bddea9d05cd3af93e0745024136473d1d356a682c63e2e780bb1c1eb22,545,100644,combustion-parameters,combustion,committed-parameter-set,,5,6,18290dc4fd8bd8c6001a5967d1a019b8a2e448dd,2026-06-12T05:03:53-04:00,11ee71418e597e977a4d49f6fda166e20c098e9f,2026-08-18T03:46:47-04:00,50,main;coupled-refit-gfed5;modelD-paper-params,coupled-refit-gfed5
models/combustion-params-continental/betas.SEAsia.json,62960bc41ae7cc716d0673735776e5e297c6a08c,model/other-models/commit-artifacts/by-path/models/combustion-params-continental/betas.SEAsia.62960bc41ae7cc716d0673735776e5e297c6a08c.json,1e066fc359371132b4d3559eaf50b6f2cb8c27e105fb134716b4a4bd8509ebdc,544,100644,combustion-parameters,combustion,committed-parameter-set,,5,6,18290dc4fd8bd8c6001a5967d1a019b8a2e448dd,2026-06-12T05:03:53-04:00,11ee71418e597e977a4d49f6fda166e20c098e9f,2026-08-18T03:46:47-04:00,50,main;coupled-refit-gfed5;modelD-paper-params,coupled-refit-gfed5
models/combustion-params-continental/betas.gfed5.json,86671c8476057a054d12aae82a5843a4305a32a2,model/other-models/commit-artifacts/by-path/models/combustion-params-continental/betas.gfed5.86671c8476057a054d12aae82a5843a4305a32a2.json,4938f33f4b30f6ec712c4cd050e38b7c5517a80aba234500deef364726d4744e,511,100644,combustion-parameters,combustion,committed-parameter-set,,5,5,7eb4f4ca5676b46aad051c5acf37c7ad8e7b49d5,2026-06-11T17:09:14-04:00,11ee71418e597e977a4d49f6fda166e20c098e9f,2026-08-18T03:46:47-04:00,53,main;coupled-refit-gfed5;modelD-paper-params,coupled-refit-gfed5
models/combustion-params/betas.PRE-tropfix2.gfed5.json,da9518907604d234fbb56e37876d5f9090c3c6e2,model/other-models/commit-artifacts/by-path/models/combustion-params/betas.PRE-tropfix2.gfed5.da9518907604d234fbb56e37876d5f9090c3c6e2.json,1f7b78014f0a6e4942502f6fb98549e20ae073d43b14e1d6271cd8fc0799759d,502,100644,combustion-parameters,combustion,predecessor,,5,5,7eee8b1cea3d8f317b80c7f62c5d76842702470f,2026-06-08T17:25:24-04:00,11ee71418e597e977a4d49f6fda166e20c098e9f,2026-08-18T03:46:47-04:00,80,main;coupled-refit-gfed5;modelD-paper-params,coupled-refit-gfed5
models/combustion-params/betas.gfed5.PRE-hybrid.json,ffb9d0e9333cbc9a4f65af23a47fde78487380c7,model/other-models/commit-artifacts/by-path/models/combustion-params/betas.gfed5.PRE-hybrid.ffb9d0e9333cbc9a4f65af23a47fde78487380c7.json,86beb3efae78893c580d7e71974f6c36e0f5552832a4bc1df710e13245dc7d00,501,100644,combustion-parameters,combustion,predecessor,,5,5,9d346449731a4cf73f2a0787e0439571fbaf7e2a,2026-06-01T22:14:12-04:00,11ee71418e597e977a4d49f6fda166e20c098e9f,2026-08-18T03:46:47-04:00,89,main;coupled-refit-gfed5;modelD-paper-params,coupled-refit-gfed5
models/combustion-params/betas.gfed5.json,d61e6b5a0a32df07220b97d2694d6d70f28dda85,model/other-models/commit-artifacts/by-path/models/combustion-params/betas.gfed5.d61e6b5a0a32df07220b97d2694d6d70f28dda85.json,1db6024f807d16a10832ec3a6b642ae76d1159ae66176988d5b28a06813a0940,497,100644,combustion-parameters,combustion,committed-parameter-set,,5,5,7eee8b1cea3d8f317b80c7f62c5d76842702470f,2026-06-08T17:25:24-04:00,11ee71418e597e977a4d49f6fda166e20c098e9f,2026-08-18T03:46:47-04:00,80,main;coupled-refit-gfed5;modelD-paper-params,coupled-refit-gfed5
models/combustion-params/betas.gfed5.json,da9518907604d234fbb56e37876d5f9090c3c6e2,model/other-models/commit-artifacts/by-path/models/combustion-params/betas.gfed5.da9518907604d234fbb56e37876d5f9090c3c6e2.json,1f7b78014f0a6e4942502f6fb98549e20ae073d43b14e1d6271cd8fc0799759d,502,100644,combustion-parameters,combustion,committed-parameter-set,,5,5,9d346449731a4cf73f2a0787e0439571fbaf7e2a,2026-06-01T22:14:12-04:00,dc7efe658c1e0b9841c0361bb1922a810cb4ceb6,2026-06-08T12:11:31-04:00,9,main;coupled-refit-gfed5;modelD-paper-params,
models/combustion/continental/betas.Africa.json,9b9dbf7ea20c6ff1915f6b83f15f18b9519f4e7a,model/other-models/commit-artifacts/by-path/models/combustion/continental/betas.Africa.9b9dbf7ea20c6ff1915f6b83f15f18b9519f4e7a.json,d7ea55b5337ddc5004091821cd4375a515017a41a9f79c3ed2ac4b3ca8eee4d8,548,100644,combustion-parameters,combustion,committed-parameter-set,,5,6,d78ba4d9c20e8d46e38553a7aa027e707a56d4b1,2026-07-18T18:52:31-04:00,32d283ff595d6653dfd84c076f418a82074b0d26,2026-07-20T03:27:33-04:00,17,main;modelD-paper-params,main;modelD-paper-params
models/combustion/continental/betas.Australia.json,8641812182e04d64963250a80af49383c2b483dc,model/other-models/commit-artifacts/by-path/models/combustion/continental/betas.Australia.8641812182e04d64963250a80af49383c2b483dc.json,ad67173598dfded93cebc3b24813310e7acf1b4d0125382c7700e53bcc113d92,549,100644,combustion-parameters,combustion,committed-parameter-set,,5,6,d78ba4d9c20e8d46e38553a7aa027e707a56d4b1,2026-07-18T18:52:31-04:00,32d283ff595d6653dfd84c076f418a82074b0d26,2026-07-20T03:27:33-04:00,17,main;modelD-paper-params,main;modelD-paper-params
models/combustion/continental/betas.Boreal.json,1649c596e17e01b16ba80435ee1c4f973f2d3b28,model/other-models/commit-artifacts/by-path/models/combustion/continental/betas.Boreal.1649c596e17e01b16ba80435ee1c4f973f2d3b28.json,3baa91171f5fada2c37a326525c3bfb360d64216f87e44f2213dcdcd09d2fefb,542,100644,combustion-parameters,combustion,committed-parameter-set,,5,6,d78ba4d9c20e8d46e38553a7aa027e707a56d4b1,2026-07-18T18:52:31-04:00,32d283ff595d6653dfd84c076f418a82074b0d26,2026-07-20T03:27:33-04:00,17,main;modelD-paper-params,main;modelD-paper-params
models/combustion/continental/betas.Europe.json,6b0e0c4bb919b00fd5d0fb2b5a90688b3c36202e,model/other-models/commit-artifacts/by-path/models/combustion/continental/betas.Europe.6b0e0c4bb919b00fd5d0fb2b5a90688b3c36202e.json,0b0a4707fda722de0cabfe8b6ca35a36ffd7f512a154643cafc7acb5d65d9d02,545,100644,combustion-parameters,combustion,committed-parameter-set,,5,6,d78ba4d9c20e8d46e38553a7aa027e707a56d4b1,2026-07-18T18:52:31-04:00,32d283ff595d6653dfd84c076f418a82074b0d26,2026-07-20T03:27:33-04:00,17,main;modelD-paper-params,main;modelD-paper-params
models/combustion/continental/betas.NAmerica.json,7ae7fe72c6c6b342a49ee5e593395836facafe49,model/other-models/commit-artifacts/by-path/models/combustion/continental/betas.NAmerica.7ae7fe72c6c6b342a49ee5e593395836facafe49.json,2e0ed091f73fb70b1c6352acba963a3ee5790b4506bee38ed72821bffa270091,548,100644,combustion-parameters,combustion,committed-parameter-set,,5,6,d78ba4d9c20e8d46e38553a7aa027e707a56d4b1,2026-07-18T18:52:31-04:00,32d283ff595d6653dfd84c076f418a82074b0d26,2026-07-20T03:27:33-04:00,17,main;modelD-paper-params,main;modelD-paper-params
models/combustion/continental/betas.SAmerica.json,7447fdef80d9d7b02eb4a6909428a47af402946e,model/other-models/commit-artifacts/by-path/models/combustion/continental/betas.SAmerica.7447fdef80d9d7b02eb4a6909428a47af402946e.json,1dd983bddea9d05cd3af93e0745024136473d1d356a682c63e2e780bb1c1eb22,545,100644,combustion-parameters,combustion,committed-parameter-set,,5,6,d78ba4d9c20e8d46e38553a7aa027e707a56d4b1,2026-07-18T18:52:31-04:00,32d283ff595d6653dfd84c076f418a82074b0d26,2026-07-20T03:27:33-04:00,17,main;modelD-paper-params,main;modelD-paper-params
models/combustion/continental/betas.SEAsia.json,62960bc41ae7cc716d0673735776e5e297c6a08c,model/other-models/commit-artifacts/by-path/models/combustion/continental/betas.SEAsia.62960bc41ae7cc716d0673735776e5e297c6a08c.json,1e066fc359371132b4d3559eaf50b6f2cb8c27e105fb134716b4a4bd8509ebdc,544,100644,combustion-parameters,combustion,committed-parameter-set,,5,6,d78ba4d9c20e8d46e38553a7aa027e707a56d4b1,2026-07-18T18:52:31-04:00,32d283ff595d6653dfd84c076f418a82074b0d26,2026-07-20T03:27:33-04:00,17,main;modelD-paper-params,main;modelD-paper-params
models/combustion/continental/betas.gfed5.json,86671c8476057a054d12aae82a5843a4305a32a2,model/other-models/commit-artifacts/by-path/models/combustion/continental/betas.gfed5.86671c8476057a054d12aae82a5843a4305a32a2.json,4938f33f4b30f6ec712c4cd050e38b7c5517a80aba234500deef364726d4744e,511,100644,combustion-parameters,combustion,committed-parameter-set,,5,5,d78ba4d9c20e8d46e38553a7aa027e707a56d4b1,2026-07-18T18:52:31-04:00,32d283ff595d6653dfd84c076f418a82074b0d26,2026-07-20T03:27:33-04:00,17,main;modelD-paper-params,main;modelD-paper-params
models/formula.md,df7240fdef83a88715b7e1e73ae6f5a35ae0d4f5,model/other-models/commit-artifacts/by-path/models/formula.df7240fdef83a88715b7e1e73ae6f5a35ae0d4f5.md,37d41e69f5962aa5750dfc141e3a5e4af117eaa3510cc203b21cf8545704fa9a,3196,100644,documentation,initial-fire-model,definition,,,,d78ba4d9c20e8d46e38553a7aa027e707a56d4b1,2026-07-18T18:52:31-04:00,32d283ff595d6653dfd84c076f418a82074b0d26,2026-07-20T03:27:33-04:00,17,main;modelD-paper-params,main;modelD-paper-params
models/hurtt-betas-B-coupling/betas.gfed5.json,7668618fd64b6d1d4d991dfbdfd768291654faf7,model/other-models/commit-artifacts/by-path/models/hurtt-betas-B-coupling/betas.gfed5.7668618fd64b6d1d4d991dfbdfd768291654faf7.json,30fc6b07fb31bf6365ab04003237aeb91023b73f1b5d0d415e10db20503da1d7,508,100644,combustion-parameters,combustion,committed-parameter-set,,5,5,90c17aa2e664610b2685996e24c354e78321696c,2026-07-25T17:29:40-04:00,11ee71418e597e977a4d49f6fda166e20c098e9f,2026-08-18T03:46:47-04:00,25,coupled-refit-gfed5,coupled-refit-gfed5
models/hurtt-betas-gdpreg/betas.gfed5.json,1494defd8bcf298f56b22752b62eb748ea4889dd,model/other-models/commit-artifacts/by-path/models/hurtt-betas-gdpreg/betas.gfed5.1494defd8bcf298f56b22752b62eb748ea4889dd.json,82bce74eab9ed8659dd02b6c4ef905ac021d71baca784caf1512378accf0328b,500,100644,combustion-parameters,combustion,committed-parameter-set,,5,5,88d5e45675a0e90bc45fcd8ea23c33a714b83c3f,2026-07-24T05:17:55-04:00,11ee71418e597e977a4d49f6fda166e20c098e9f,2026-08-18T03:46:47-04:00,28,coupled-refit-gfed5,coupled-refit-gfed5
models/paper/C.json,b3f96472307f86f0cff190afd1252ab86015e18e,model/other-models/commit-artifacts/by-path/models/paper/C.b3f96472307f86f0cff190afd1252ab86015e18e.json,fde7fab8cf0a91b742cfd9a5c2b9b0602e57c3ce5eb6957794d038541622b7de,1512,100644,paper-model,C-development,committed-parameter-set,Model C (coupled-consistent retune; drivers + GPP from Lei's ED dump; GFED5 target),12,13,d78ba4d9c20e8d46e38553a7aa027e707a56d4b1,2026-07-18T18:52:31-04:00,32d283ff595d6653dfd84c076f418a82074b0d26,2026-07-20T03:27:33-04:00,17,main;modelD-paper-params,main;modelD-paper-params
models/paper/D.json,2597ed44fa007b41c80dc8460a495852b5c4739c,model/other-models/commit-artifacts/by-path/models/paper/D.2597ed44fa007b41c80dc8460a495852b5c4739c.json,076ea846259085e22e693a4115d9243f1e21343440d33adb4e2412b87898b56f,2655,100644,paper-model,D,committed-parameter-set,"Model D (paper ladder; Model C form, spatial/active-fire objective; GFED5 target)",12,20,32d283ff595d6653dfd84c076f418a82074b0d26,2026-07-20T03:27:33-04:00,32d283ff595d6653dfd84c076f418a82074b0d26,2026-07-20T03:27:33-04:00,1,modelD-paper-params,modelD-paper-params
models/paper/D.json,8055dbf17a2c5ec7f3eb3f5a37e51783b4db2a07,model/other-models/commit-artifacts/by-path/models/paper/D.8055dbf17a2c5ec7f3eb3f5a37e51783b4db2a07.json,725be3398ffa059f907e3df50c7efd7ce75d15ac08830a094ef71e086527c9bf,2028,100644,paper-model,D,committed-parameter-set,Model C (coupled-consistent retune; drivers + GPP from Lei's ED dump; GFED5 target),15,19,d78ba4d9c20e8d46e38553a7aa027e707a56d4b1,2026-07-18T18:52:31-04:00,222b8569268a65566de0073a5f84dcbb2028da12,2026-07-18T19:28:00-04:00,16,main;modelD-paper-params,main
models/paper/E/africa.json,7d59b1c519d9b9c92033a2964c221c5a52b4a481,model/other-models/commit-artifacts/by-path/models/paper/E/africa.7d59b1c519d9b9c92033a2964c221c5a52b4a481.json,0d0f30827867f2a720b3956bf1b4c91228ff88b0d0ca834b6303d1bacfbb6282,1698,100644,paper-model,E,committed-parameter-set,Model C (coupled-consistent retune; drivers + GPP from Lei's ED dump; GFED5 target),16,13,d78ba4d9c20e8d46e38553a7aa027e707a56d4b1,2026-07-18T18:52:31-04:00,32d283ff595d6653dfd84c076f418a82074b0d26,2026-07-20T03:27:33-04:00,17,main;modelD-paper-params,main;modelD-paper-params
models/paper/E/africa_cell.json,bf424a12f32a4e3f4fe66f7bfeee59c78c3a1adf,model/other-models/commit-artifacts/by-path/models/paper/E/africa_cell.bf424a12f32a4e3f4fe66f7bfeee59c78c3a1adf.json,7abffd99dfe67442b0d2e9320ac43201f4bfc43e38307ef3dbe0c14c54174702,1696,100644,paper-model,E,held-out-cells,Model C (coupled-consistent retune; drivers + GPP from Lei's ED dump; GFED5 target),16,13,d78ba4d9c20e8d46e38553a7aa027e707a56d4b1,2026-07-18T18:52:31-04:00,32d283ff595d6653dfd84c076f418a82074b0d26,2026-07-20T03:27:33-04:00,17,main;modelD-paper-params,main;modelD-paper-params
models/paper/E/africa_ho.json,ab2339e37b5fa469bccf1916be7af808c3515c68,model/other-models/commit-artifacts/by-path/models/paper/E/africa_ho.ab2339e37b5fa469bccf1916be7af808c3515c68.json,348a433ff57fb1cc46001abd64e593cb460fa48226509470fd99c6766298dd53,1694,100644,paper-model,E,held-out-years,Model C (coupled-consistent retune; drivers + GPP from Lei's ED dump; GFED5 target),16,13,d78ba4d9c20e8d46e38553a7aa027e707a56d4b1,2026-07-18T18:52:31-04:00,32d283ff595d6653dfd84c076f418a82074b0d26,2026-07-20T03:27:33-04:00,17,main;modelD-paper-params,main;modelD-paper-params
models/paper/E/assembly.json,0405f8656b8d3f53e2d722fa978224cb67b19912,model/other-models/commit-artifacts/by-path/models/paper/E/assembly.0405f8656b8d3f53e2d722fa978224cb67b19912.json,356eed46bec3a4c15b1e605ebb638aa1f0020bef3505cdf263b210ef7fc043a2,420,100644,paper-model,E,assembly,,,5,d78ba4d9c20e8d46e38553a7aa027e707a56d4b1,2026-07-18T18:52:31-04:00,32d283ff595d6653dfd84c076f418a82074b0d26,2026-07-20T03:27:33-04:00,17,main;modelD-paper-params,main;modelD-paper-params
models/paper/E/boreal.json,53185b61e8f84303e5b1d7fb23e30e424335aff5,model/other-models/commit-artifacts/by-path/models/paper/E/boreal.53185b61e8f84303e5b1d7fb23e30e424335aff5.json,b0e0ef22e829db8d6795490167c5e3931ac2797083c3c0eeb727887f7706f467,1670,100644,paper-model,E,committed-parameter-set,Model C (coupled-consistent retune; drivers + GPP from Lei's ED dump; GFED5 target),15,13,d78ba4d9c20e8d46e38553a7aa027e707a56d4b1,2026-07-18T18:52:31-04:00,32d283ff595d6653dfd84c076f418a82074b0d26,2026-07-20T03:27:33-04:00,17,main;modelD-paper-params,main;modelD-paper-params
models/paper/E/boreal_cell.json,655e1cad462c27e5377038ddc84ec74771e00032,model/other-models/commit-artifacts/by-path/models/paper/E/boreal_cell.655e1cad462c27e5377038ddc84ec74771e00032.json,c9f3b45bbdf12d05f4f6612d5e27ea581aa357c41076d1577e52baf194c6099b,1661,100644,paper-model,E,held-out-cells,Model C (coupled-consistent retune; drivers + GPP from Lei's ED dump; GFED5 target),15,13,d78ba4d9c20e8d46e38553a7aa027e707a56d4b1,2026-07-18T18:52:31-04:00,32d283ff595d6653dfd84c076f418a82074b0d26,2026-07-20T03:27:33-04:00,17,main;modelD-paper-params,main;modelD-paper-params
models/paper/E/boreal_ho.json,5aa43576efe379be993c8179165678f60da5064a,model/other-models/commit-artifacts/by-path/models/paper/E/boreal_ho.5aa43576efe379be993c8179165678f60da5064a.json,c51105ef31267c7849995add17464510556dc7156d747a494773a75b75066eba,1661,100644,paper-model,E,held-out-years,Model C (coupled-consistent retune; drivers + GPP from Lei's ED dump; GFED5 target),15,13,d78ba4d9c20e8d46e38553a7aa027e707a56d4b1,2026-07-18T18:52:31-04:00,32d283ff595d6653dfd84c076f418a82074b0d26,2026-07-20T03:27:33-04:00,17,main;modelD-paper-params,main;modelD-paper-params
models/paper/E/europe.json,e8a2358b1f72aa990d18abb422eefa401bc6a733,model/other-models/commit-artifacts/by-path/models/paper/E/europe.e8a2358b1f72aa990d18abb422eefa401bc6a733.json,183b2a3b98df8e2df42ecbc91bd2f7da7180f2b7a98077248420a154bb108ccb,1667,100644,paper-model,E,committed-parameter-set,Model C (coupled-consistent retune; drivers + GPP from Lei's ED dump; GFED5 target),15,13,d78ba4d9c20e8d46e38553a7aa027e707a56d4b1,2026-07-18T18:52:31-04:00,32d283ff595d6653dfd84c076f418a82074b0d26,2026-07-20T03:27:33-04:00,17,main;modelD-paper-params,main;modelD-paper-params
models/paper/E/europe_cell.json,f69dcb237cc3810ac08b6abf0cc1faf1689374c7,model/other-models/commit-artifacts/by-path/models/paper/E/europe_cell.f69dcb237cc3810ac08b6abf0cc1faf1689374c7.json,14593d7d21689ade03d60862a38ad0dbadb9935e95e601ad6f14d21cf7860fe2,1671,100644,paper-model,E,held-out-cells,Model C (coupled-consistent retune; drivers + GPP from Lei's ED dump; GFED5 target),15,13,d78ba4d9c20e8d46e38553a7aa027e707a56d4b1,2026-07-18T18:52:31-04:00,32d283ff595d6653dfd84c076f418a82074b0d26,2026-07-20T03:27:33-04:00,17,main;modelD-paper-params,main;modelD-paper-params
models/paper/E/europe_ho.json,75fc1188f38dd32fb2608153a4dd9a34edcd3612,model/other-models/commit-artifacts/by-path/models/paper/E/europe_ho.75fc1188f38dd32fb2608153a4dd9a34edcd3612.json,7d733f3ff505e68ba94979a39adb6ecf548a407bcb46a9a9f8f62b25d46d76ed,1669,100644,paper-model,E,held-out-years,Model C (coupled-consistent retune; drivers + GPP from Lei's ED dump; GFED5 target),15,13,d78ba4d9c20e8d46e38553a7aa027e707a56d4b1,2026-07-18T18:52:31-04:00,32d283ff595d6653dfd84c076f418a82074b0d26,2026-07-20T03:27:33-04:00,17,main;modelD-paper-params,main;modelD-paper-params
models/paper/E/fallback.json,3e1eb534bc76555cfe1cb2aec38efcd2e8ab3c0a,model/other-models/commit-artifacts/by-path/models/paper/E/fallback.3e1eb534bc76555cfe1cb2aec38efcd2e8ab3c0a.json,6694b219cdb7756effff4c20117c361a0cd5d55888eeee818ce46200ececf4d9,1779,100644,paper-model,E,committed-parameter-set,Model C (coupled-consistent retune; drivers + GPP from Lei's ED dump; GFED5 target),15,17,d78ba4d9c20e8d46e38553a7aa027e707a56d4b1,2026-07-18T18:52:31-04:00,32d283ff595d6653dfd84c076f418a82074b0d26,2026-07-20T03:27:33-04:00,17,main;modelD-paper-params,main;modelD-paper-params
models/paper/E/samerica.json,d0cc90eed2b44bcb7fa10833ca7d4f9530d25b21,model/other-models/commit-artifacts/by-path/models/paper/E/samerica.d0cc90eed2b44bcb7fa10833ca7d4f9530d25b21.json,c2fa4eff395013da96e2fae001c56ddb9d0c82e6ab0bc92c31d515083b676a4b,1671,100644,paper-model,E,committed-parameter-set,Model C (coupled-consistent retune; drivers + GPP from Lei's ED dump; GFED5 target),15,13,d78ba4d9c20e8d46e38553a7aa027e707a56d4b1,2026-07-18T18:52:31-04:00,32d283ff595d6653dfd84c076f418a82074b0d26,2026-07-20T03:27:33-04:00,17,main;modelD-paper-params,main;modelD-paper-params
models/paper/E/samerica_cell.json,ba940535b8ceccfe5c97e505a472d6d5106db36e,model/other-models/commit-artifacts/by-path/models/paper/E/samerica_cell.ba940535b8ceccfe5c97e505a472d6d5106db36e.json,39d4509138cbb3c323c8790d9d60da3387b1b685560591f882d802dce2e3e2c8,1672,100644,paper-model,E,held-out-cells,Model C (coupled-consistent retune; drivers + GPP from Lei's ED dump; GFED5 target),15,13,d78ba4d9c20e8d46e38553a7aa027e707a56d4b1,2026-07-18T18:52:31-04:00,32d283ff595d6653dfd84c076f418a82074b0d26,2026-07-20T03:27:33-04:00,17,main;modelD-paper-params,main;modelD-paper-params
models/paper/E/samerica_ho.json,7a615cabddc253f5e8208fe21a1bb448cc5d9b04,model/other-models/commit-artifacts/by-path/models/paper/E/samerica_ho.7a615cabddc253f5e8208fe21a1bb448cc5d9b04.json,3853945c563d8479dcf495404114894f983829fc32651d8e188a843f0f0ece7a,1663,100644,paper-model,E,held-out-years,Model C (coupled-consistent retune; drivers + GPP from Lei's ED dump; GFED5 target),15,13,d78ba4d9c20e8d46e38553a7aa027e707a56d4b1,2026-07-18T18:52:31-04:00,32d283ff595d6653dfd84c076f418a82074b0d26,2026-07-20T03:27:33-04:00,17,main;modelD-paper-params,main;modelD-paper-params
models/paper/E/seasia.json,15fb18d4c324ba3ed02d584d03f8cf7e3c7173d6,model/other-models/commit-artifacts/by-path/models/paper/E/seasia.15fb18d4c324ba3ed02d584d03f8cf7e3c7173d6.json,0e1a4aac75eea669d5ae30b78a768e4aaafd195afa419256404d76cf97d1c940,1663,100644,paper-model,E,committed-parameter-set,Model C (coupled-consistent retune; drivers + GPP from Lei's ED dump; GFED5 target),15,13,d78ba4d9c20e8d46e38553a7aa027e707a56d4b1,2026-07-18T18:52:31-04:00,32d283ff595d6653dfd84c076f418a82074b0d26,2026-07-20T03:27:33-04:00,17,main;modelD-paper-params,main;modelD-paper-params
models/paper/E/seasia_cell.json,6965fc317ca26293f9768affe4f0e810706466c7,model/other-models/commit-artifacts/by-path/models/paper/E/seasia_cell.6965fc317ca26293f9768affe4f0e810706466c7.json,94f1cae770380838ef1135ddb6369562e063c072a808573ba6b09453e0647c14,1663,100644,paper-model,E,held-out-cells,Model C (coupled-consistent retune; drivers + GPP from Lei's ED dump; GFED5 target),15,13,d78ba4d9c20e8d46e38553a7aa027e707a56d4b1,2026-07-18T18:52:31-04:00,32d283ff595d6653dfd84c076f418a82074b0d26,2026-07-20T03:27:33-04:00,17,main;modelD-paper-params,main;modelD-paper-params
models/paper/E/seasia_ho.json,39cb27efaef73501ec842003dd223195a50c511d,model/other-models/commit-artifacts/by-path/models/paper/E/seasia_ho.39cb27efaef73501ec842003dd223195a50c511d.json,a77aadd12ebea796668440730eafa87b8009e9fa49254c11f75a6d3071abe76c,1659,100644,paper-model,E,held-out-years,Model C (coupled-consistent retune; drivers + GPP from Lei's ED dump; GFED5 target),15,13,d78ba4d9c20e8d46e38553a7aa027e707a56d4b1,2026-07-18T18:52:31-04:00,32d283ff595d6653dfd84c076f418a82074b0d26,2026-07-20T03:27:33-04:00,17,main;modelD-paper-params,main;modelD-paper-params
models/paper/README.md,1510b22fdcb88f3edc7351cb7d9c2b54a972357f,model/other-models/commit-artifacts/by-path/models/paper/README.1510b22fdcb88f3edc7351cb7d9c2b54a972357f.md,ef2988f6156e5068cedb8d68da5489e2106743564d8a039d1d05ecd458a693fb,1173,100644,documentation,initial-fire-model,definition,,,,d78ba4d9c20e8d46e38553a7aa027e707a56d4b1,2026-07-18T18:52:31-04:00,32d283ff595d6653dfd84c076f418a82074b0d26,2026-07-20T03:27:33-04:00,17,main;modelD-paper-params,main;modelD-paper-params
models/shapley.json,3135c8abeee9fb0ff41bd78dfb581a591cb09fce,model/other-models/commit-artifacts/by-path/models/shapley.3135c8abeee9fb0ff41bd78dfb581a591cb09fce.json,ab6a2fbe622fd4ba26669691f3314dc77e01e91a99d0f5345b8650668dfbb58b,1691,100644,optimization-evidence,A-B-C-attribution,attribution,Model A v8 Shapley (8 mechanism groups),,11,bffdba5716aaf702d1eeffdb40a2480f34561799,2026-04-22T00:22:18-04:00,48dc681b2a71453c97146151c062e83ea76cf5a6,2026-04-22T18:07:39-04:00,3,main;coupled-refit-gfed5;modelD-paper-params,
models/shapley.json,61046a7c1e3411c87067f5661ef5732e7e643dcb,model/other-models/commit-artifacts/by-path/models/shapley.61046a7c1e3411c87067f5661ef5732e7e643dcb.json,629e516790a4a60cc778d705ff60df3c25a0e26434b3cfe991a033d821246480,557,100644,optimization-evidence,A-B-C-attribution,attribution,,,1,9d346449731a4cf73f2a0787e0439571fbaf7e2a,2026-06-01T22:14:12-04:00,11ee71418e597e977a4d49f6fda166e20c098e9f,2026-08-18T03:46:47-04:00,89,main;coupled-refit-gfed5;modelD-paper-params,coupled-refit-gfed5
models/shapley.json,7235ffad3e97fc18d8b88b543630534bd3e2471b,model/other-models/commit-artifacts/by-path/models/shapley.7235ffad3e97fc18d8b88b543630534bd3e2471b.json,77573dbbfcf9e96d1d4c59eb4a4483875d05fa1d8145f29e6e7c0399809e8509,1542,100644,optimization-evidence,A-B-C-attribution,attribution,Model A v2 (TRENDY v14 inputs),,12,c2fba5a32953fc567d760e87e551a004820d963f,2026-04-21T15:19:24-04:00,c2fba5a32953fc567d760e87e551a004820d963f,2026-04-21T15:19:24-04:00,1,main;coupled-refit-gfed5;modelD-paper-params,
models/shapley_subsets.json,8a625c5efc1900573f188206d8bcbccaee28ce80,model/other-models/commit-artifacts/by-path/models/shapley_subsets.8a625c5efc1900573f188206d8bcbccaee28ce80.json,c700cdd8bf199fd6073869805dbac3e15892d50e0ebef0d45da366ddf17f1b59,44940,100644,optimization-evidence,A-B-C-attribution,attribution,,,2,bffdba5716aaf702d1eeffdb40a2480f34561799,2026-04-22T00:22:18-04:00,48dc681b2a71453c97146151c062e83ea76cf5a6,2026-04-22T18:07:39-04:00,3,main;coupled-refit-gfed5;modelD-paper-params,
patches/ED_params.defaults.cfg.patch,90d123f162e63b1f62d2c80e22c01e6db7b649a6,model/other-models/commit-artifacts/by-path/patches/ED_params.defaults.cfg.90d123f162e63b1f62d2c80e22c01e6db7b649a6.patch,850d07cfe15cd15e31fb475dfa41cda33c7a37e329ff468717f60d930608fb33,2092,100644,implementation,initial-fire-model,definition,,,,8cedfeef5410b367f502dba55ba5407eb6715e79,2026-03-20T19:54:55-04:00,8cedfeef5410b367f502dba55ba5407eb6715e79,2026-03-20T19:54:55-04:00,1,main;coupled-refit-gfed5;modelD-paper-params,
patches/belowgrnd.cc.patch,a538d17c41a4b5d6841cbe5af3d86dc68f1b3b91,model/other-models/commit-artifacts/by-path/patches/belowgrnd.cc.a538d17c41a4b5d6841cbe5af3d86dc68f1b3b91.patch,65d5a060d51620349e69a7b476a7edfe60ba18e578d89feaba0b3eb5e8d7f14c,3553,100644,implementation,initial-fire-model,definition,,,,90aff6e46ee182772fd0c6cfacf53b6843f37b9d,2026-03-20T16:00:00-04:00,8cedfeef5410b367f502dba55ba5407eb6715e79,2026-03-20T19:54:55-04:00,2,main;coupled-refit-gfed5;modelD-paper-params,
patches/fire.cc.patch,9f01a10b8dd9706bdc633c1fb8b95c31a3ff903f,model/other-models/commit-artifacts/by-path/patches/fire.cc.9f01a10b8dd9706bdc633c1fb8b95c31a3ff903f.patch,553cdf22f382083cfd6f016bad5b83a93bbaefe1daf678f93631a8e0a440df00,1669,100644,implementation,initial-fire-model,definition,,,,90aff6e46ee182772fd0c6cfacf53b6843f37b9d,2026-03-20T16:00:00-04:00,8cedfeef5410b367f502dba55ba5407eb6715e79,2026-03-20T19:54:55-04:00,2,main;coupled-refit-gfed5;modelD-paper-params,
patches/fire_modelA.cc,80e1d97dcae4b288276c15e47b4d5e3dd3af32b5,model/other-models/commit-artifacts/by-path/patches/fire_modelA.80e1d97dcae4b288276c15e47b4d5e3dd3af32b5.cc,0c2678c086c543ead045225a2c44afbd7a13477cd5d43127b13601328a1408fb,4780,100644,implementation,A,definition,,,,bffdba5716aaf702d1eeffdb40a2480f34561799,2026-04-22T00:22:18-04:00,48dc681b2a71453c97146151c062e83ea76cf5a6,2026-04-22T18:07:39-04:00,3,main;coupled-refit-gfed5;modelD-paper-params,
patches/fire_modelB.cc,08d295ac460ff606e6b4ef4aef3977ee0e458efa,model/other-models/commit-artifacts/by-path/patches/fire_modelB.08d295ac460ff606e6b4ef4aef3977ee0e458efa.cc,c1189f04daffe4e85e34be206f98be3cefc135f352c53fb8c7b055142c9cf9ea,3215,100644,implementation,B,definition,,,,bffdba5716aaf702d1eeffdb40a2480f34561799,2026-04-22T00:22:18-04:00,48dc681b2a71453c97146151c062e83ea76cf5a6,2026-04-22T18:07:39-04:00,3,main;coupled-refit-gfed5;modelD-paper-params,
patches/fire_modelC.cc,86f1cf8e3e2a46ca3574c8c0f90aef4d3a108e6d,model/other-models/commit-artifacts/by-path/patches/fire_modelC.86f1cf8e3e2a46ca3574c8c0f90aef4d3a108e6d.cc,eb36c6dd775dfaecb707c2d78d19d2fdb845eaeb317b78d3b2371319ac84453f,4770,100644,implementation,initial-fire-model,definition,,,,bffdba5716aaf702d1eeffdb40a2480f34561799,2026-04-22T00:22:18-04:00,48dc681b2a71453c97146151c062e83ea76cf5a6,2026-04-22T18:07:39-04:00,3,main;coupled-refit-gfed5;modelD-paper-params,
patches/fire_modelC.cc,c5e652bbdf85996fa1f64900824e2b21792e0f3a,model/other-models/commit-artifacts/by-path/patches/fire_modelC.c5e652bbdf85996fa1f64900824e2b21792e0f3a.cc,291daf1e484d880d0d07d4492263ecefabfb826991071e1b3c5a0107cfcf69a8,5627,100644,implementation,initial-fire-model,definition,,,,9d346449731a4cf73f2a0787e0439571fbaf7e2a,2026-06-01T22:14:12-04:00,11ee71418e597e977a4d49f6fda166e20c098e9f,2026-08-18T03:46:47-04:00,93,main;coupled-refit-gfed5;modelD-paper-params,coupled-refit-gfed5
patches/fire_modelC.cc,f94debfd544de670c27270e0acc81f5070114c46,model/other-models/commit-artifacts/by-path/patches/fire_modelC.f94debfd544de670c27270e0acc81f5070114c46.cc,5c5ae4c51278385dc5c14c8baece115f1e6b6ed359b84f1c3378184d0679efb3,5501,100644,implementation,initial-fire-model,definition,,,,2fe11228a207bc7947f4bd02e0ff41d53ac84985,2026-04-23T21:41:03-04:00,1bac73121385ecd545c132df49746a8a28cce44b,2026-04-28T20:44:25-04:00,3,main;coupled-refit-gfed5;modelD-paper-params,
patches/phenology.cc.patch,2a1652a415f789b13ae02fe21b1264ebeddb1b65,model/other-models/commit-artifacts/by-path/patches/phenology.cc.2a1652a415f789b13ae02fe21b1264ebeddb1b65.patch,cad0e91a0143b8e9e681cede1f6d0e3c9f0c80455a47856e6f3f5b5709c1da85,2617,100644,implementation,initial-fire-model,definition,,,,90aff6e46ee182772fd0c6cfacf53b6843f37b9d,2026-03-20T16:00:00-04:00,8cedfeef5410b367f502dba55ba5407eb6715e79,2026-03-20T19:54:55-04:00,2,main;coupled-refit-gfed5;modelD-paper-params,
