attempt_id,model_family,stage,artifact_kind,source_path,git_blob,archive_path,declared_model,parameter_count,record_count,first_seen_commit,first_seen_date,history_refs
F:749a8fd72673:HPC_AFRICA_HANDOFF/reference/params.coupledE_gdp.json,F,committed-parameter-set,coupled-reference,HPC_AFRICA_HANDOFF/reference/params.coupledE_gdp.json,749a8fd7267331a5e767acbc679758a996715462,model/other-models/commit-artifacts/by-path/HPC_AFRICA_HANDOFF/reference/params.coupledE_gdp.749a8fd7267331a5e767acbc679758a996715462.json,Model C (coupled-consistent retune; drivers + GPP from Lei's ED dump; GFED5 target),17,13,11ee71418e597e977a4d49f6fda166e20c098e9f,2026-08-18T03:46:47-04:00,coupled-refit-gfed5
coupled-E:13e75e34ce7b:HPC_AFRICA_HANDOFF/reference/params.coupledFW.json,coupled-E,committed-parameter-set,coupled-reference,HPC_AFRICA_HANDOFF/reference/params.coupledFW.json,13e75e34ce7b265ec0bdc56a49307065b077c056,model/other-models/commit-artifacts/by-path/HPC_AFRICA_HANDOFF/reference/params.coupledFW.13e75e34ce7b265ec0bdc56a49307065b077c056.json,Model C (coupled-consistent retune; drivers + GPP from Lei's ED dump; GFED5 target),16,13,11ee71418e597e977a4d49f6fda166e20c098e9f,2026-08-18T03:46:47-04:00,coupled-refit-gfed5
initial-fire-model:5dae6b1fe25c:configs/optimized_params.json,initial-fire-model,optimization-result,optimized-configuration,configs/optimized_params.json,5dae6b1fe25ccbaf741dcc6a55a9ec8619ae8079,model/other-models/commit-artifacts/by-path/configs/optimized_params.5dae6b1fe25ccbaf741dcc6a55a9ec8619ae8079.json,,,4,90aff6e46ee182772fd0c6cfacf53b6843f37b9d,2026-03-20T16:00:00-04:00,main;coupled-refit-gfed5;modelD-paper-params
initial-fire-model:993616583e5b:configs/optimized_params.json,initial-fire-model,optimization-result,optimized-configuration,configs/optimized_params.json,993616583e5bb59fdbccdd18faf554fc2c2004fb,model/other-models/commit-artifacts/by-path/configs/optimized_params.993616583e5bb59fdbccdd18faf554fc2c2004fb.json,,,5,8cedfeef5410b367f502dba55ba5407eb6715e79,2026-03-20T19:54:55-04:00,main;coupled-refit-gfed5;modelD-paper-params
F:9c25c92c33e4:data_human/gdp_regional_gamma.json,F,committed-parameter-set,human-driver-parameters,data_human/gdp_regional_gamma.json,9c25c92c33e4e9e3b75bf25cd6820697c97d81bd,model/other-models/commit-artifacts/by-path/data_human/gdp_regional_gamma.9c25c92c33e4e9e3b75bf25cd6820697c97d81bd.json,,,5,53742a646122ec91630bb212e931e9d8ac35897c,2026-07-24T02:56:41-04:00,coupled-refit-gfed5
curing:55464245d759:data_human/regional_cure.json,curing,committed-parameter-set,human-driver-parameters,data_human/regional_cure.json,55464245d759c1d193b40e10475a3fa845dabe9c,model/other-models/commit-artifacts/by-path/data_human/regional_cure.55464245d759c1d193b40e10475a3fa845dabe9c.json,,,5,11ee71418e597e977a4d49f6fda166e20c098e9f,2026-08-18T03:46:47-04:00,coupled-refit-gfed5
A:001b8b1ceda9:models/A/params.json,A,committed-parameter-set,model-parameters,models/A/params.json,001b8b1ceda90624d4698c7b869089f86bfe6746,model/other-models/commit-artifacts/by-path/models/A/params.001b8b1ceda90624d4698c7b869089f86bfe6746.json,,19,5,c2fba5a32953fc567d760e87e551a004820d963f,2026-04-21T15:19:24-04:00,main;coupled-refit-gfed5;modelD-paper-params
A:40d03bd9dbc1:models/A/params.json,A,committed-parameter-set,model-parameters,models/A/params.json,40d03bd9dbc1951e22e41b98b728619da2ae659d,model/other-models/commit-artifacts/by-path/models/A/params.40d03bd9dbc1951e22e41b98b728619da2ae659d.json,Model A v8 — v7 + LAI fuel,27,6,bffdba5716aaf702d1eeffdb40a2480f34561799,2026-04-22T00:22:18-04:00,main;coupled-refit-gfed5;modelD-paper-params
B:38dc0ccbf354:models/B/params.json,B,committed-parameter-set,model-parameters,models/B/params.json,38dc0ccbf354729ef68058e64f688d4cc7cedd7a,model/other-models/commit-artifacts/by-path/models/B/params.38dc0ccbf354729ef68058e64f688d4cc7cedd7a.json,Model B (Shapley-reduced from v8),17,8,bffdba5716aaf702d1eeffdb40a2480f34561799,2026-04-22T00:22:18-04:00,main;coupled-refit-gfed5;modelD-paper-params
B:69eea90b0990:models/B/params.json,B,committed-parameter-set,model-parameters,models/B/params.json,69eea90b0990192573d1c7ef6697f5adbd8ad1a3,model/other-models/commit-artifacts/by-path/models/B/params.69eea90b0990192573d1c7ef6697f5adbd8ad1a3.json,Model B v2,13,8,c2fba5a32953fc567d760e87e551a004820d963f,2026-04-21T15:19:24-04:00,main;coupled-refit-gfed5;modelD-paper-params
G:460c728d5821:models/C/params.G_Africa.json,G,committed-parameter-set,model-parameters,models/C/params.G_Africa.json,460c728d5821926a837ddc58dec7a57339ff9789,model/other-models/commit-artifacts/by-path/models/C/params.G_Africa.460c728d5821926a837ddc58dec7a57339ff9789.json,Model C (coupled-consistent retune; drivers + GPP from Lei's ED dump; GFED5 target),12,13,aa3f8ff447cb109eceadbcf57f9932e29071f120,2026-08-06T01:33:40-04:00,coupled-refit-gfed5
G:8b9424af95d8:models/C/params.G_Africa.k1.json,G,optimizer-checkpoint,model-parameters,models/C/params.G_Africa.k1.json,8b9424af95d82ba324473a86715921d9a14c9527,model/other-models/commit-artifacts/by-path/models/C/params.G_Africa.k1.8b9424af95d82ba324473a86715921d9a14c9527.json,Model C (coupled-consistent retune; drivers + GPP from Lei's ED dump; GFED5 target),12,17,aa3f8ff447cb109eceadbcf57f9932e29071f120,2026-08-06T01:33:40-04:00,coupled-refit-gfed5
G:739816448db9:models/C/params.G_Africa.k2.json,G,optimizer-checkpoint,model-parameters,models/C/params.G_Africa.k2.json,739816448db9104d44cd62198053ff060c966fa3,model/other-models/commit-artifacts/by-path/models/C/params.G_Africa.k2.739816448db9104d44cd62198053ff060c966fa3.json,Model C (coupled-consistent retune; drivers + GPP from Lei's ED dump; GFED5 target),12,17,aa3f8ff447cb109eceadbcf57f9932e29071f120,2026-08-06T01:33:40-04:00,coupled-refit-gfed5
G:4ef811fa5eef:models/C/params.G_Africa.k3.json,G,optimizer-checkpoint,model-parameters,models/C/params.G_Africa.k3.json,4ef811fa5eef0bdd002e06867968128c447d4192,model/other-models/commit-artifacts/by-path/models/C/params.G_Africa.k3.4ef811fa5eef0bdd002e06867968128c447d4192.json,Model C (coupled-consistent retune; drivers + GPP from Lei's ED dump; GFED5 target),12,17,aa3f8ff447cb109eceadbcf57f9932e29071f120,2026-08-06T01:33:40-04:00,coupled-refit-gfed5
G:0206e7c6b09c:models/C/params.G_Africa.k4.json,G,optimizer-checkpoint,model-parameters,models/C/params.G_Africa.k4.json,0206e7c6b09c4e86f05453f9fd364f3b5f0f568f,model/other-models/commit-artifacts/by-path/models/C/params.G_Africa.k4.0206e7c6b09c4e86f05453f9fd364f3b5f0f568f.json,Model C (coupled-consistent retune; drivers + GPP from Lei's ED dump; GFED5 target),12,17,aa3f8ff447cb109eceadbcf57f9932e29071f120,2026-08-06T01:33:40-04:00,coupled-refit-gfed5
G:e47a0cb0ae82:models/C/params.G_Africa.k5.json,G,optimizer-checkpoint,model-parameters,models/C/params.G_Africa.k5.json,e47a0cb0ae826111f6903da30028a7f8eacf8c3d,model/other-models/commit-artifacts/by-path/models/C/params.G_Africa.k5.e47a0cb0ae826111f6903da30028a7f8eacf8c3d.json,Model C (coupled-consistent retune; drivers + GPP from Lei's ED dump; GFED5 target),12,17,aa3f8ff447cb109eceadbcf57f9932e29071f120,2026-08-06T01:33:40-04:00,coupled-refit-gfed5
G:b31bb6402c6d:models/C/params.G_Australia.json,G,committed-parameter-set,model-parameters,models/C/params.G_Australia.json,b31bb6402c6d0f92e0b50e54ac314cfee9b1898c,model/other-models/commit-artifacts/by-path/models/C/params.G_Australia.b31bb6402c6d0f92e0b50e54ac314cfee9b1898c.json,Model C (coupled-consistent retune; drivers + GPP from Lei's ED dump; GFED5 target),12,13,d2403d4477076187d97b4870a580e8764041710a,2026-08-06T03:30:34-04:00,coupled-refit-gfed5
G:81e941156d4b:models/C/params.G_Australia.k1.json,G,optimizer-checkpoint,model-parameters,models/C/params.G_Australia.k1.json,81e941156d4b08906f2e70690a4ed7ebe38ba9ae,model/other-models/commit-artifacts/by-path/models/C/params.G_Australia.k1.81e941156d4b08906f2e70690a4ed7ebe38ba9ae.json,Model C (coupled-consistent retune; drivers + GPP from Lei's ED dump; GFED5 target),12,17,3fb01b4a06f1eddc8f9ac0ed73788ab6ee8f57bb,2026-08-18T03:46:27-04:00,coupled-refit-gfed5
G:093afd26991d:models/C/params.G_Australia.k2.json,G,optimizer-checkpoint,model-parameters,models/C/params.G_Australia.k2.json,093afd26991d3b23396f29d81279f8afd628e310,model/other-models/commit-artifacts/by-path/models/C/params.G_Australia.k2.093afd26991d3b23396f29d81279f8afd628e310.json,Model C (coupled-consistent retune; drivers + GPP from Lei's ED dump; GFED5 target),12,17,3fb01b4a06f1eddc8f9ac0ed73788ab6ee8f57bb,2026-08-18T03:46:27-04:00,coupled-refit-gfed5
G:792c65178541:models/C/params.G_Australia.k3.json,G,optimizer-checkpoint,model-parameters,models/C/params.G_Australia.k3.json,792c65178541398596ea64fa5ee9651b611038b3,model/other-models/commit-artifacts/by-path/models/C/params.G_Australia.k3.792c65178541398596ea64fa5ee9651b611038b3.json,Model C (coupled-consistent retune; drivers + GPP from Lei's ED dump; GFED5 target),12,17,3fb01b4a06f1eddc8f9ac0ed73788ab6ee8f57bb,2026-08-18T03:46:27-04:00,coupled-refit-gfed5
G:d2a7a0fdb561:models/C/params.G_Australia.k4.json,G,optimizer-checkpoint,model-parameters,models/C/params.G_Australia.k4.json,d2a7a0fdb5618d266e5d9bba2c7987ad57be17dc,model/other-models/commit-artifacts/by-path/models/C/params.G_Australia.k4.d2a7a0fdb5618d266e5d9bba2c7987ad57be17dc.json,Model C (coupled-consistent retune; drivers + GPP from Lei's ED dump; GFED5 target),12,17,3fb01b4a06f1eddc8f9ac0ed73788ab6ee8f57bb,2026-08-18T03:46:27-04:00,coupled-refit-gfed5
G:f15a8d867035:models/C/params.G_Australia.k5.json,G,optimizer-checkpoint,model-parameters,models/C/params.G_Australia.k5.json,f15a8d867035c82b1b1e121cfdff21745cd44a47,model/other-models/commit-artifacts/by-path/models/C/params.G_Australia.k5.f15a8d867035c82b1b1e121cfdff21745cd44a47.json,Model C (coupled-consistent retune; drivers + GPP from Lei's ED dump; GFED5 target),12,17,3fb01b4a06f1eddc8f9ac0ed73788ab6ee8f57bb,2026-08-18T03:46:27-04:00,coupled-refit-gfed5
G:1ef7ad45e41c:models/C/params.G_Boreal.json,G,committed-parameter-set,model-parameters,models/C/params.G_Boreal.json,1ef7ad45e41cad7c1b8922f2c1946062787ad94b,model/other-models/commit-artifacts/by-path/models/C/params.G_Boreal.1ef7ad45e41cad7c1b8922f2c1946062787ad94b.json,Model C (coupled-consistent retune; drivers + GPP from Lei's ED dump; GFED5 target),12,13,aa3f8ff447cb109eceadbcf57f9932e29071f120,2026-08-06T01:33:40-04:00,coupled-refit-gfed5
G:0efd19003dce:models/C/params.G_Boreal.k1.json,G,optimizer-checkpoint,model-parameters,models/C/params.G_Boreal.k1.json,0efd19003dce9757b3f52563e284630e2c19b3d0,model/other-models/commit-artifacts/by-path/models/C/params.G_Boreal.k1.0efd19003dce9757b3f52563e284630e2c19b3d0.json,Model C (coupled-consistent retune; drivers + GPP from Lei's ED dump; GFED5 target),12,17,aa3f8ff447cb109eceadbcf57f9932e29071f120,2026-08-06T01:33:40-04:00,coupled-refit-gfed5
G:f6a7bd6e50fa:models/C/params.G_Boreal.k2.json,G,optimizer-checkpoint,model-parameters,models/C/params.G_Boreal.k2.json,f6a7bd6e50fa5532aedb189804103228f5931286,model/other-models/commit-artifacts/by-path/models/C/params.G_Boreal.k2.f6a7bd6e50fa5532aedb189804103228f5931286.json,Model C (coupled-consistent retune; drivers + GPP from Lei's ED dump; GFED5 target),12,17,aa3f8ff447cb109eceadbcf57f9932e29071f120,2026-08-06T01:33:40-04:00,coupled-refit-gfed5
G:9cc2e1a03db5:models/C/params.G_Boreal.k3.json,G,optimizer-checkpoint,model-parameters,models/C/params.G_Boreal.k3.json,9cc2e1a03db5f988552b3c2eb171cbc68574f080,model/other-models/commit-artifacts/by-path/models/C/params.G_Boreal.k3.9cc2e1a03db5f988552b3c2eb171cbc68574f080.json,Model C (coupled-consistent retune; drivers + GPP from Lei's ED dump; GFED5 target),12,17,aa3f8ff447cb109eceadbcf57f9932e29071f120,2026-08-06T01:33:40-04:00,coupled-refit-gfed5
G:5065b75b9dfc:models/C/params.G_Boreal.k4.json,G,optimizer-checkpoint,model-parameters,models/C/params.G_Boreal.k4.json,5065b75b9dfcd4dd8973754e32e16ba789bdb8b0,model/other-models/commit-artifacts/by-path/models/C/params.G_Boreal.k4.5065b75b9dfcd4dd8973754e32e16ba789bdb8b0.json,Model C (coupled-consistent retune; drivers + GPP from Lei's ED dump; GFED5 target),12,17,aa3f8ff447cb109eceadbcf57f9932e29071f120,2026-08-06T01:33:40-04:00,coupled-refit-gfed5
G:613e38d792a3:models/C/params.G_Boreal.k5.json,G,optimizer-checkpoint,model-parameters,models/C/params.G_Boreal.k5.json,613e38d792a37a7452fe9e9d4ce49335452d271c,model/other-models/commit-artifacts/by-path/models/C/params.G_Boreal.k5.613e38d792a37a7452fe9e9d4ce49335452d271c.json,Model C (coupled-consistent retune; drivers + GPP from Lei's ED dump; GFED5 target),12,17,aa3f8ff447cb109eceadbcf57f9932e29071f120,2026-08-06T01:33:40-04:00,coupled-refit-gfed5
G:79faba857014:models/C/params.G_Europe.json,G,committed-parameter-set,model-parameters,models/C/params.G_Europe.json,79faba85701450e3f2c5108acb049808acb92a1c,model/other-models/commit-artifacts/by-path/models/C/params.G_Europe.79faba85701450e3f2c5108acb049808acb92a1c.json,Model C (coupled-consistent retune; drivers + GPP from Lei's ED dump; GFED5 target),12,13,aa3f8ff447cb109eceadbcf57f9932e29071f120,2026-08-06T01:33:40-04:00,coupled-refit-gfed5
G:35fe55747a7a:models/C/params.G_Europe.k1.json,G,optimizer-checkpoint,model-parameters,models/C/params.G_Europe.k1.json,35fe55747a7a22b814567c3ec2edfd99c46f89f6,model/other-models/commit-artifacts/by-path/models/C/params.G_Europe.k1.35fe55747a7a22b814567c3ec2edfd99c46f89f6.json,Model C (coupled-consistent retune; drivers + GPP from Lei's ED dump; GFED5 target),12,17,aa3f8ff447cb109eceadbcf57f9932e29071f120,2026-08-06T01:33:40-04:00,coupled-refit-gfed5
G:3a91b53a92af:models/C/params.G_Europe.k2.json,G,optimizer-checkpoint,model-parameters,models/C/params.G_Europe.k2.json,3a91b53a92af82909d7b50fe46e83dd93dffe290,model/other-models/commit-artifacts/by-path/models/C/params.G_Europe.k2.3a91b53a92af82909d7b50fe46e83dd93dffe290.json,Model C (coupled-consistent retune; drivers + GPP from Lei's ED dump; GFED5 target),12,17,aa3f8ff447cb109eceadbcf57f9932e29071f120,2026-08-06T01:33:40-04:00,coupled-refit-gfed5
G:c6fa2f126670:models/C/params.G_Europe.k3.json,G,optimizer-checkpoint,model-parameters,models/C/params.G_Europe.k3.json,c6fa2f1266705e167631c0232681e030de0aa879,model/other-models/commit-artifacts/by-path/models/C/params.G_Europe.k3.c6fa2f1266705e167631c0232681e030de0aa879.json,Model C (coupled-consistent retune; drivers + GPP from Lei's ED dump; GFED5 target),12,17,aa3f8ff447cb109eceadbcf57f9932e29071f120,2026-08-06T01:33:40-04:00,coupled-refit-gfed5
G:3b3a895c47fd:models/C/params.G_Europe.k4.json,G,optimizer-checkpoint,model-parameters,models/C/params.G_Europe.k4.json,3b3a895c47fd7256053bfa009d8338566634c04a,model/other-models/commit-artifacts/by-path/models/C/params.G_Europe.k4.3b3a895c47fd7256053bfa009d8338566634c04a.json,Model C (coupled-consistent retune; drivers + GPP from Lei's ED dump; GFED5 target),12,17,aa3f8ff447cb109eceadbcf57f9932e29071f120,2026-08-06T01:33:40-04:00,coupled-refit-gfed5
G:7f95d66b4199:models/C/params.G_Europe.k5.json,G,optimizer-checkpoint,model-parameters,models/C/params.G_Europe.k5.json,7f95d66b41995402fe38373a661d5a5733fab2af,model/other-models/commit-artifacts/by-path/models/C/params.G_Europe.k5.7f95d66b41995402fe38373a661d5a5733fab2af.json,Model C (coupled-consistent retune; drivers + GPP from Lei's ED dump; GFED5 target),12,17,aa3f8ff447cb109eceadbcf57f9932e29071f120,2026-08-06T01:33:40-04:00,coupled-refit-gfed5
G:5dddd7935964:models/C/params.G_NAmerica.json,G,committed-parameter-set,model-parameters,models/C/params.G_NAmerica.json,5dddd7935964ae4642f9bf3098b3ace4cd40c40d,model/other-models/commit-artifacts/by-path/models/C/params.G_NAmerica.5dddd7935964ae4642f9bf3098b3ace4cd40c40d.json,Model C (coupled-consistent retune; drivers + GPP from Lei's ED dump; GFED5 target),12,13,d2403d4477076187d97b4870a580e8764041710a,2026-08-06T03:30:34-04:00,coupled-refit-gfed5
G:da1290592126:models/C/params.G_NAmerica.k1.json,G,optimizer-checkpoint,model-parameters,models/C/params.G_NAmerica.k1.json,da1290592126223faaf22708f6ba2d69d48cbf14,model/other-models/commit-artifacts/by-path/models/C/params.G_NAmerica.k1.da1290592126223faaf22708f6ba2d69d48cbf14.json,Model C (coupled-consistent retune; drivers + GPP from Lei's ED dump; GFED5 target),12,17,3fb01b4a06f1eddc8f9ac0ed73788ab6ee8f57bb,2026-08-18T03:46:27-04:00,coupled-refit-gfed5
G:635db083dea5:models/C/params.G_NAmerica.k2.json,G,optimizer-checkpoint,model-parameters,models/C/params.G_NAmerica.k2.json,635db083dea544e75864e5b1578e3eb3fda3d4c1,model/other-models/commit-artifacts/by-path/models/C/params.G_NAmerica.k2.635db083dea544e75864e5b1578e3eb3fda3d4c1.json,Model C (coupled-consistent retune; drivers + GPP from Lei's ED dump; GFED5 target),12,17,3fb01b4a06f1eddc8f9ac0ed73788ab6ee8f57bb,2026-08-18T03:46:27-04:00,coupled-refit-gfed5
G:d12e136ffff7:models/C/params.G_NAmerica.k3.json,G,optimizer-checkpoint,model-parameters,models/C/params.G_NAmerica.k3.json,d12e136ffff705c0a24d92418f621309a5ca8cc6,model/other-models/commit-artifacts/by-path/models/C/params.G_NAmerica.k3.d12e136ffff705c0a24d92418f621309a5ca8cc6.json,Model C (coupled-consistent retune; drivers + GPP from Lei's ED dump; GFED5 target),12,17,3fb01b4a06f1eddc8f9ac0ed73788ab6ee8f57bb,2026-08-18T03:46:27-04:00,coupled-refit-gfed5
G:875f85988e4c:models/C/params.G_NAmerica.k4.json,G,optimizer-checkpoint,model-parameters,models/C/params.G_NAmerica.k4.json,875f85988e4c2ee0943097b5357441b7158ab26d,model/other-models/commit-artifacts/by-path/models/C/params.G_NAmerica.k4.875f85988e4c2ee0943097b5357441b7158ab26d.json,Model C (coupled-consistent retune; drivers + GPP from Lei's ED dump; GFED5 target),12,17,3fb01b4a06f1eddc8f9ac0ed73788ab6ee8f57bb,2026-08-18T03:46:27-04:00,coupled-refit-gfed5
G:e2b7d1c54149:models/C/params.G_SAmerica.json,G,committed-parameter-set,model-parameters,models/C/params.G_SAmerica.json,e2b7d1c541493292124a7c5d0dfac353a74f8fad,model/other-models/commit-artifacts/by-path/models/C/params.G_SAmerica.e2b7d1c541493292124a7c5d0dfac353a74f8fad.json,Model C (coupled-consistent retune; drivers + GPP from Lei's ED dump; GFED5 target),12,13,aa3f8ff447cb109eceadbcf57f9932e29071f120,2026-08-06T01:33:40-04:00,coupled-refit-gfed5
G:cf3b8a9b3c6f:models/C/params.G_SAmerica.k1.json,G,optimizer-checkpoint,model-parameters,models/C/params.G_SAmerica.k1.json,cf3b8a9b3c6fb6dc7ee04a889a3ff4fd6592e915,model/other-models/commit-artifacts/by-path/models/C/params.G_SAmerica.k1.cf3b8a9b3c6fb6dc7ee04a889a3ff4fd6592e915.json,Model C (coupled-consistent retune; drivers + GPP from Lei's ED dump; GFED5 target),12,17,aa3f8ff447cb109eceadbcf57f9932e29071f120,2026-08-06T01:33:40-04:00,coupled-refit-gfed5
G:9bd25381ca44:models/C/params.G_SAmerica.k2.json,G,optimizer-checkpoint,model-parameters,models/C/params.G_SAmerica.k2.json,9bd25381ca4454f8cab1ffb2e4f88ffc4abb22f6,model/other-models/commit-artifacts/by-path/models/C/params.G_SAmerica.k2.9bd25381ca4454f8cab1ffb2e4f88ffc4abb22f6.json,Model C (coupled-consistent retune; drivers + GPP from Lei's ED dump; GFED5 target),12,17,aa3f8ff447cb109eceadbcf57f9932e29071f120,2026-08-06T01:33:40-04:00,coupled-refit-gfed5
G:be4a7231321e:models/C/params.G_SAmerica.k3.json,G,optimizer-checkpoint,model-parameters,models/C/params.G_SAmerica.k3.json,be4a7231321ec8eff3d92384bf9b6c248b36165f,model/other-models/commit-artifacts/by-path/models/C/params.G_SAmerica.k3.be4a7231321ec8eff3d92384bf9b6c248b36165f.json,Model C (coupled-consistent retune; drivers + GPP from Lei's ED dump; GFED5 target),12,17,aa3f8ff447cb109eceadbcf57f9932e29071f120,2026-08-06T01:33:40-04:00,coupled-refit-gfed5
G:c18e0f245a28:models/C/params.G_SAmerica.k4.json,G,optimizer-checkpoint,model-parameters,models/C/params.G_SAmerica.k4.json,c18e0f245a2877261960fbb5e98595ee60379faf,model/other-models/commit-artifacts/by-path/models/C/params.G_SAmerica.k4.c18e0f245a2877261960fbb5e98595ee60379faf.json,Model C (coupled-consistent retune; drivers + GPP from Lei's ED dump; GFED5 target),12,17,aa3f8ff447cb109eceadbcf57f9932e29071f120,2026-08-06T01:33:40-04:00,coupled-refit-gfed5
G:6950976f99e8:models/C/params.G_SAmerica.k5.json,G,optimizer-checkpoint,model-parameters,models/C/params.G_SAmerica.k5.json,6950976f99e818c84217af9b77bed859c5a447e5,model/other-models/commit-artifacts/by-path/models/C/params.G_SAmerica.k5.6950976f99e818c84217af9b77bed859c5a447e5.json,Model C (coupled-consistent retune; drivers + GPP from Lei's ED dump; GFED5 target),12,17,aa3f8ff447cb109eceadbcf57f9932e29071f120,2026-08-06T01:33:40-04:00,coupled-refit-gfed5
G:61c0d3c97c6a:models/C/params.G_SEAsia.json,G,committed-parameter-set,model-parameters,models/C/params.G_SEAsia.json,61c0d3c97c6af538718192cf026396c6f28a1104,model/other-models/commit-artifacts/by-path/models/C/params.G_SEAsia.61c0d3c97c6af538718192cf026396c6f28a1104.json,Model C (coupled-consistent retune; drivers + GPP from Lei's ED dump; GFED5 target),12,13,aa3f8ff447cb109eceadbcf57f9932e29071f120,2026-08-06T01:33:40-04:00,coupled-refit-gfed5
G:32c10746356e:models/C/params.G_SEAsia.k1.json,G,optimizer-checkpoint,model-parameters,models/C/params.G_SEAsia.k1.json,32c10746356ef3f2e4eeafa6c9a887c07c0b6d46,model/other-models/commit-artifacts/by-path/models/C/params.G_SEAsia.k1.32c10746356ef3f2e4eeafa6c9a887c07c0b6d46.json,Model C (coupled-consistent retune; drivers + GPP from Lei's ED dump; GFED5 target),12,17,aa3f8ff447cb109eceadbcf57f9932e29071f120,2026-08-06T01:33:40-04:00,coupled-refit-gfed5
G:1d423823f6dd:models/C/params.G_SEAsia.k2.json,G,optimizer-checkpoint,model-parameters,models/C/params.G_SEAsia.k2.json,1d423823f6dd67a43cda8c94b4393b476f7cc808,model/other-models/commit-artifacts/by-path/models/C/params.G_SEAsia.k2.1d423823f6dd67a43cda8c94b4393b476f7cc808.json,Model C (coupled-consistent retune; drivers + GPP from Lei's ED dump; GFED5 target),12,17,aa3f8ff447cb109eceadbcf57f9932e29071f120,2026-08-06T01:33:40-04:00,coupled-refit-gfed5
G:972dc27ea957:models/C/params.G_SEAsia.k3.json,G,optimizer-checkpoint,model-parameters,models/C/params.G_SEAsia.k3.json,972dc27ea9570f15bf8e4e1c2c9f97266fe5a6e7,model/other-models/commit-artifacts/by-path/models/C/params.G_SEAsia.k3.972dc27ea9570f15bf8e4e1c2c9f97266fe5a6e7.json,Model C (coupled-consistent retune; drivers + GPP from Lei's ED dump; GFED5 target),12,17,aa3f8ff447cb109eceadbcf57f9932e29071f120,2026-08-06T01:33:40-04:00,coupled-refit-gfed5
C-development:68e544fad467:models/C/params.Gsmoke.k1.json,C-development,optimizer-checkpoint,model-parameters,models/C/params.Gsmoke.k1.json,68e544fad4676d502cbf462069383513942797b5,model/other-models/commit-artifacts/by-path/models/C/params.Gsmoke.k1.68e544fad4676d502cbf462069383513942797b5.json,Model C (coupled-consistent retune; drivers + GPP from Lei's ED dump; GFED5 target),12,17,3fb01b4a06f1eddc8f9ac0ed73788ab6ee8f57bb,2026-08-18T03:46:27-04:00,coupled-refit-gfed5
I:473960be50aa:models/C/params.Gtrop_Africa.json,I,committed-parameter-set,model-parameters,models/C/params.Gtrop_Africa.json,473960be50aaca3df48b8d6910e70719a76e11d8,model/other-models/commit-artifacts/by-path/models/C/params.Gtrop_Africa.473960be50aaca3df48b8d6910e70719a76e11d8.json,Model C (coupled-consistent retune; drivers + GPP from Lei's ED dump; GFED5 target),14,13,e32d874dafc320bf1aebf9e65a35fffea6cf4883,2026-08-06T09:20:57-04:00,coupled-refit-gfed5
I:c472de864c93:models/C/params.Gtrop_Africa.k1.json,I,optimizer-checkpoint,model-parameters,models/C/params.Gtrop_Africa.k1.json,c472de864c93feac188466af5bb5123239df6e14,model/other-models/commit-artifacts/by-path/models/C/params.Gtrop_Africa.k1.c472de864c93feac188466af5bb5123239df6e14.json,Model C (coupled-consistent retune; drivers + GPP from Lei's ED dump; GFED5 target),14,17,53582d73a70c373a9a1774003f8d735935631f8f,2026-08-06T13:55:21-04:00,coupled-refit-gfed5
I:6bd91c002d11:models/C/params.Gtrop_Africa.k2.json,I,optimizer-checkpoint,model-parameters,models/C/params.Gtrop_Africa.k2.json,6bd91c002d11d769032017925f2ce3c2acbac7d3,model/other-models/commit-artifacts/by-path/models/C/params.Gtrop_Africa.k2.6bd91c002d11d769032017925f2ce3c2acbac7d3.json,Model C (coupled-consistent retune; drivers + GPP from Lei's ED dump; GFED5 target),14,17,53582d73a70c373a9a1774003f8d735935631f8f,2026-08-06T13:55:21-04:00,coupled-refit-gfed5
I:7582e9b0d094:models/C/params.Gtrop_Africa.k3.json,I,optimizer-checkpoint,model-parameters,models/C/params.Gtrop_Africa.k3.json,7582e9b0d09432af009a46add14f69605c860eca,model/other-models/commit-artifacts/by-path/models/C/params.Gtrop_Africa.k3.7582e9b0d09432af009a46add14f69605c860eca.json,Model C (coupled-consistent retune; drivers + GPP from Lei's ED dump; GFED5 target),14,17,53582d73a70c373a9a1774003f8d735935631f8f,2026-08-06T13:55:21-04:00,coupled-refit-gfed5
I:46e0708f9d32:models/C/params.Gtrop_Africa.k4.json,I,optimizer-checkpoint,model-parameters,models/C/params.Gtrop_Africa.k4.json,46e0708f9d32acbab3ae011243cb98581e13ecfe,model/other-models/commit-artifacts/by-path/models/C/params.Gtrop_Africa.k4.46e0708f9d32acbab3ae011243cb98581e13ecfe.json,Model C (coupled-consistent retune; drivers + GPP from Lei's ED dump; GFED5 target),14,17,53582d73a70c373a9a1774003f8d735935631f8f,2026-08-06T13:55:21-04:00,coupled-refit-gfed5
I:ffdc66380fae:models/C/params.Gtrop_Africa.k5.json,I,optimizer-checkpoint,model-parameters,models/C/params.Gtrop_Africa.k5.json,ffdc66380fae3120559b14c307f5bf3689f96764,model/other-models/commit-artifacts/by-path/models/C/params.Gtrop_Africa.k5.ffdc66380fae3120559b14c307f5bf3689f96764.json,Model C (coupled-consistent retune; drivers + GPP from Lei's ED dump; GFED5 target),14,17,53582d73a70c373a9a1774003f8d735935631f8f,2026-08-06T13:55:21-04:00,coupled-refit-gfed5
I:43043cc82021:models/C/params.Gtrop_Australia.json,I,committed-parameter-set,model-parameters,models/C/params.Gtrop_Australia.json,43043cc8202101cfb1ed6c2896fc68ee65c458ec,model/other-models/commit-artifacts/by-path/models/C/params.Gtrop_Australia.43043cc8202101cfb1ed6c2896fc68ee65c458ec.json,Model C (coupled-consistent retune; drivers + GPP from Lei's ED dump; GFED5 target),14,13,53582d73a70c373a9a1774003f8d735935631f8f,2026-08-06T13:55:21-04:00,coupled-refit-gfed5
I:06244cf6fc9a:models/C/params.Gtrop_Australia.k1.json,I,optimizer-checkpoint,model-parameters,models/C/params.Gtrop_Australia.k1.json,06244cf6fc9a383ad7eaf669291edd3a7211da57,model/other-models/commit-artifacts/by-path/models/C/params.Gtrop_Australia.k1.06244cf6fc9a383ad7eaf669291edd3a7211da57.json,Model C (coupled-consistent retune; drivers + GPP from Lei's ED dump; GFED5 target),14,17,53582d73a70c373a9a1774003f8d735935631f8f,2026-08-06T13:55:21-04:00,coupled-refit-gfed5
I:43ae1287b9bd:models/C/params.Gtrop_Australia.k2.json,I,optimizer-checkpoint,model-parameters,models/C/params.Gtrop_Australia.k2.json,43ae1287b9bda43f6aad9830a73860492f32166a,model/other-models/commit-artifacts/by-path/models/C/params.Gtrop_Australia.k2.43ae1287b9bda43f6aad9830a73860492f32166a.json,Model C (coupled-consistent retune; drivers + GPP from Lei's ED dump; GFED5 target),14,17,53582d73a70c373a9a1774003f8d735935631f8f,2026-08-06T13:55:21-04:00,coupled-refit-gfed5
I:3587e1821b25:models/C/params.Gtrop_Australia.k3.json,I,optimizer-checkpoint,model-parameters,models/C/params.Gtrop_Australia.k3.json,3587e1821b2595fb20256614d0e8eb6930816174,model/other-models/commit-artifacts/by-path/models/C/params.Gtrop_Australia.k3.3587e1821b2595fb20256614d0e8eb6930816174.json,Model C (coupled-consistent retune; drivers + GPP from Lei's ED dump; GFED5 target),14,17,53582d73a70c373a9a1774003f8d735935631f8f,2026-08-06T13:55:21-04:00,coupled-refit-gfed5
I:c428256d776c:models/C/params.Gtrop_Australia.k4.json,I,optimizer-checkpoint,model-parameters,models/C/params.Gtrop_Australia.k4.json,c428256d776c0bd3e2373bda0de361795166a501,model/other-models/commit-artifacts/by-path/models/C/params.Gtrop_Australia.k4.c428256d776c0bd3e2373bda0de361795166a501.json,Model C (coupled-consistent retune; drivers + GPP from Lei's ED dump; GFED5 target),14,17,53582d73a70c373a9a1774003f8d735935631f8f,2026-08-06T13:55:21-04:00,coupled-refit-gfed5
I:fdb7e2b5a7b9:models/C/params.Gtrop_Australia.k5.json,I,optimizer-checkpoint,model-parameters,models/C/params.Gtrop_Australia.k5.json,fdb7e2b5a7b93bc741e31c6ef957bfacf056ea4d,model/other-models/commit-artifacts/by-path/models/C/params.Gtrop_Australia.k5.fdb7e2b5a7b93bc741e31c6ef957bfacf056ea4d.json,Model C (coupled-consistent retune; drivers + GPP from Lei's ED dump; GFED5 target),14,17,53582d73a70c373a9a1774003f8d735935631f8f,2026-08-06T13:55:21-04:00,coupled-refit-gfed5
I:0e65984ebade:models/C/params.Gtrop_Boreal.json,I,committed-parameter-set,model-parameters,models/C/params.Gtrop_Boreal.json,0e65984ebade590e37121b3a052996c55286e31e,model/other-models/commit-artifacts/by-path/models/C/params.Gtrop_Boreal.0e65984ebade590e37121b3a052996c55286e31e.json,Model C (coupled-consistent retune; drivers + GPP from Lei's ED dump; GFED5 target),14,13,53582d73a70c373a9a1774003f8d735935631f8f,2026-08-06T13:55:21-04:00,coupled-refit-gfed5
I:3dec703d8c82:models/C/params.Gtrop_Boreal.k1.json,I,optimizer-checkpoint,model-parameters,models/C/params.Gtrop_Boreal.k1.json,3dec703d8c8238fed2286ab85f050d09062991e5,model/other-models/commit-artifacts/by-path/models/C/params.Gtrop_Boreal.k1.3dec703d8c8238fed2286ab85f050d09062991e5.json,Model C (coupled-consistent retune; drivers + GPP from Lei's ED dump; GFED5 target),14,17,53582d73a70c373a9a1774003f8d735935631f8f,2026-08-06T13:55:21-04:00,coupled-refit-gfed5
I:10b0fb3ad609:models/C/params.Gtrop_Boreal.k2.json,I,optimizer-checkpoint,model-parameters,models/C/params.Gtrop_Boreal.k2.json,10b0fb3ad6091d21c087a1b49f5d426c868ff6a4,model/other-models/commit-artifacts/by-path/models/C/params.Gtrop_Boreal.k2.10b0fb3ad6091d21c087a1b49f5d426c868ff6a4.json,Model C (coupled-consistent retune; drivers + GPP from Lei's ED dump; GFED5 target),14,17,53582d73a70c373a9a1774003f8d735935631f8f,2026-08-06T13:55:21-04:00,coupled-refit-gfed5
I:47dce0c9252b:models/C/params.Gtrop_Boreal.k3.json,I,optimizer-checkpoint,model-parameters,models/C/params.Gtrop_Boreal.k3.json,47dce0c9252b5235e3d4166e888bfa7eb65aae06,model/other-models/commit-artifacts/by-path/models/C/params.Gtrop_Boreal.k3.47dce0c9252b5235e3d4166e888bfa7eb65aae06.json,Model C (coupled-consistent retune; drivers + GPP from Lei's ED dump; GFED5 target),14,17,53582d73a70c373a9a1774003f8d735935631f8f,2026-08-06T13:55:21-04:00,coupled-refit-gfed5
I:c5ef73cda78c:models/C/params.Gtrop_Boreal.k4.json,I,optimizer-checkpoint,model-parameters,models/C/params.Gtrop_Boreal.k4.json,c5ef73cda78cb568cc84230a174b94421fa8d119,model/other-models/commit-artifacts/by-path/models/C/params.Gtrop_Boreal.k4.c5ef73cda78cb568cc84230a174b94421fa8d119.json,Model C (coupled-consistent retune; drivers + GPP from Lei's ED dump; GFED5 target),14,17,53582d73a70c373a9a1774003f8d735935631f8f,2026-08-06T13:55:21-04:00,coupled-refit-gfed5
I:5426255a2932:models/C/params.Gtrop_Boreal.k5.json,I,optimizer-checkpoint,model-parameters,models/C/params.Gtrop_Boreal.k5.json,5426255a2932771d4f8faf7ae5124b1920f5b6d3,model/other-models/commit-artifacts/by-path/models/C/params.Gtrop_Boreal.k5.5426255a2932771d4f8faf7ae5124b1920f5b6d3.json,Model C (coupled-consistent retune; drivers + GPP from Lei's ED dump; GFED5 target),14,17,53582d73a70c373a9a1774003f8d735935631f8f,2026-08-06T13:55:21-04:00,coupled-refit-gfed5
I:76b395676adf:models/C/params.Gtrop_Europe.json,I,committed-parameter-set,model-parameters,models/C/params.Gtrop_Europe.json,76b395676adf30c1d4253ce4f27be69113976b07,model/other-models/commit-artifacts/by-path/models/C/params.Gtrop_Europe.76b395676adf30c1d4253ce4f27be69113976b07.json,Model C (coupled-consistent retune; drivers + GPP from Lei's ED dump; GFED5 target),14,13,53582d73a70c373a9a1774003f8d735935631f8f,2026-08-06T13:55:21-04:00,coupled-refit-gfed5
I:87e0db83d170:models/C/params.Gtrop_Europe.k1.json,I,optimizer-checkpoint,model-parameters,models/C/params.Gtrop_Europe.k1.json,87e0db83d1705f93beef5929aac168cb36c6d392,model/other-models/commit-artifacts/by-path/models/C/params.Gtrop_Europe.k1.87e0db83d1705f93beef5929aac168cb36c6d392.json,Model C (coupled-consistent retune; drivers + GPP from Lei's ED dump; GFED5 target),14,17,53582d73a70c373a9a1774003f8d735935631f8f,2026-08-06T13:55:21-04:00,coupled-refit-gfed5
I:4b5ec5a095ba:models/C/params.Gtrop_Europe.k2.json,I,optimizer-checkpoint,model-parameters,models/C/params.Gtrop_Europe.k2.json,4b5ec5a095ba426311302720bbf9ba9401886fd3,model/other-models/commit-artifacts/by-path/models/C/params.Gtrop_Europe.k2.4b5ec5a095ba426311302720bbf9ba9401886fd3.json,Model C (coupled-consistent retune; drivers + GPP from Lei's ED dump; GFED5 target),14,17,53582d73a70c373a9a1774003f8d735935631f8f,2026-08-06T13:55:21-04:00,coupled-refit-gfed5
I:a4ebcee505d7:models/C/params.Gtrop_Europe.k3.json,I,optimizer-checkpoint,model-parameters,models/C/params.Gtrop_Europe.k3.json,a4ebcee505d78545bbcc66fa65085947057ee9a7,model/other-models/commit-artifacts/by-path/models/C/params.Gtrop_Europe.k3.a4ebcee505d78545bbcc66fa65085947057ee9a7.json,Model C (coupled-consistent retune; drivers + GPP from Lei's ED dump; GFED5 target),14,17,53582d73a70c373a9a1774003f8d735935631f8f,2026-08-06T13:55:21-04:00,coupled-refit-gfed5
I:ff7050a0bbad:models/C/params.Gtrop_Europe.k4.json,I,optimizer-checkpoint,model-parameters,models/C/params.Gtrop_Europe.k4.json,ff7050a0bbadec96f346e99f587a48613e5a3969,model/other-models/commit-artifacts/by-path/models/C/params.Gtrop_Europe.k4.ff7050a0bbadec96f346e99f587a48613e5a3969.json,Model C (coupled-consistent retune; drivers + GPP from Lei's ED dump; GFED5 target),14,17,53582d73a70c373a9a1774003f8d735935631f8f,2026-08-06T13:55:21-04:00,coupled-refit-gfed5
I:66b7228a8e10:models/C/params.Gtrop_NAmerica.json,I,committed-parameter-set,model-parameters,models/C/params.Gtrop_NAmerica.json,66b7228a8e10a4037769a60d1866d7db44f84345,model/other-models/commit-artifacts/by-path/models/C/params.Gtrop_NAmerica.66b7228a8e10a4037769a60d1866d7db44f84345.json,Model C (coupled-consistent retune; drivers + GPP from Lei's ED dump; GFED5 target),14,13,53582d73a70c373a9a1774003f8d735935631f8f,2026-08-06T13:55:21-04:00,coupled-refit-gfed5
I:fb963bc5498f:models/C/params.Gtrop_NAmerica.k1.json,I,optimizer-checkpoint,model-parameters,models/C/params.Gtrop_NAmerica.k1.json,fb963bc5498fd7ab423d146a25387626f0ca51b9,model/other-models/commit-artifacts/by-path/models/C/params.Gtrop_NAmerica.k1.fb963bc5498fd7ab423d146a25387626f0ca51b9.json,Model C (coupled-consistent retune; drivers + GPP from Lei's ED dump; GFED5 target),14,17,53582d73a70c373a9a1774003f8d735935631f8f,2026-08-06T13:55:21-04:00,coupled-refit-gfed5
I:d15e9cd4edc6:models/C/params.Gtrop_NAmerica.k2.json,I,optimizer-checkpoint,model-parameters,models/C/params.Gtrop_NAmerica.k2.json,d15e9cd4edc6af1ffbbdae069dc618b095bc3e14,model/other-models/commit-artifacts/by-path/models/C/params.Gtrop_NAmerica.k2.d15e9cd4edc6af1ffbbdae069dc618b095bc3e14.json,Model C (coupled-consistent retune; drivers + GPP from Lei's ED dump; GFED5 target),14,17,53582d73a70c373a9a1774003f8d735935631f8f,2026-08-06T13:55:21-04:00,coupled-refit-gfed5
I:842b88a53bb3:models/C/params.Gtrop_NAmerica.k3.json,I,optimizer-checkpoint,model-parameters,models/C/params.Gtrop_NAmerica.k3.json,842b88a53bb3b11f70b566d70a36cbcb5dade39c,model/other-models/commit-artifacts/by-path/models/C/params.Gtrop_NAmerica.k3.842b88a53bb3b11f70b566d70a36cbcb5dade39c.json,Model C (coupled-consistent retune; drivers + GPP from Lei's ED dump; GFED5 target),14,17,53582d73a70c373a9a1774003f8d735935631f8f,2026-08-06T13:55:21-04:00,coupled-refit-gfed5
I:105cfb764c68:models/C/params.Gtrop_NAmerica.k4.json,I,optimizer-checkpoint,model-parameters,models/C/params.Gtrop_NAmerica.k4.json,105cfb764c68eb8a881f68048a531329660897d8,model/other-models/commit-artifacts/by-path/models/C/params.Gtrop_NAmerica.k4.105cfb764c68eb8a881f68048a531329660897d8.json,Model C (coupled-consistent retune; drivers + GPP from Lei's ED dump; GFED5 target),14,17,53582d73a70c373a9a1774003f8d735935631f8f,2026-08-06T13:55:21-04:00,coupled-refit-gfed5
I:885e4310e66e:models/C/params.Gtrop_NAmerica.k5.json,I,optimizer-checkpoint,model-parameters,models/C/params.Gtrop_NAmerica.k5.json,885e4310e66ed245ab7fdc44ca784afe28a065ef,model/other-models/commit-artifacts/by-path/models/C/params.Gtrop_NAmerica.k5.885e4310e66ed245ab7fdc44ca784afe28a065ef.json,Model C (coupled-consistent retune; drivers + GPP from Lei's ED dump; GFED5 target),14,17,53582d73a70c373a9a1774003f8d735935631f8f,2026-08-06T13:55:21-04:00,coupled-refit-gfed5
I:a706c7cee671:models/C/params.Gtrop_SAmerica.json,I,committed-parameter-set,model-parameters,models/C/params.Gtrop_SAmerica.json,a706c7cee671ac0863bef1f4f94360c64569993a,model/other-models/commit-artifacts/by-path/models/C/params.Gtrop_SAmerica.a706c7cee671ac0863bef1f4f94360c64569993a.json,Model C (coupled-consistent retune; drivers + GPP from Lei's ED dump; GFED5 target),14,13,53582d73a70c373a9a1774003f8d735935631f8f,2026-08-06T13:55:21-04:00,coupled-refit-gfed5
I:1a9de0153281:models/C/params.Gtrop_SAmerica.k1.json,I,optimizer-checkpoint,model-parameters,models/C/params.Gtrop_SAmerica.k1.json,1a9de0153281361bf6c8441ab9085c2df9a0c1c8,model/other-models/commit-artifacts/by-path/models/C/params.Gtrop_SAmerica.k1.1a9de0153281361bf6c8441ab9085c2df9a0c1c8.json,Model C (coupled-consistent retune; drivers + GPP from Lei's ED dump; GFED5 target),14,17,53582d73a70c373a9a1774003f8d735935631f8f,2026-08-06T13:55:21-04:00,coupled-refit-gfed5
I:80845906535b:models/C/params.Gtrop_SAmerica.k2.json,I,optimizer-checkpoint,model-parameters,models/C/params.Gtrop_SAmerica.k2.json,80845906535b0670b8d988e3cd2c7d99d3606d39,model/other-models/commit-artifacts/by-path/models/C/params.Gtrop_SAmerica.k2.80845906535b0670b8d988e3cd2c7d99d3606d39.json,Model C (coupled-consistent retune; drivers + GPP from Lei's ED dump; GFED5 target),14,17,53582d73a70c373a9a1774003f8d735935631f8f,2026-08-06T13:55:21-04:00,coupled-refit-gfed5
I:b22b9eb32d77:models/C/params.Gtrop_SAmerica.k3.json,I,optimizer-checkpoint,model-parameters,models/C/params.Gtrop_SAmerica.k3.json,b22b9eb32d77dd3c7b050f84d33c5f7a0c390251,model/other-models/commit-artifacts/by-path/models/C/params.Gtrop_SAmerica.k3.b22b9eb32d77dd3c7b050f84d33c5f7a0c390251.json,Model C (coupled-consistent retune; drivers + GPP from Lei's ED dump; GFED5 target),14,17,53582d73a70c373a9a1774003f8d735935631f8f,2026-08-06T13:55:21-04:00,coupled-refit-gfed5
I:450622b2c463:models/C/params.Gtrop_SAmerica.k4.json,I,optimizer-checkpoint,model-parameters,models/C/params.Gtrop_SAmerica.k4.json,450622b2c463d4e8a987c2ccf617116e08bf5d7c,model/other-models/commit-artifacts/by-path/models/C/params.Gtrop_SAmerica.k4.450622b2c463d4e8a987c2ccf617116e08bf5d7c.json,Model C (coupled-consistent retune; drivers + GPP from Lei's ED dump; GFED5 target),14,17,53582d73a70c373a9a1774003f8d735935631f8f,2026-08-06T13:55:21-04:00,coupled-refit-gfed5
I:2cd74b7f465f:models/C/params.Gtrop_SAmerica.k5.json,I,optimizer-checkpoint,model-parameters,models/C/params.Gtrop_SAmerica.k5.json,2cd74b7f465fb964843d4cc7ea07586508b6fde5,model/other-models/commit-artifacts/by-path/models/C/params.Gtrop_SAmerica.k5.2cd74b7f465fb964843d4cc7ea07586508b6fde5.json,Model C (coupled-consistent retune; drivers + GPP from Lei's ED dump; GFED5 target),14,17,53582d73a70c373a9a1774003f8d735935631f8f,2026-08-06T13:55:21-04:00,coupled-refit-gfed5
I:5e291ecd7226:models/C/params.Gtrop_SEAsia.json,I,committed-parameter-set,model-parameters,models/C/params.Gtrop_SEAsia.json,5e291ecd7226d2336b3101e0951f941959f710ea,model/other-models/commit-artifacts/by-path/models/C/params.Gtrop_SEAsia.5e291ecd7226d2336b3101e0951f941959f710ea.json,Model C (coupled-consistent retune; drivers + GPP from Lei's ED dump; GFED5 target),14,13,53582d73a70c373a9a1774003f8d735935631f8f,2026-08-06T13:55:21-04:00,coupled-refit-gfed5
I:40866ae89922:models/C/params.Gtrop_SEAsia.k1.json,I,optimizer-checkpoint,model-parameters,models/C/params.Gtrop_SEAsia.k1.json,40866ae89922efd0aa010de5c0ae17dc833d216a,model/other-models/commit-artifacts/by-path/models/C/params.Gtrop_SEAsia.k1.40866ae89922efd0aa010de5c0ae17dc833d216a.json,Model C (coupled-consistent retune; drivers + GPP from Lei's ED dump; GFED5 target),14,17,53582d73a70c373a9a1774003f8d735935631f8f,2026-08-06T13:55:21-04:00,coupled-refit-gfed5
I:cf21e2957b0a:models/C/params.Gtrop_SEAsia.k2.json,I,optimizer-checkpoint,model-parameters,models/C/params.Gtrop_SEAsia.k2.json,cf21e2957b0a535ffc729ded011aa0f3c77ccd06,model/other-models/commit-artifacts/by-path/models/C/params.Gtrop_SEAsia.k2.cf21e2957b0a535ffc729ded011aa0f3c77ccd06.json,Model C (coupled-consistent retune; drivers + GPP from Lei's ED dump; GFED5 target),14,17,53582d73a70c373a9a1774003f8d735935631f8f,2026-08-06T13:55:21-04:00,coupled-refit-gfed5
I:a7fc3d312f72:models/C/params.Gtrop_SEAsia.k3.json,I,optimizer-checkpoint,model-parameters,models/C/params.Gtrop_SEAsia.k3.json,a7fc3d312f72e486df7d123ec7e522a9a129ff40,model/other-models/commit-artifacts/by-path/models/C/params.Gtrop_SEAsia.k3.a7fc3d312f72e486df7d123ec7e522a9a129ff40.json,Model C (coupled-consistent retune; drivers + GPP from Lei's ED dump; GFED5 target),14,17,53582d73a70c373a9a1774003f8d735935631f8f,2026-08-06T13:55:21-04:00,coupled-refit-gfed5
I:db9afa2c954f:models/C/params.Gtrop_SEAsia.k4.json,I,optimizer-checkpoint,model-parameters,models/C/params.Gtrop_SEAsia.k4.json,db9afa2c954fb74ab394a6987e8a42bfbb82afa1,model/other-models/commit-artifacts/by-path/models/C/params.Gtrop_SEAsia.k4.db9afa2c954fb74ab394a6987e8a42bfbb82afa1.json,Model C (coupled-consistent retune; drivers + GPP from Lei's ED dump; GFED5 target),14,17,53582d73a70c373a9a1774003f8d735935631f8f,2026-08-06T13:55:21-04:00,coupled-refit-gfed5
I:a7c1f1717ef4:models/C/params.Gtrop_SEAsia.k5.json,I,optimizer-checkpoint,model-parameters,models/C/params.Gtrop_SEAsia.k5.json,a7c1f1717ef43283e783c09cdf0f5e7a3debf5a6,model/other-models/commit-artifacts/by-path/models/C/params.Gtrop_SEAsia.k5.a7c1f1717ef43283e783c09cdf0f5e7a3debf5a6.json,Model C (coupled-consistent retune; drivers + GPP from Lei's ED dump; GFED5 target),14,17,53582d73a70c373a9a1774003f8d735935631f8f,2026-08-06T13:55:21-04:00,coupled-refit-gfed5
H:9febbd43fe5c:models/C/params.H.json,H,committed-parameter-set,model-parameters,models/C/params.H.json,9febbd43fe5c765eca3485c18c11be39a18288d1,model/other-models/commit-artifacts/by-path/models/C/params.H.9febbd43fe5c765eca3485c18c11be39a18288d1.json,Model C (coupled-consistent retune; drivers + GPP from Lei's ED dump; GFED5 target),13,13,d2403d4477076187d97b4870a580e8764041710a,2026-08-06T03:30:34-04:00,coupled-refit-gfed5
H:f644fcdcb9fd:models/C/params.H.k1.json,H,optimizer-checkpoint,model-parameters,models/C/params.H.k1.json,f644fcdcb9fdadd45bc1369dc93cb55059642b0b,model/other-models/commit-artifacts/by-path/models/C/params.H.k1.f644fcdcb9fdadd45bc1369dc93cb55059642b0b.json,Model C (coupled-consistent retune; drivers + GPP from Lei's ED dump; GFED5 target),13,17,3fb01b4a06f1eddc8f9ac0ed73788ab6ee8f57bb,2026-08-18T03:46:27-04:00,coupled-refit-gfed5
H:d75047f14c89:models/C/params.H.k2.json,H,optimizer-checkpoint,model-parameters,models/C/params.H.k2.json,d75047f14c8926a24dcae1970fad311f3aa936f2,model/other-models/commit-artifacts/by-path/models/C/params.H.k2.d75047f14c8926a24dcae1970fad311f3aa936f2.json,Model C (coupled-consistent retune; drivers + GPP from Lei's ED dump; GFED5 target),13,17,3fb01b4a06f1eddc8f9ac0ed73788ab6ee8f57bb,2026-08-18T03:46:27-04:00,coupled-refit-gfed5
H:1890c68165d3:models/C/params.H.k3.json,H,optimizer-checkpoint,model-parameters,models/C/params.H.k3.json,1890c68165d364ba48019d97bbb07e486d5be611,model/other-models/commit-artifacts/by-path/models/C/params.H.k3.1890c68165d364ba48019d97bbb07e486d5be611.json,Model C (coupled-consistent retune; drivers + GPP from Lei's ED dump; GFED5 target),13,17,3fb01b4a06f1eddc8f9ac0ed73788ab6ee8f57bb,2026-08-18T03:46:27-04:00,coupled-refit-gfed5
H:dd1e64ac7eb0:models/C/params.H.k4.json,H,optimizer-checkpoint,model-parameters,models/C/params.H.k4.json,dd1e64ac7eb01630bb34da34687d94d8dde0b16f,model/other-models/commit-artifacts/by-path/models/C/params.H.k4.dd1e64ac7eb01630bb34da34687d94d8dde0b16f.json,Model C (coupled-consistent retune; drivers + GPP from Lei's ED dump; GFED5 target),13,17,3fb01b4a06f1eddc8f9ac0ed73788ab6ee8f57bb,2026-08-18T03:46:27-04:00,coupled-refit-gfed5
H:909ed04b7758:models/C/params.H.k5.json,H,optimizer-checkpoint,model-parameters,models/C/params.H.k5.json,909ed04b775893d0b88b79731f9783cf664bea78,model/other-models/commit-artifacts/by-path/models/C/params.H.k5.909ed04b775893d0b88b79731f9783cf664bea78.json,Model C (coupled-consistent retune; drivers + GPP from Lei's ED dump; GFED5 target),13,17,3fb01b4a06f1eddc8f9ac0ed73788ab6ee8f57bb,2026-08-18T03:46:27-04:00,coupled-refit-gfed5
C-development:f0ff71ef6db0:models/C/params.PRE-coupled.json,C-development,predecessor,model-parameters,models/C/params.PRE-coupled.json,f0ff71ef6db0cb8857ae40fdebed04007e363f00,model/other-models/commit-artifacts/by-path/models/C/params.PRE-coupled.f0ff71ef6db0cb8857ae40fdebed04007e363f00.json,Model C (ED-coupled-consistent retune; rank #1 at 0.6713),12,11,9d346449731a4cf73f2a0787e0439571fbaf7e2a,2026-06-01T22:14:12-04:00,main;coupled-refit-gfed5;modelD-paper-params
C-development:b3f96472307f:models/C/params.PRE-tropfix2.json,C-development,predecessor,model-parameters,models/C/params.PRE-tropfix2.json,b3f96472307f86f0cff190afd1252ab86015e18e,model/other-models/commit-artifacts/by-path/models/C/params.PRE-tropfix2.b3f96472307f86f0cff190afd1252ab86015e18e.json,Model C (coupled-consistent retune; drivers + GPP from Lei's ED dump; GFED5 target),12,13,7eee8b1cea3d8f317b80c7f62c5d76842702470f,2026-06-08T17:25:24-04:00,main;coupled-refit-gfed5;modelD-paper-params
C-development:51e916fc2639:models/C/params.africa.json,C-development,committed-parameter-set,model-parameters,models/C/params.africa.json,51e916fc2639b711ae71048a4453fb03985d638f,model/other-models/commit-artifacts/by-path/models/C/params.africa.51e916fc2639b711ae71048a4453fb03985d638f.json,Model C (coupled-consistent retune; drivers + GPP from Lei's ED dump; GFED5 target),15,13,9451d1a02dfc9dd582c64e581e8045cfdcf67aa9,2026-06-10T20:57:03-04:00,main;coupled-refit-gfed5;modelD-paper-params
C-development:5650f643d5c8:models/C/params.africa.k1.json,C-development,optimizer-checkpoint,model-parameters,models/C/params.africa.k1.json,5650f643d5c8f2821d827d3399b34564a522376b,model/other-models/commit-artifacts/by-path/models/C/params.africa.k1.5650f643d5c8f2821d827d3399b34564a522376b.json,Model C (coupled-consistent retune; drivers + GPP from Lei's ED dump; GFED5 target),15,17,9451d1a02dfc9dd582c64e581e8045cfdcf67aa9,2026-06-10T20:57:03-04:00,main;coupled-refit-gfed5;modelD-paper-params
C-development:b93b146b3b7c:models/C/params.africa.k2.json,C-development,optimizer-checkpoint,model-parameters,models/C/params.africa.k2.json,b93b146b3b7cd79300fe637fe8d38b6622c2a54f,model/other-models/commit-artifacts/by-path/models/C/params.africa.k2.b93b146b3b7cd79300fe637fe8d38b6622c2a54f.json,Model C (coupled-consistent retune; drivers + GPP from Lei's ED dump; GFED5 target),15,17,9451d1a02dfc9dd582c64e581e8045cfdcf67aa9,2026-06-10T20:57:03-04:00,main;coupled-refit-gfed5;modelD-paper-params
C-development:b6b74d8d0c9c:models/C/params.africa.k3.json,C-development,optimizer-checkpoint,model-parameters,models/C/params.africa.k3.json,b6b74d8d0c9ca63163f0a9139f558502ad27d9ce,model/other-models/commit-artifacts/by-path/models/C/params.africa.k3.b6b74d8d0c9ca63163f0a9139f558502ad27d9ce.json,Model C (coupled-consistent retune; drivers + GPP from Lei's ED dump; GFED5 target),15,17,9451d1a02dfc9dd582c64e581e8045cfdcf67aa9,2026-06-10T20:57:03-04:00,main;coupled-refit-gfed5;modelD-paper-params
C-development:539aa478cbfe:models/C/params.africa.k4.json,C-development,optimizer-checkpoint,model-parameters,models/C/params.africa.k4.json,539aa478cbfef57cab2adb93b19461bb9f18a07f,model/other-models/commit-artifacts/by-path/models/C/params.africa.k4.539aa478cbfef57cab2adb93b19461bb9f18a07f.json,Model C (coupled-consistent retune; drivers + GPP from Lei's ED dump; GFED5 target),15,17,9451d1a02dfc9dd582c64e581e8045cfdcf67aa9,2026-06-10T20:57:03-04:00,main;coupled-refit-gfed5;modelD-paper-params
C-development:bf424a12f32a:models/C/params.africacell.json,C-development,held-out-cells,model-parameters,models/C/params.africacell.json,bf424a12f32a4e3f4fe66f7bfeee59c78c3a1adf,model/other-models/commit-artifacts/by-path/models/C/params.africacell.bf424a12f32a4e3f4fe66f7bfeee59c78c3a1adf.json,Model C (coupled-consistent retune; drivers + GPP from Lei's ED dump; GFED5 target),16,13,0db07563d93cdb045e5dec86d00d2294d5a50ac5,2026-06-11T16:10:05-04:00,main;coupled-refit-gfed5;modelD-paper-params
C-development:7d59b1c519d9:models/C/params.africafuel.json,C-development,committed-parameter-set,model-parameters,models/C/params.africafuel.json,7d59b1c519d9b9c92033a2964c221c5a52b4a481,model/other-models/commit-artifacts/by-path/models/C/params.africafuel.7d59b1c519d9b9c92033a2964c221c5a52b4a481.json,Model C (coupled-consistent retune; drivers + GPP from Lei's ED dump; GFED5 target),16,13,b77e29553af06505a26e3b0056bc4953846ee1c6,2026-06-10T23:29:21-04:00,main;coupled-refit-gfed5;modelD-paper-params
C-development:af973f0fbb3f:models/C/params.africafuel.k1.json,C-development,optimizer-checkpoint,model-parameters,models/C/params.africafuel.k1.json,af973f0fbb3fe36c299dae27495d726251c8cd70,model/other-models/commit-artifacts/by-path/models/C/params.africafuel.k1.af973f0fbb3fe36c299dae27495d726251c8cd70.json,Model C (coupled-consistent retune; drivers + GPP from Lei's ED dump; GFED5 target),16,17,b77e29553af06505a26e3b0056bc4953846ee1c6,2026-06-10T23:29:21-04:00,main;coupled-refit-gfed5;modelD-paper-params
C-development:7424e9fd9b34:models/C/params.africafuel.k2.json,C-development,optimizer-checkpoint,model-parameters,models/C/params.africafuel.k2.json,7424e9fd9b341cd31367df362677a1a1b35ab571,model/other-models/commit-artifacts/by-path/models/C/params.africafuel.k2.7424e9fd9b341cd31367df362677a1a1b35ab571.json,Model C (coupled-consistent retune; drivers + GPP from Lei's ED dump; GFED5 target),16,17,b77e29553af06505a26e3b0056bc4953846ee1c6,2026-06-10T23:29:21-04:00,main;coupled-refit-gfed5;modelD-paper-params
C-development:3bc3014a5ba3:models/C/params.africafuel.k3.json,C-development,optimizer-checkpoint,model-parameters,models/C/params.africafuel.k3.json,3bc3014a5ba3157337eed082b174c088c9d2b647,model/other-models/commit-artifacts/by-path/models/C/params.africafuel.k3.3bc3014a5ba3157337eed082b174c088c9d2b647.json,Model C (coupled-consistent retune; drivers + GPP from Lei's ED dump; GFED5 target),16,17,b77e29553af06505a26e3b0056bc4953846ee1c6,2026-06-10T23:29:21-04:00,main;coupled-refit-gfed5;modelD-paper-params
C-development:8bc5284292b9:models/C/params.africafuel.k4.json,C-development,optimizer-checkpoint,model-parameters,models/C/params.africafuel.k4.json,8bc5284292b9e6e33d31892f7b53f115e2204569,model/other-models/commit-artifacts/by-path/models/C/params.africafuel.k4.8bc5284292b9e6e33d31892f7b53f115e2204569.json,Model C (coupled-consistent retune; drivers + GPP from Lei's ED dump; GFED5 target),16,17,b77e29553af06505a26e3b0056bc4953846ee1c6,2026-06-10T23:29:21-04:00,main;coupled-refit-gfed5;modelD-paper-params
C-development:b2a78b2679cb:models/C/params.africafuel.k5.json,C-development,optimizer-checkpoint,model-parameters,models/C/params.africafuel.k5.json,b2a78b2679cb90f989f10bffa6d2db8935f04aa0,model/other-models/commit-artifacts/by-path/models/C/params.africafuel.k5.b2a78b2679cb90f989f10bffa6d2db8935f04aa0.json,Model C (coupled-consistent retune; drivers + GPP from Lei's ED dump; GFED5 target),16,17,b77e29553af06505a26e3b0056bc4953846ee1c6,2026-06-10T23:29:21-04:00,main;coupled-refit-gfed5;modelD-paper-params
C-development:70d686d38f0c:models/C/params.africafuel.k6.json,C-development,optimizer-checkpoint,model-parameters,models/C/params.africafuel.k6.json,70d686d38f0c5ffc4bfb315b5fab9db6121f8155,model/other-models/commit-artifacts/by-path/models/C/params.africafuel.k6.70d686d38f0c5ffc4bfb315b5fab9db6121f8155.json,Model C (coupled-consistent retune; drivers + GPP from Lei's ED dump; GFED5 target),16,17,b77e29553af06505a26e3b0056bc4953846ee1c6,2026-06-10T23:29:21-04:00,main;coupled-refit-gfed5;modelD-paper-params
C-development:ab2339e37b5f:models/C/params.africaho.json,C-development,committed-parameter-set,model-parameters,models/C/params.africaho.json,ab2339e37b5fa469bccf1916be7af808c3515c68,model/other-models/commit-artifacts/by-path/models/C/params.africaho.ab2339e37b5fa469bccf1916be7af808c3515c68.json,Model C (coupled-consistent retune; drivers + GPP from Lei's ED dump; GFED5 target),16,13,cfb4703f8f7d8a7193014b28fc745f7c4efd785a,2026-06-11T13:54:48-04:00,main;coupled-refit-gfed5;modelD-paper-params
C-development:6d412f71d2d9:models/C/params.africaseas.json,C-development,committed-parameter-set,model-parameters,models/C/params.africaseas.json,6d412f71d2d9c0c3700049c748a061c7b41865ba,model/other-models/commit-artifacts/by-path/models/C/params.africaseas.6d412f71d2d9c0c3700049c748a061c7b41865ba.json,Model C (coupled-consistent retune; drivers + GPP from Lei's ED dump; GFED5 target),16,13,d2912cdd633baf26c20abb31e343b861dd93f17b,2026-06-11T03:24:19-04:00,main;coupled-refit-gfed5;modelD-paper-params
C-development:1133088717e0:models/C/params.africaseas.k1.json,C-development,optimizer-checkpoint,model-parameters,models/C/params.africaseas.k1.json,1133088717e06bc9209b9cea904da3e8437a660f,model/other-models/commit-artifacts/by-path/models/C/params.africaseas.k1.1133088717e06bc9209b9cea904da3e8437a660f.json,Model C (coupled-consistent retune; drivers + GPP from Lei's ED dump; GFED5 target),16,17,d2912cdd633baf26c20abb31e343b861dd93f17b,2026-06-11T03:24:19-04:00,main;coupled-refit-gfed5;modelD-paper-params
C-development:421c2e9ad666:models/C/params.africaseas.k2.json,C-development,optimizer-checkpoint,model-parameters,models/C/params.africaseas.k2.json,421c2e9ad666888789a2433ba023ad9b0dfeb93d,model/other-models/commit-artifacts/by-path/models/C/params.africaseas.k2.421c2e9ad666888789a2433ba023ad9b0dfeb93d.json,Model C (coupled-consistent retune; drivers + GPP from Lei's ED dump; GFED5 target),16,17,d2912cdd633baf26c20abb31e343b861dd93f17b,2026-06-11T03:24:19-04:00,main;coupled-refit-gfed5;modelD-paper-params
C-development:b822025680c8:models/C/params.africaseas.k3.json,C-development,optimizer-checkpoint,model-parameters,models/C/params.africaseas.k3.json,b822025680c834b7b0b2115e13b142805aaf3c30,model/other-models/commit-artifacts/by-path/models/C/params.africaseas.k3.b822025680c834b7b0b2115e13b142805aaf3c30.json,Model C (coupled-consistent retune; drivers + GPP from Lei's ED dump; GFED5 target),16,17,d2912cdd633baf26c20abb31e343b861dd93f17b,2026-06-11T03:24:19-04:00,main;coupled-refit-gfed5;modelD-paper-params
C-development:e237c9ceba28:models/C/params.africaseas.k4.json,C-development,optimizer-checkpoint,model-parameters,models/C/params.africaseas.k4.json,e237c9ceba28681102fb68d16cde61fa2bef1b46,model/other-models/commit-artifacts/by-path/models/C/params.africaseas.k4.e237c9ceba28681102fb68d16cde61fa2bef1b46.json,Model C (coupled-consistent retune; drivers + GPP from Lei's ED dump; GFED5 target),16,17,d2912cdd633baf26c20abb31e343b861dd93f17b,2026-06-11T03:24:19-04:00,main;coupled-refit-gfed5;modelD-paper-params
C-development:55d3ea3c3630:models/C/params.africaseas.k5.json,C-development,optimizer-checkpoint,model-parameters,models/C/params.africaseas.k5.json,55d3ea3c3630531a548b99569df4395f438a048f,model/other-models/commit-artifacts/by-path/models/C/params.africaseas.k5.55d3ea3c3630531a548b99569df4395f438a048f.json,Model C (coupled-consistent retune; drivers + GPP from Lei's ED dump; GFED5 target),16,17,d2912cdd633baf26c20abb31e343b861dd93f17b,2026-06-11T03:24:19-04:00,main;coupled-refit-gfed5;modelD-paper-params
C-development:3528970f2a96:models/C/params.africaseas.k6.json,C-development,optimizer-checkpoint,model-parameters,models/C/params.africaseas.k6.json,3528970f2a96032e38acfa7abcf686e7db372f39,model/other-models/commit-artifacts/by-path/models/C/params.africaseas.k6.3528970f2a96032e38acfa7abcf686e7db372f39.json,Model C (coupled-consistent retune; drivers + GPP from Lei's ED dump; GFED5 target),16,17,d2912cdd633baf26c20abb31e343b861dd93f17b,2026-06-11T03:24:19-04:00,main;coupled-refit-gfed5;modelD-paper-params
C-development:2ad4de6c3754:models/C/params.africaseas2.json,C-development,committed-parameter-set,model-parameters,models/C/params.africaseas2.json,2ad4de6c375407d08a909159e6ba8cba335662db,model/other-models/commit-artifacts/by-path/models/C/params.africaseas2.2ad4de6c375407d08a909159e6ba8cba335662db.json,Model C (coupled-consistent retune; drivers + GPP from Lei's ED dump; GFED5 target),16,13,4b67d28d267064029b33395a14583c75d340fed1,2026-06-11T22:08:52-04:00,main;coupled-refit-gfed5;modelD-paper-params
C-development:725be0a462b3:models/C/params.africaseas2.k1.json,C-development,optimizer-checkpoint,model-parameters,models/C/params.africaseas2.k1.json,725be0a462b30892966c1077099d5169122507ea,model/other-models/commit-artifacts/by-path/models/C/params.africaseas2.k1.725be0a462b30892966c1077099d5169122507ea.json,Model C (coupled-consistent retune; drivers + GPP from Lei's ED dump; GFED5 target),16,17,4b67d28d267064029b33395a14583c75d340fed1,2026-06-11T22:08:52-04:00,main;coupled-refit-gfed5;modelD-paper-params
C-development:7c4e6bdfc3ae:models/C/params.africaseas2.k2.json,C-development,optimizer-checkpoint,model-parameters,models/C/params.africaseas2.k2.json,7c4e6bdfc3ae649432a69ec6bfa583adcf3aec0e,model/other-models/commit-artifacts/by-path/models/C/params.africaseas2.k2.7c4e6bdfc3ae649432a69ec6bfa583adcf3aec0e.json,Model C (coupled-consistent retune; drivers + GPP from Lei's ED dump; GFED5 target),16,17,4b67d28d267064029b33395a14583c75d340fed1,2026-06-11T22:08:52-04:00,main;coupled-refit-gfed5;modelD-paper-params
C-development:c680c4903670:models/C/params.africaseas2.k3.json,C-development,optimizer-checkpoint,model-parameters,models/C/params.africaseas2.k3.json,c680c4903670200e29b73f94f26694b0184eaf64,model/other-models/commit-artifacts/by-path/models/C/params.africaseas2.k3.c680c4903670200e29b73f94f26694b0184eaf64.json,Model C (coupled-consistent retune; drivers + GPP from Lei's ED dump; GFED5 target),16,17,4b67d28d267064029b33395a14583c75d340fed1,2026-06-11T22:08:52-04:00,main;coupled-refit-gfed5;modelD-paper-params
C-development:72dbc3d52c7b:models/C/params.africaseas2.k4.json,C-development,optimizer-checkpoint,model-parameters,models/C/params.africaseas2.k4.json,72dbc3d52c7b5b81be0f9539bbac2cf57a4a450f,model/other-models/commit-artifacts/by-path/models/C/params.africaseas2.k4.72dbc3d52c7b5b81be0f9539bbac2cf57a4a450f.json,Model C (coupled-consistent retune; drivers + GPP from Lei's ED dump; GFED5 target),16,17,4b67d28d267064029b33395a14583c75d340fed1,2026-06-11T22:08:52-04:00,main;coupled-refit-gfed5;modelD-paper-params
C-development:7e1bb88fb18d:models/C/params.africaseas2.k5.json,C-development,optimizer-checkpoint,model-parameters,models/C/params.africaseas2.k5.json,7e1bb88fb18d578650f678370f0af2fc50607f03,model/other-models/commit-artifacts/by-path/models/C/params.africaseas2.k5.7e1bb88fb18d578650f678370f0af2fc50607f03.json,Model C (coupled-consistent retune; drivers + GPP from Lei's ED dump; GFED5 target),16,17,4b67d28d267064029b33395a14583c75d340fed1,2026-06-11T22:08:52-04:00,main;coupled-refit-gfed5;modelD-paper-params
C-development:43f2fbbf94d6:models/C/params.africaseas2.k6.json,C-development,optimizer-checkpoint,model-parameters,models/C/params.africaseas2.k6.json,43f2fbbf94d6e67a487106a30132dda699a8ef84,model/other-models/commit-artifacts/by-path/models/C/params.africaseas2.k6.43f2fbbf94d6e67a487106a30132dda699a8ef84.json,Model C (coupled-consistent retune; drivers + GPP from Lei's ED dump; GFED5 target),16,17,4b67d28d267064029b33395a14583c75d340fed1,2026-06-11T22:08:52-04:00,main;coupled-refit-gfed5;modelD-paper-params
C-development:40a24568bc84:models/C/params.australia.json,C-development,committed-parameter-set,model-parameters,models/C/params.australia.json,40a24568bc84b43bdd56ad74cbabb5978f3a8469,model/other-models/commit-artifacts/by-path/models/C/params.australia.40a24568bc84b43bdd56ad74cbabb5978f3a8469.json,Model C (coupled-consistent retune; drivers + GPP from Lei's ED dump; GFED5 target),15,13,b77e29553af06505a26e3b0056bc4953846ee1c6,2026-06-10T23:29:21-04:00,main;coupled-refit-gfed5;modelD-paper-params
C-development:810b82790c2c:models/C/params.australia.k1.json,C-development,optimizer-checkpoint,model-parameters,models/C/params.australia.k1.json,810b82790c2ca762c3bb909d0b1718e0c0dd068e,model/other-models/commit-artifacts/by-path/models/C/params.australia.k1.810b82790c2ca762c3bb909d0b1718e0c0dd068e.json,Model C (coupled-consistent retune; drivers + GPP from Lei's ED dump; GFED5 target),15,17,b77e29553af06505a26e3b0056bc4953846ee1c6,2026-06-10T23:29:21-04:00,main;coupled-refit-gfed5;modelD-paper-params
C-development:750a1ee9d10e:models/C/params.australia.k2.json,C-development,optimizer-checkpoint,model-parameters,models/C/params.australia.k2.json,750a1ee9d10ee1f8bf206ec03a4aa00c2f370136,model/other-models/commit-artifacts/by-path/models/C/params.australia.k2.750a1ee9d10ee1f8bf206ec03a4aa00c2f370136.json,Model C (coupled-consistent retune; drivers + GPP from Lei's ED dump; GFED5 target),15,17,b77e29553af06505a26e3b0056bc4953846ee1c6,2026-06-10T23:29:21-04:00,main;coupled-refit-gfed5;modelD-paper-params
C-development:dc89f29892dc:models/C/params.australia.k3.json,C-development,optimizer-checkpoint,model-parameters,models/C/params.australia.k3.json,dc89f29892dc4b405c664771b9021a4c43ab25f7,model/other-models/commit-artifacts/by-path/models/C/params.australia.k3.dc89f29892dc4b405c664771b9021a4c43ab25f7.json,Model C (coupled-consistent retune; drivers + GPP from Lei's ED dump; GFED5 target),15,17,b77e29553af06505a26e3b0056bc4953846ee1c6,2026-06-10T23:29:21-04:00,main;coupled-refit-gfed5;modelD-paper-params
C-development:af67c0e7da5d:models/C/params.australia.k4.json,C-development,optimizer-checkpoint,model-parameters,models/C/params.australia.k4.json,af67c0e7da5d6c7b7fd7020779b0e9a038d60ff2,model/other-models/commit-artifacts/by-path/models/C/params.australia.k4.af67c0e7da5d6c7b7fd7020779b0e9a038d60ff2.json,Model C (coupled-consistent retune; drivers + GPP from Lei's ED dump; GFED5 target),15,17,b77e29553af06505a26e3b0056bc4953846ee1c6,2026-06-10T23:29:21-04:00,main;coupled-refit-gfed5;modelD-paper-params
C-development:a15317e97dd5:models/C/params.australia.k5.json,C-development,optimizer-checkpoint,model-parameters,models/C/params.australia.k5.json,a15317e97dd5586e768d56b543a55fcd77d32b7b,model/other-models/commit-artifacts/by-path/models/C/params.australia.k5.a15317e97dd5586e768d56b543a55fcd77d32b7b.json,Model C (coupled-consistent retune; drivers + GPP from Lei's ED dump; GFED5 target),15,17,b77e29553af06505a26e3b0056bc4953846ee1c6,2026-06-10T23:29:21-04:00,main;coupled-refit-gfed5;modelD-paper-params
C-development:0a17f4fb9a07:models/C/params.australia.k6.json,C-development,optimizer-checkpoint,model-parameters,models/C/params.australia.k6.json,0a17f4fb9a0795f2926b77d68fbe6075f6b82559,model/other-models/commit-artifacts/by-path/models/C/params.australia.k6.0a17f4fb9a0795f2926b77d68fbe6075f6b82559.json,Model C (coupled-consistent retune; drivers + GPP from Lei's ED dump; GFED5 target),15,17,b77e29553af06505a26e3b0056bc4953846ee1c6,2026-06-10T23:29:21-04:00,main;coupled-refit-gfed5;modelD-paper-params
C-development:53185b61e8f8:models/C/params.boreal.json,C-development,committed-parameter-set,model-parameters,models/C/params.boreal.json,53185b61e8f84303e5b1d7fb23e30e424335aff5,model/other-models/commit-artifacts/by-path/models/C/params.boreal.53185b61e8f84303e5b1d7fb23e30e424335aff5.json,Model C (coupled-consistent retune; drivers + GPP from Lei's ED dump; GFED5 target),15,13,9451d1a02dfc9dd582c64e581e8045cfdcf67aa9,2026-06-10T20:57:03-04:00,main;coupled-refit-gfed5;modelD-paper-params
C-development:82810dc7ac42:models/C/params.boreal.k1.json,C-development,optimizer-checkpoint,model-parameters,models/C/params.boreal.k1.json,82810dc7ac421903c02837387039d024371c2d73,model/other-models/commit-artifacts/by-path/models/C/params.boreal.k1.82810dc7ac421903c02837387039d024371c2d73.json,Model C (coupled-consistent retune; drivers + GPP from Lei's ED dump; GFED5 target),15,17,9451d1a02dfc9dd582c64e581e8045cfdcf67aa9,2026-06-10T20:57:03-04:00,main;coupled-refit-gfed5;modelD-paper-params
C-development:5361a64c86de:models/C/params.boreal.k2.json,C-development,optimizer-checkpoint,model-parameters,models/C/params.boreal.k2.json,5361a64c86deee7694e4e8353d7eb43d1760770b,model/other-models/commit-artifacts/by-path/models/C/params.boreal.k2.5361a64c86deee7694e4e8353d7eb43d1760770b.json,Model C (coupled-consistent retune; drivers + GPP from Lei's ED dump; GFED5 target),15,17,9451d1a02dfc9dd582c64e581e8045cfdcf67aa9,2026-06-10T20:57:03-04:00,main;coupled-refit-gfed5;modelD-paper-params
C-development:21027498f38d:models/C/params.boreal.k3.json,C-development,optimizer-checkpoint,model-parameters,models/C/params.boreal.k3.json,21027498f38d58c1be354108a5066da1f979bbdf,model/other-models/commit-artifacts/by-path/models/C/params.boreal.k3.21027498f38d58c1be354108a5066da1f979bbdf.json,Model C (coupled-consistent retune; drivers + GPP from Lei's ED dump; GFED5 target),15,17,9451d1a02dfc9dd582c64e581e8045cfdcf67aa9,2026-06-10T20:57:03-04:00,main;coupled-refit-gfed5;modelD-paper-params
C-development:fd3917855b3c:models/C/params.boreal.k4.json,C-development,optimizer-checkpoint,model-parameters,models/C/params.boreal.k4.json,fd3917855b3c8387ae15cdacf2f88a0dbb3a4559,model/other-models/commit-artifacts/by-path/models/C/params.boreal.k4.fd3917855b3c8387ae15cdacf2f88a0dbb3a4559.json,Model C (coupled-consistent retune; drivers + GPP from Lei's ED dump; GFED5 target),15,17,9451d1a02dfc9dd582c64e581e8045cfdcf67aa9,2026-06-10T20:57:03-04:00,main;coupled-refit-gfed5;modelD-paper-params
C-development:9644e8ec50bc:models/C/params.boreal.k5.json,C-development,optimizer-checkpoint,model-parameters,models/C/params.boreal.k5.json,9644e8ec50bcc1d46b7dd63d7f21eaa40af44920,model/other-models/commit-artifacts/by-path/models/C/params.boreal.k5.9644e8ec50bcc1d46b7dd63d7f21eaa40af44920.json,Model C (coupled-consistent retune; drivers + GPP from Lei's ED dump; GFED5 target),15,17,9451d1a02dfc9dd582c64e581e8045cfdcf67aa9,2026-06-10T20:57:03-04:00,main;coupled-refit-gfed5;modelD-paper-params
C-development:655e1cad462c:models/C/params.borealcell.json,C-development,held-out-cells,model-parameters,models/C/params.borealcell.json,655e1cad462c27e5377038ddc84ec74771e00032,model/other-models/commit-artifacts/by-path/models/C/params.borealcell.655e1cad462c27e5377038ddc84ec74771e00032.json,Model C (coupled-consistent retune; drivers + GPP from Lei's ED dump; GFED5 target),15,13,0db07563d93cdb045e5dec86d00d2294d5a50ac5,2026-06-11T16:10:05-04:00,main;coupled-refit-gfed5;modelD-paper-params
C-development:5aa43576efe3:models/C/params.borealho.json,C-development,committed-parameter-set,model-parameters,models/C/params.borealho.json,5aa43576efe379be993c8179165678f60da5064a,model/other-models/commit-artifacts/by-path/models/C/params.borealho.5aa43576efe379be993c8179165678f60da5064a.json,Model C (coupled-consistent retune; drivers + GPP from Lei's ED dump; GFED5 target),15,13,cfb4703f8f7d8a7193014b28fc745f7c4efd785a,2026-06-11T13:54:48-04:00,main;coupled-refit-gfed5;modelD-paper-params
C-development:44068234dd4b:models/C/params.borealseas.json,C-development,committed-parameter-set,model-parameters,models/C/params.borealseas.json,44068234dd4b410b986177fc95529112f237b687,model/other-models/commit-artifacts/by-path/models/C/params.borealseas.44068234dd4b410b986177fc95529112f237b687.json,Model C (coupled-consistent retune; drivers + GPP from Lei's ED dump; GFED5 target),15,13,d2912cdd633baf26c20abb31e343b861dd93f17b,2026-06-11T03:24:19-04:00,main;coupled-refit-gfed5;modelD-paper-params
C-development:bf2490d8e703:models/C/params.borealseas.k1.json,C-development,optimizer-checkpoint,model-parameters,models/C/params.borealseas.k1.json,bf2490d8e7034d48c8de0a31768563bf51b81219,model/other-models/commit-artifacts/by-path/models/C/params.borealseas.k1.bf2490d8e7034d48c8de0a31768563bf51b81219.json,Model C (coupled-consistent retune; drivers + GPP from Lei's ED dump; GFED5 target),15,17,d2912cdd633baf26c20abb31e343b861dd93f17b,2026-06-11T03:24:19-04:00,main;coupled-refit-gfed5;modelD-paper-params
C-development:e0474b3ea90b:models/C/params.borealseas.k2.json,C-development,optimizer-checkpoint,model-parameters,models/C/params.borealseas.k2.json,e0474b3ea90b636b0d732a80baf19444d0eb4faf,model/other-models/commit-artifacts/by-path/models/C/params.borealseas.k2.e0474b3ea90b636b0d732a80baf19444d0eb4faf.json,Model C (coupled-consistent retune; drivers + GPP from Lei's ED dump; GFED5 target),15,17,d2912cdd633baf26c20abb31e343b861dd93f17b,2026-06-11T03:24:19-04:00,main;coupled-refit-gfed5;modelD-paper-params
C-development:2a1f2da8de42:models/C/params.borealseas.k3.json,C-development,optimizer-checkpoint,model-parameters,models/C/params.borealseas.k3.json,2a1f2da8de42a40bc589944f30cec13857eecb13,model/other-models/commit-artifacts/by-path/models/C/params.borealseas.k3.2a1f2da8de42a40bc589944f30cec13857eecb13.json,Model C (coupled-consistent retune; drivers + GPP from Lei's ED dump; GFED5 target),15,17,d2912cdd633baf26c20abb31e343b861dd93f17b,2026-06-11T03:24:19-04:00,main;coupled-refit-gfed5;modelD-paper-params
C-development:6b089f638548:models/C/params.chk.k1.json,C-development,optimizer-checkpoint,model-parameters,models/C/params.chk.k1.json,6b089f638548f843941afa4c4c51ae26c2518ed6,model/other-models/commit-artifacts/by-path/models/C/params.chk.k1.6b089f638548f843941afa4c4c51ae26c2518ed6.json,Model C (coupled-consistent retune; drivers + GPP from Lei's ED dump; GFED5 target),12,17,3fb01b4a06f1eddc8f9ac0ed73788ab6ee8f57bb,2026-08-18T03:46:27-04:00,coupled-refit-gfed5
coupled-E:d4fabfd949f8:models/C/params.coupledE.json,coupled-E,committed-parameter-set,model-parameters,models/C/params.coupledE.json,d4fabfd949f8b5b3703e1a369a94493031e8595b,model/other-models/commit-artifacts/by-path/models/C/params.coupledE.d4fabfd949f8b5b3703e1a369a94493031e8595b.json,Model C (coupled-consistent retune; drivers + GPP from Lei's ED dump; GFED5 target),16,13,3fb01b4a06f1eddc8f9ac0ed73788ab6ee8f57bb,2026-08-18T03:46:27-04:00,coupled-refit-gfed5
coupled-E:e6ce391904e0:models/C/params.coupledE.k1.json,coupled-E,optimizer-checkpoint,model-parameters,models/C/params.coupledE.k1.json,e6ce391904e02f6b51b8446fab331cc7fbc0033f,model/other-models/commit-artifacts/by-path/models/C/params.coupledE.k1.e6ce391904e02f6b51b8446fab331cc7fbc0033f.json,Model C (coupled-consistent retune; drivers + GPP from Lei's ED dump; GFED5 target),16,17,3fb01b4a06f1eddc8f9ac0ed73788ab6ee8f57bb,2026-08-18T03:46:27-04:00,coupled-refit-gfed5
coupled-E:bdb4e8affed1:models/C/params.coupledE.k2.json,coupled-E,optimizer-checkpoint,model-parameters,models/C/params.coupledE.k2.json,bdb4e8affed18bc7b9179db096c84f02cf831e9a,model/other-models/commit-artifacts/by-path/models/C/params.coupledE.k2.bdb4e8affed18bc7b9179db096c84f02cf831e9a.json,Model C (coupled-consistent retune; drivers + GPP from Lei's ED dump; GFED5 target),16,17,3fb01b4a06f1eddc8f9ac0ed73788ab6ee8f57bb,2026-08-18T03:46:27-04:00,coupled-refit-gfed5
coupled-E:8fbd582cad8f:models/C/params.coupledE.k3.json,coupled-E,optimizer-checkpoint,model-parameters,models/C/params.coupledE.k3.json,8fbd582cad8f12c07cbe644a2d99051a037b0c76,model/other-models/commit-artifacts/by-path/models/C/params.coupledE.k3.8fbd582cad8f12c07cbe644a2d99051a037b0c76.json,Model C (coupled-consistent retune; drivers + GPP from Lei's ED dump; GFED5 target),16,17,3fb01b4a06f1eddc8f9ac0ed73788ab6ee8f57bb,2026-08-18T03:46:27-04:00,coupled-refit-gfed5
coupled-E:3a22de9d8589:models/C/params.coupledE.k4.json,coupled-E,optimizer-checkpoint,model-parameters,models/C/params.coupledE.k4.json,3a22de9d8589b8c79e6f4a4ed726ec9028e20abb,model/other-models/commit-artifacts/by-path/models/C/params.coupledE.k4.3a22de9d8589b8c79e6f4a4ed726ec9028e20abb.json,Model C (coupled-consistent retune; drivers + GPP from Lei's ED dump; GFED5 target),16,17,3fb01b4a06f1eddc8f9ac0ed73788ab6ee8f57bb,2026-08-18T03:46:27-04:00,coupled-refit-gfed5
coupled-E:805d1c887350:models/C/params.coupledE.k5.json,coupled-E,optimizer-checkpoint,model-parameters,models/C/params.coupledE.k5.json,805d1c887350063b22e69b83f4e346b5d4f61e45,model/other-models/commit-artifacts/by-path/models/C/params.coupledE.k5.805d1c887350063b22e69b83f4e346b5d4f61e45.json,Model C (coupled-consistent retune; drivers + GPP from Lei's ED dump; GFED5 target),16,17,3fb01b4a06f1eddc8f9ac0ed73788ab6ee8f57bb,2026-08-18T03:46:27-04:00,coupled-refit-gfed5
coupled-E:0f7e3e01a127:models/C/params.coupledE.k6.json,coupled-E,optimizer-checkpoint,model-parameters,models/C/params.coupledE.k6.json,0f7e3e01a127b94b0b18a6a91f4d55f041e83972,model/other-models/commit-artifacts/by-path/models/C/params.coupledE.k6.0f7e3e01a127b94b0b18a6a91f4d55f041e83972.json,Model C (coupled-consistent retune; drivers + GPP from Lei's ED dump; GFED5 target),16,17,3fb01b4a06f1eddc8f9ac0ed73788ab6ee8f57bb,2026-08-18T03:46:27-04:00,coupled-refit-gfed5
coupled-E:d80700451d89:models/C/params.coupledE_af.json,coupled-E,committed-parameter-set,model-parameters,models/C/params.coupledE_af.json,d80700451d8999583904ee188535156edaf7d377,model/other-models/commit-artifacts/by-path/models/C/params.coupledE_af.d80700451d8999583904ee188535156edaf7d377.json,Model C (coupled-consistent retune; drivers + GPP from Lei's ED dump; GFED5 target),16,13,a71c1440187be918adebfd8db43fb83be18c1226,2026-07-23T12:01:43-04:00,coupled-refit-gfed5
coupled-E:37424939ef76:models/C/params.coupledE_aus.json,coupled-E,committed-parameter-set,model-parameters,models/C/params.coupledE_aus.json,37424939ef76a61a6da8307027c78003dfd548c3,model/other-models/commit-artifacts/by-path/models/C/params.coupledE_aus.37424939ef76a61a6da8307027c78003dfd548c3.json,Model C (coupled-consistent retune; drivers + GPP from Lei's ED dump; GFED5 target),16,13,a71c1440187be918adebfd8db43fb83be18c1226,2026-07-23T12:01:43-04:00,coupled-refit-gfed5
coupled-E:2350dee7dd58:models/C/params.coupledE_bor.json,coupled-E,committed-parameter-set,model-parameters,models/C/params.coupledE_bor.json,2350dee7dd58053bfb3d0559de74ffa16c0a3b01,model/other-models/commit-artifacts/by-path/models/C/params.coupledE_bor.2350dee7dd58053bfb3d0559de74ffa16c0a3b01.json,Model C (coupled-consistent retune; drivers + GPP from Lei's ED dump; GFED5 target),16,13,a71c1440187be918adebfd8db43fb83be18c1226,2026-07-23T12:01:43-04:00,coupled-refit-gfed5
curing:b7703a6c2a29:models/C/params.coupledE_cure.json,curing,committed-parameter-set,model-parameters,models/C/params.coupledE_cure.json,b7703a6c2a295eda8db73a6132d6704ff4b068ce,model/other-models/commit-artifacts/by-path/models/C/params.coupledE_cure.b7703a6c2a295eda8db73a6132d6704ff4b068ce.json,Model C (coupled-consistent retune; drivers + GPP from Lei's ED dump; GFED5 target),21,13,fa6195ea29a75b090c7c29a002aaa71c1751dbae,2026-07-25T01:05:39-04:00,coupled-refit-gfed5
coupled-E:3fa31ff08df2:models/C/params.coupledE_eur.json,coupled-E,committed-parameter-set,model-parameters,models/C/params.coupledE_eur.json,3fa31ff08df271afbd5d337087b8cc3ae1da395d,model/other-models/commit-artifacts/by-path/models/C/params.coupledE_eur.3fa31ff08df271afbd5d337087b8cc3ae1da395d.json,Model C (coupled-consistent retune; drivers + GPP from Lei's ED dump; GFED5 target),16,13,a71c1440187be918adebfd8db43fb83be18c1226,2026-07-23T12:01:43-04:00,coupled-refit-gfed5
coupled-E:799acb0f9783:models/C/params.coupledE_fx.json,coupled-E,committed-parameter-set,model-parameters,models/C/params.coupledE_fx.json,799acb0f978372c21cac211f340df55e06eb71c5,model/other-models/commit-artifacts/by-path/models/C/params.coupledE_fx.799acb0f978372c21cac211f340df55e06eb71c5.json,Model C (coupled-consistent retune; drivers + GPP from Lei's ED dump; GFED5 target),16,13,a71c1440187be918adebfd8db43fb83be18c1226,2026-07-23T12:01:43-04:00,coupled-refit-gfed5
coupled-E:4849387b8808:models/C/params.coupledE_fx.k1.json,coupled-E,optimizer-checkpoint,model-parameters,models/C/params.coupledE_fx.k1.json,4849387b88084bab8ba8daa590f35350bdc5044a,model/other-models/commit-artifacts/by-path/models/C/params.coupledE_fx.k1.4849387b88084bab8ba8daa590f35350bdc5044a.json,Model C (coupled-consistent retune; drivers + GPP from Lei's ED dump; GFED5 target),16,17,3fb01b4a06f1eddc8f9ac0ed73788ab6ee8f57bb,2026-08-18T03:46:27-04:00,coupled-refit-gfed5
coupled-E:c97d38990ef8:models/C/params.coupledE_fx.k2.json,coupled-E,optimizer-checkpoint,model-parameters,models/C/params.coupledE_fx.k2.json,c97d38990ef8f585a771193536743286d30b6190,model/other-models/commit-artifacts/by-path/models/C/params.coupledE_fx.k2.c97d38990ef8f585a771193536743286d30b6190.json,Model C (coupled-consistent retune; drivers + GPP from Lei's ED dump; GFED5 target),16,17,3fb01b4a06f1eddc8f9ac0ed73788ab6ee8f57bb,2026-08-18T03:46:27-04:00,coupled-refit-gfed5
coupled-E:89c65027b4da:models/C/params.coupledE_fx.k3.json,coupled-E,optimizer-checkpoint,model-parameters,models/C/params.coupledE_fx.k3.json,89c65027b4da6d7f1b5f63eb6deab42fdc3553bc,model/other-models/commit-artifacts/by-path/models/C/params.coupledE_fx.k3.89c65027b4da6d7f1b5f63eb6deab42fdc3553bc.json,Model C (coupled-consistent retune; drivers + GPP from Lei's ED dump; GFED5 target),16,17,3fb01b4a06f1eddc8f9ac0ed73788ab6ee8f57bb,2026-08-18T03:46:27-04:00,coupled-refit-gfed5
coupled-E:6c89bd618b5a:models/C/params.coupledE_fx.k4.json,coupled-E,optimizer-checkpoint,model-parameters,models/C/params.coupledE_fx.k4.json,6c89bd618b5a02c7fb727da53321c45ae5f6b8b1,model/other-models/commit-artifacts/by-path/models/C/params.coupledE_fx.k4.6c89bd618b5a02c7fb727da53321c45ae5f6b8b1.json,Model C (coupled-consistent retune; drivers + GPP from Lei's ED dump; GFED5 target),16,17,3fb01b4a06f1eddc8f9ac0ed73788ab6ee8f57bb,2026-08-18T03:46:27-04:00,coupled-refit-gfed5
coupled-E:dfd33389c47c:models/C/params.coupledE_fx.k5.json,coupled-E,optimizer-checkpoint,model-parameters,models/C/params.coupledE_fx.k5.json,dfd33389c47cf0ac12c594a64a2ef3285a99607c,model/other-models/commit-artifacts/by-path/models/C/params.coupledE_fx.k5.dfd33389c47cf0ac12c594a64a2ef3285a99607c.json,Model C (coupled-consistent retune; drivers + GPP from Lei's ED dump; GFED5 target),16,17,3fb01b4a06f1eddc8f9ac0ed73788ab6ee8f57bb,2026-08-18T03:46:27-04:00,coupled-refit-gfed5
coupled-E:40040ba6ca70:models/C/params.coupledE_fx.k6.json,coupled-E,optimizer-checkpoint,model-parameters,models/C/params.coupledE_fx.k6.json,40040ba6ca703002e74aff64d96f6f3a0e4bb307,model/other-models/commit-artifacts/by-path/models/C/params.coupledE_fx.k6.40040ba6ca703002e74aff64d96f6f3a0e4bb307.json,Model C (coupled-consistent retune; drivers + GPP from Lei's ED dump; GFED5 target),16,17,3fb01b4a06f1eddc8f9ac0ed73788ab6ee8f57bb,2026-08-18T03:46:27-04:00,coupled-refit-gfed5
F:749a8fd72673:models/C/params.coupledE_gdp.json,F,committed-parameter-set,model-parameters,models/C/params.coupledE_gdp.json,749a8fd7267331a5e767acbc679758a996715462,model/other-models/commit-artifacts/by-path/models/C/params.coupledE_gdp.749a8fd7267331a5e767acbc679758a996715462.json,Model C (coupled-consistent retune; drivers + GPP from Lei's ED dump; GFED5 target),17,13,f5c99af32bba749ff2d9c17c445caeb1e01a9e6d,2026-07-24T02:48:47-04:00,coupled-refit-gfed5
coupled-E:962f80a30ef1:models/C/params.coupledE_nam.json,coupled-E,committed-parameter-set,model-parameters,models/C/params.coupledE_nam.json,962f80a30ef15791b72bbf4be8006db6098d26d6,model/other-models/commit-artifacts/by-path/models/C/params.coupledE_nam.962f80a30ef15791b72bbf4be8006db6098d26d6.json,Model C (coupled-consistent retune; drivers + GPP from Lei's ED dump; GFED5 target),16,13,a71c1440187be918adebfd8db43fb83be18c1226,2026-07-23T12:01:43-04:00,coupled-refit-gfed5
coupled-E:f72cbcbd79a3:models/C/params.coupledE_nogdp.json,coupled-E,committed-parameter-set,model-parameters,models/C/params.coupledE_nogdp.json,f72cbcbd79a3676796ff9f6d9252066977ab3e45,model/other-models/commit-artifacts/by-path/models/C/params.coupledE_nogdp.f72cbcbd79a3676796ff9f6d9252066977ab3e45.json,Model C (coupled-consistent retune; drivers + GPP from Lei's ED dump; GFED5 target),16,13,f5c99af32bba749ff2d9c17c445caeb1e01a9e6d,2026-07-24T02:48:47-04:00,coupled-refit-gfed5
coupled-E:dc3aaf408f0a:models/C/params.coupledE_sam.json,coupled-E,committed-parameter-set,model-parameters,models/C/params.coupledE_sam.json,dc3aaf408f0a90bada7920301d34a0fa2b47cd2f,model/other-models/commit-artifacts/by-path/models/C/params.coupledE_sam.dc3aaf408f0a90bada7920301d34a0fa2b47cd2f.json,Model C (coupled-consistent retune; drivers + GPP from Lei's ED dump; GFED5 target),16,13,a71c1440187be918adebfd8db43fb83be18c1226,2026-07-23T12:01:43-04:00,coupled-refit-gfed5
coupled-E:c2f0083e84b9:models/C/params.coupledE_sea.json,coupled-E,committed-parameter-set,model-parameters,models/C/params.coupledE_sea.json,c2f0083e84b976f27d37e0cd4efa2bdbccb006f2,model/other-models/commit-artifacts/by-path/models/C/params.coupledE_sea.c2f0083e84b976f27d37e0cd4efa2bdbccb006f2.json,Model C (coupled-consistent retune; drivers + GPP from Lei's ED dump; GFED5 target),16,13,a71c1440187be918adebfd8db43fb83be18c1226,2026-07-23T12:01:43-04:00,coupled-refit-gfed5
coupled-E:62d3c526fd0b:models/C/params.coupledE_smoke.json,coupled-E,committed-parameter-set,model-parameters,models/C/params.coupledE_smoke.json,62d3c526fd0b6175625b629af0fb0eb9a18ccd02,model/other-models/commit-artifacts/by-path/models/C/params.coupledE_smoke.62d3c526fd0b6175625b629af0fb0eb9a18ccd02.json,Model C (coupled-consistent retune; drivers + GPP from Lei's ED dump; GFED5 target),16,13,3fb01b4a06f1eddc8f9ac0ed73788ab6ee8f57bb,2026-08-18T03:46:27-04:00,coupled-refit-gfed5
coupled-E:13e75e34ce7b:models/C/params.coupledFW.json,coupled-E,committed-parameter-set,model-parameters,models/C/params.coupledFW.json,13e75e34ce7b265ec0bdc56a49307065b077c056,model/other-models/commit-artifacts/by-path/models/C/params.coupledFW.13e75e34ce7b265ec0bdc56a49307065b077c056.json,Model C (coupled-consistent retune; drivers + GPP from Lei's ED dump; GFED5 target),16,13,3fb01b4a06f1eddc8f9ac0ed73788ab6ee8f57bb,2026-08-18T03:46:27-04:00,coupled-refit-gfed5
coupled-E:ecac5b4bbb44:models/C/params.coupledFW.k1.json,coupled-E,optimizer-checkpoint,model-parameters,models/C/params.coupledFW.k1.json,ecac5b4bbb448a0af490bcb5084bd13bd5adc997,model/other-models/commit-artifacts/by-path/models/C/params.coupledFW.k1.ecac5b4bbb448a0af490bcb5084bd13bd5adc997.json,Model C (coupled-consistent retune; drivers + GPP from Lei's ED dump; GFED5 target),16,17,3fb01b4a06f1eddc8f9ac0ed73788ab6ee8f57bb,2026-08-18T03:46:27-04:00,coupled-refit-gfed5
coupled-E:4450eb404d49:models/C/params.coupledFW.k2.json,coupled-E,optimizer-checkpoint,model-parameters,models/C/params.coupledFW.k2.json,4450eb404d4990a77d51c701647019934f2f17be,model/other-models/commit-artifacts/by-path/models/C/params.coupledFW.k2.4450eb404d4990a77d51c701647019934f2f17be.json,Model C (coupled-consistent retune; drivers + GPP from Lei's ED dump; GFED5 target),16,17,3fb01b4a06f1eddc8f9ac0ed73788ab6ee8f57bb,2026-08-18T03:46:27-04:00,coupled-refit-gfed5
coupled-E:f9ac44a7fdfe:models/C/params.coupledFW.k3.json,coupled-E,optimizer-checkpoint,model-parameters,models/C/params.coupledFW.k3.json,f9ac44a7fdfedef61c0127effe03901351c4ac6f,model/other-models/commit-artifacts/by-path/models/C/params.coupledFW.k3.f9ac44a7fdfedef61c0127effe03901351c4ac6f.json,Model C (coupled-consistent retune; drivers + GPP from Lei's ED dump; GFED5 target),16,17,3fb01b4a06f1eddc8f9ac0ed73788ab6ee8f57bb,2026-08-18T03:46:27-04:00,coupled-refit-gfed5
coupled-E:f0acdc3902a5:models/C/params.coupledFW.k4.json,coupled-E,optimizer-checkpoint,model-parameters,models/C/params.coupledFW.k4.json,f0acdc3902a533a3416c0c0d7482515dd0398d0e,model/other-models/commit-artifacts/by-path/models/C/params.coupledFW.k4.f0acdc3902a533a3416c0c0d7482515dd0398d0e.json,Model C (coupled-consistent retune; drivers + GPP from Lei's ED dump; GFED5 target),16,17,3fb01b4a06f1eddc8f9ac0ed73788ab6ee8f57bb,2026-08-18T03:46:27-04:00,coupled-refit-gfed5
coupled-E:6eb233216104:models/C/params.coupledFW.k5.json,coupled-E,optimizer-checkpoint,model-parameters,models/C/params.coupledFW.k5.json,6eb2332161043ee48d0d19b466c259f5fdd51bfd,model/other-models/commit-artifacts/by-path/models/C/params.coupledFW.k5.6eb2332161043ee48d0d19b466c259f5fdd51bfd.json,Model C (coupled-consistent retune; drivers + GPP from Lei's ED dump; GFED5 target),16,17,3fb01b4a06f1eddc8f9ac0ed73788ab6ee8f57bb,2026-08-18T03:46:27-04:00,coupled-refit-gfed5
C-development:e8a2358b1f72:models/C/params.europe.json,C-development,committed-parameter-set,model-parameters,models/C/params.europe.json,e8a2358b1f72aa990d18abb422eefa401bc6a733,model/other-models/commit-artifacts/by-path/models/C/params.europe.e8a2358b1f72aa990d18abb422eefa401bc6a733.json,Model C (coupled-consistent retune; drivers + GPP from Lei's ED dump; GFED5 target),15,13,b77e29553af06505a26e3b0056bc4953846ee1c6,2026-06-10T23:29:21-04:00,main;coupled-refit-gfed5;modelD-paper-params
C-development:86552a4e47fd:models/C/params.europe.k1.json,C-development,optimizer-checkpoint,model-parameters,models/C/params.europe.k1.json,86552a4e47fd63cd300382102eff43ab31cfb08b,model/other-models/commit-artifacts/by-path/models/C/params.europe.k1.86552a4e47fd63cd300382102eff43ab31cfb08b.json,Model C (coupled-consistent retune; drivers + GPP from Lei's ED dump; GFED5 target),15,17,b77e29553af06505a26e3b0056bc4953846ee1c6,2026-06-10T23:29:21-04:00,main;coupled-refit-gfed5;modelD-paper-params
C-development:163d35ffcfef:models/C/params.europe.k2.json,C-development,optimizer-checkpoint,model-parameters,models/C/params.europe.k2.json,163d35ffcfeff5f45df70497ad70539a5b302df9,model/other-models/commit-artifacts/by-path/models/C/params.europe.k2.163d35ffcfeff5f45df70497ad70539a5b302df9.json,Model C (coupled-consistent retune; drivers + GPP from Lei's ED dump; GFED5 target),15,17,b77e29553af06505a26e3b0056bc4953846ee1c6,2026-06-10T23:29:21-04:00,main;coupled-refit-gfed5;modelD-paper-params
C-development:0722062d5b60:models/C/params.europe.k3.json,C-development,optimizer-checkpoint,model-parameters,models/C/params.europe.k3.json,0722062d5b601655cfe2c5c8798b71ee4de5d72c,model/other-models/commit-artifacts/by-path/models/C/params.europe.k3.0722062d5b601655cfe2c5c8798b71ee4de5d72c.json,Model C (coupled-consistent retune; drivers + GPP from Lei's ED dump; GFED5 target),15,17,b77e29553af06505a26e3b0056bc4953846ee1c6,2026-06-10T23:29:21-04:00,main;coupled-refit-gfed5;modelD-paper-params
C-development:60a3b2b04a42:models/C/params.europe.k4.json,C-development,optimizer-checkpoint,model-parameters,models/C/params.europe.k4.json,60a3b2b04a42268111fb6e19eaa19a7d9d5e37a9,model/other-models/commit-artifacts/by-path/models/C/params.europe.k4.60a3b2b04a42268111fb6e19eaa19a7d9d5e37a9.json,Model C (coupled-consistent retune; drivers + GPP from Lei's ED dump; GFED5 target),15,17,b77e29553af06505a26e3b0056bc4953846ee1c6,2026-06-10T23:29:21-04:00,main;coupled-refit-gfed5;modelD-paper-params
C-development:af90f5ebd5c5:models/C/params.europe.k5.json,C-development,optimizer-checkpoint,model-parameters,models/C/params.europe.k5.json,af90f5ebd5c557ec0ee1db30b7f0d204b2a345e2,model/other-models/commit-artifacts/by-path/models/C/params.europe.k5.af90f5ebd5c557ec0ee1db30b7f0d204b2a345e2.json,Model C (coupled-consistent retune; drivers + GPP from Lei's ED dump; GFED5 target),15,17,b77e29553af06505a26e3b0056bc4953846ee1c6,2026-06-10T23:29:21-04:00,main;coupled-refit-gfed5;modelD-paper-params
C-development:7c69625c9608:models/C/params.europe.k6.json,C-development,optimizer-checkpoint,model-parameters,models/C/params.europe.k6.json,7c69625c960823febdc3cdaed2f266f4d306c3a7,model/other-models/commit-artifacts/by-path/models/C/params.europe.k6.7c69625c960823febdc3cdaed2f266f4d306c3a7.json,Model C (coupled-consistent retune; drivers + GPP from Lei's ED dump; GFED5 target),15,17,b77e29553af06505a26e3b0056bc4953846ee1c6,2026-06-10T23:29:21-04:00,main;coupled-refit-gfed5;modelD-paper-params
C-development:f69dcb237cc3:models/C/params.europecell.json,C-development,held-out-cells,model-parameters,models/C/params.europecell.json,f69dcb237cc3810ac08b6abf0cc1faf1689374c7,model/other-models/commit-artifacts/by-path/models/C/params.europecell.f69dcb237cc3810ac08b6abf0cc1faf1689374c7.json,Model C (coupled-consistent retune; drivers + GPP from Lei's ED dump; GFED5 target),15,13,0db07563d93cdb045e5dec86d00d2294d5a50ac5,2026-06-11T16:10:05-04:00,main;coupled-refit-gfed5;modelD-paper-params
C-development:75fc1188f38d:models/C/params.europeho.json,C-development,committed-parameter-set,model-parameters,models/C/params.europeho.json,75fc1188f38dd32fb2608153a4dd9a34edcd3612,model/other-models/commit-artifacts/by-path/models/C/params.europeho.75fc1188f38dd32fb2608153a4dd9a34edcd3612.json,Model C (coupled-consistent retune; drivers + GPP from Lei's ED dump; GFED5 target),15,13,cfb4703f8f7d8a7193014b28fc745f7c4efd785a,2026-06-11T13:54:48-04:00,main;coupled-refit-gfed5;modelD-paper-params
C-development:065514bf0fb7:models/C/params.europeseas.json,C-development,committed-parameter-set,model-parameters,models/C/params.europeseas.json,065514bf0fb7f41d96a0f02f5ff116c5d71c4337,model/other-models/commit-artifacts/by-path/models/C/params.europeseas.065514bf0fb7f41d96a0f02f5ff116c5d71c4337.json,Model C (coupled-consistent retune; drivers + GPP from Lei's ED dump; GFED5 target),15,13,d2912cdd633baf26c20abb31e343b861dd93f17b,2026-06-11T03:24:19-04:00,main;coupled-refit-gfed5;modelD-paper-params
C-development:1136f00f6942:models/C/params.europeseas.k1.json,C-development,optimizer-checkpoint,model-parameters,models/C/params.europeseas.k1.json,1136f00f69429e394daf17ed3f5f3056fed89a38,model/other-models/commit-artifacts/by-path/models/C/params.europeseas.k1.1136f00f69429e394daf17ed3f5f3056fed89a38.json,Model C (coupled-consistent retune; drivers + GPP from Lei's ED dump; GFED5 target),15,17,d2912cdd633baf26c20abb31e343b861dd93f17b,2026-06-11T03:24:19-04:00,main;coupled-refit-gfed5;modelD-paper-params
C-development:db1b0a610a42:models/C/params.europeseas.k2.json,C-development,optimizer-checkpoint,model-parameters,models/C/params.europeseas.k2.json,db1b0a610a42bbd29fe69c8efbbebf09661dcbe6,model/other-models/commit-artifacts/by-path/models/C/params.europeseas.k2.db1b0a610a42bbd29fe69c8efbbebf09661dcbe6.json,Model C (coupled-consistent retune; drivers + GPP from Lei's ED dump; GFED5 target),15,17,d2912cdd633baf26c20abb31e343b861dd93f17b,2026-06-11T03:24:19-04:00,main;coupled-refit-gfed5;modelD-paper-params
C-development:c6d34012e52b:models/C/params.europeseas.k3.json,C-development,optimizer-checkpoint,model-parameters,models/C/params.europeseas.k3.json,c6d34012e52bd18b9cd08e7ef99498b3008ad317,model/other-models/commit-artifacts/by-path/models/C/params.europeseas.k3.c6d34012e52bd18b9cd08e7ef99498b3008ad317.json,Model C (coupled-consistent retune; drivers + GPP from Lei's ED dump; GFED5 target),15,17,d2912cdd633baf26c20abb31e343b861dd93f17b,2026-06-11T03:24:19-04:00,main;coupled-refit-gfed5;modelD-paper-params
C-development:3022980f4a34:models/C/params.europeseas.k4.json,C-development,optimizer-checkpoint,model-parameters,models/C/params.europeseas.k4.json,3022980f4a34d49858ec2f529fe958be282a7a8d,model/other-models/commit-artifacts/by-path/models/C/params.europeseas.k4.3022980f4a34d49858ec2f529fe958be282a7a8d.json,Model C (coupled-consistent retune; drivers + GPP from Lei's ED dump; GFED5 target),15,17,d2912cdd633baf26c20abb31e343b861dd93f17b,2026-06-11T03:24:19-04:00,main;coupled-refit-gfed5;modelD-paper-params
C-development:a719d0e68335:models/C/params.europeseas.k5.json,C-development,optimizer-checkpoint,model-parameters,models/C/params.europeseas.k5.json,a719d0e68335c7e2714d5e7a25e51d4ea632bd40,model/other-models/commit-artifacts/by-path/models/C/params.europeseas.k5.a719d0e68335c7e2714d5e7a25e51d4ea632bd40.json,Model C (coupled-consistent retune; drivers + GPP from Lei's ED dump; GFED5 target),15,17,d2912cdd633baf26c20abb31e343b861dd93f17b,2026-06-11T03:24:19-04:00,main;coupled-refit-gfed5;modelD-paper-params
C-development:0160b69b0ac9:models/C/params.europeseas.k6.json,C-development,optimizer-checkpoint,model-parameters,models/C/params.europeseas.k6.json,0160b69b0ac99b882842d1ea5d5a0e1cb3351030,model/other-models/commit-artifacts/by-path/models/C/params.europeseas.k6.0160b69b0ac99b882842d1ea5d5a0e1cb3351030.json,Model C (coupled-consistent retune; drivers + GPP from Lei's ED dump; GFED5 target),15,17,d2912cdd633baf26c20abb31e343b861dd93f17b,2026-06-11T03:24:19-04:00,main;coupled-refit-gfed5;modelD-paper-params
C-development:28f1fb6990bf:models/C/params.json,C-development,committed-parameter-set,model-parameters,models/C/params.json,28f1fb6990bff3963878adc42d072e5da3e4c406,model/other-models/commit-artifacts/by-path/models/C/params.28f1fb6990bff3963878adc42d072e5da3e4c406.json,Model C v2,10,8,c2fba5a32953fc567d760e87e551a004820d963f,2026-04-21T15:19:24-04:00,main;coupled-refit-gfed5;modelD-paper-params
C-development:5845c421bc98:models/C/params.json,C-development,committed-parameter-set,model-parameters,models/C/params.json,5845c421bc989ecdb9d8ba6355f01bb7ad7cb8d6,model/other-models/commit-artifacts/by-path/models/C/params.5845c421bc989ecdb9d8ba6355f01bb7ad7cb8d6.json,Model C (Shapley-reduced from v8),12,8,bffdba5716aaf702d1eeffdb40a2480f34561799,2026-04-22T00:22:18-04:00,main;coupled-refit-gfed5;modelD-paper-params
C-development:7d1aa6f7f5ef:models/C/params.json,C-development,committed-parameter-set,model-parameters,models/C/params.json,7d1aa6f7f5ef13e1022f1eb2d1145f64b35d6929,model/other-models/commit-artifacts/by-path/models/C/params.7d1aa6f7f5ef13e1022f1eb2d1145f64b35d6929.json,Model C (coupled-consistent retune; drivers + GPP from Lei's ED dump; GFED5 target),14,17,7eee8b1cea3d8f317b80c7f62c5d76842702470f,2026-06-08T17:25:24-04:00,main;coupled-refit-gfed5;modelD-paper-params
C-development:b3f96472307f:models/C/params.json,C-development,committed-parameter-set,model-parameters,models/C/params.json,b3f96472307f86f0cff190afd1252ab86015e18e,model/other-models/commit-artifacts/by-path/models/C/params.b3f96472307f86f0cff190afd1252ab86015e18e.json,Model C (coupled-consistent retune; drivers + GPP from Lei's ED dump; GFED5 target),12,13,9d346449731a4cf73f2a0787e0439571fbaf7e2a,2026-06-01T22:14:12-04:00,main;coupled-refit-gfed5;modelD-paper-params
C-development:f0ff71ef6db0:models/C/params.json,C-development,committed-parameter-set,model-parameters,models/C/params.json,f0ff71ef6db0cb8857ae40fdebed04007e363f00,model/other-models/commit-artifacts/by-path/models/C/params.f0ff71ef6db0cb8857ae40fdebed04007e363f00.json,Model C (ED-coupled-consistent retune; rank #1 at 0.6713),12,11,1bac73121385ecd545c132df49746a8a28cce44b,2026-04-28T20:44:25-04:00,main;coupled-refit-gfed5;modelD-paper-params
C-development:fb2a1e318217:models/C/params.json,C-development,committed-parameter-set,model-parameters,models/C/params.json,fb2a1e318217e648c461f6219173c195e0686dec,model/other-models/commit-artifacts/by-path/models/C/params.fb2a1e318217e648c461f6219173c195e0686dec.json,Model C (full 12-param retune on canonical dbar),12,8,2fe11228a207bc7947f4bd02e0ff41d53ac84985,2026-04-23T21:41:03-04:00,main;coupled-refit-gfed5;modelD-paper-params
C-development:1d41f07b11e7:models/C/params.namerica.json,C-development,committed-parameter-set,model-parameters,models/C/params.namerica.json,1d41f07b11e75d2d968a71823fb6b3ff45d2556d,model/other-models/commit-artifacts/by-path/models/C/params.namerica.1d41f07b11e75d2d968a71823fb6b3ff45d2556d.json,Model C (coupled-consistent retune; drivers + GPP from Lei's ED dump; GFED5 target),15,13,b77e29553af06505a26e3b0056bc4953846ee1c6,2026-06-10T23:29:21-04:00,main;coupled-refit-gfed5;modelD-paper-params
C-development:23d847c7214f:models/C/params.namerica.k1.json,C-development,optimizer-checkpoint,model-parameters,models/C/params.namerica.k1.json,23d847c7214fbcbdd14a0741ba0760a2a11354d5,model/other-models/commit-artifacts/by-path/models/C/params.namerica.k1.23d847c7214fbcbdd14a0741ba0760a2a11354d5.json,Model C (coupled-consistent retune; drivers + GPP from Lei's ED dump; GFED5 target),15,17,b77e29553af06505a26e3b0056bc4953846ee1c6,2026-06-10T23:29:21-04:00,main;coupled-refit-gfed5;modelD-paper-params
C-development:99e78e4e3f23:models/C/params.namerica.k2.json,C-development,optimizer-checkpoint,model-parameters,models/C/params.namerica.k2.json,99e78e4e3f23993a96f1ecede30e73cf63d5c909,model/other-models/commit-artifacts/by-path/models/C/params.namerica.k2.99e78e4e3f23993a96f1ecede30e73cf63d5c909.json,Model C (coupled-consistent retune; drivers + GPP from Lei's ED dump; GFED5 target),15,17,b77e29553af06505a26e3b0056bc4953846ee1c6,2026-06-10T23:29:21-04:00,main;coupled-refit-gfed5;modelD-paper-params
C-development:3b27fe1cb275:models/C/params.namerica.k3.json,C-development,optimizer-checkpoint,model-parameters,models/C/params.namerica.k3.json,3b27fe1cb275b1f1e2869f173bd42b3537bbfbc6,model/other-models/commit-artifacts/by-path/models/C/params.namerica.k3.3b27fe1cb275b1f1e2869f173bd42b3537bbfbc6.json,Model C (coupled-consistent retune; drivers + GPP from Lei's ED dump; GFED5 target),15,17,b77e29553af06505a26e3b0056bc4953846ee1c6,2026-06-10T23:29:21-04:00,main;coupled-refit-gfed5;modelD-paper-params
C-development:ede6f877a4c3:models/C/params.namerica.k4.json,C-development,optimizer-checkpoint,model-parameters,models/C/params.namerica.k4.json,ede6f877a4c39a01bd8525ec5593b628aa801083,model/other-models/commit-artifacts/by-path/models/C/params.namerica.k4.ede6f877a4c39a01bd8525ec5593b628aa801083.json,Model C (coupled-consistent retune; drivers + GPP from Lei's ED dump; GFED5 target),15,17,b77e29553af06505a26e3b0056bc4953846ee1c6,2026-06-10T23:29:21-04:00,main;coupled-refit-gfed5;modelD-paper-params
C-development:9c51d9f5c7eb:models/C/params.namerica.k5.json,C-development,optimizer-checkpoint,model-parameters,models/C/params.namerica.k5.json,9c51d9f5c7ebffa23f4d1e3926cb2a678169cbbe,model/other-models/commit-artifacts/by-path/models/C/params.namerica.k5.9c51d9f5c7ebffa23f4d1e3926cb2a678169cbbe.json,Model C (coupled-consistent retune; drivers + GPP from Lei's ED dump; GFED5 target),15,17,b77e29553af06505a26e3b0056bc4953846ee1c6,2026-06-10T23:29:21-04:00,main;coupled-refit-gfed5;modelD-paper-params
C-development:936a57347bb9:models/C/params.namerica.k6.json,C-development,optimizer-checkpoint,model-parameters,models/C/params.namerica.k6.json,936a57347bb9276b8bea819a5bc92fe2e6c03582,model/other-models/commit-artifacts/by-path/models/C/params.namerica.k6.936a57347bb9276b8bea819a5bc92fe2e6c03582.json,Model C (coupled-consistent retune; drivers + GPP from Lei's ED dump; GFED5 target),15,17,b77e29553af06505a26e3b0056bc4953846ee1c6,2026-06-10T23:29:21-04:00,main;coupled-refit-gfed5;modelD-paper-params
C-development:b3f96472307f:models/C/params.nsga2.json,C-development,committed-parameter-set,model-parameters,models/C/params.nsga2.json,b3f96472307f86f0cff190afd1252ab86015e18e,model/other-models/commit-artifacts/by-path/models/C/params.nsga2.b3f96472307f86f0cff190afd1252ab86015e18e.json,Model C (coupled-consistent retune; drivers + GPP from Lei's ED dump; GFED5 target),12,13,9d346449731a4cf73f2a0787e0439571fbaf7e2a,2026-06-01T22:14:12-04:00,main;coupled-refit-gfed5;modelD-paper-params
D:b316d75c5c8a:models/C/params.paperD.json,D,committed-parameter-set,model-parameters,models/C/params.paperD.json,b316d75c5c8a6680b1e10284dbbe7f8c90f360ac,model/other-models/commit-artifacts/by-path/models/C/params.paperD.b316d75c5c8a6680b1e10284dbbe7f8c90f360ac.json,Model C (coupled-consistent retune; drivers + GPP from Lei's ED dump; GFED5 target),12,13,3fb01b4a06f1eddc8f9ac0ed73788ab6ee8f57bb,2026-08-18T03:46:27-04:00,coupled-refit-gfed5
D:8e9888300ad7:models/C/params.paperD.k1.json,D,optimizer-checkpoint,model-parameters,models/C/params.paperD.k1.json,8e9888300ad7ad042ed7d7bff5a2fe459e995e72,model/other-models/commit-artifacts/by-path/models/C/params.paperD.k1.8e9888300ad7ad042ed7d7bff5a2fe459e995e72.json,Model C (coupled-consistent retune; drivers + GPP from Lei's ED dump; GFED5 target),12,17,3fb01b4a06f1eddc8f9ac0ed73788ab6ee8f57bb,2026-08-18T03:46:27-04:00,coupled-refit-gfed5
D:9bbe826a8f6c:models/C/params.paperD.k2.json,D,optimizer-checkpoint,model-parameters,models/C/params.paperD.k2.json,9bbe826a8f6ca369d58591e38de66d72396d393a,model/other-models/commit-artifacts/by-path/models/C/params.paperD.k2.9bbe826a8f6ca369d58591e38de66d72396d393a.json,Model C (coupled-consistent retune; drivers + GPP from Lei's ED dump; GFED5 target),12,17,3fb01b4a06f1eddc8f9ac0ed73788ab6ee8f57bb,2026-08-18T03:46:27-04:00,coupled-refit-gfed5
D:e686ec37b3aa:models/C/params.paperD.k3.json,D,optimizer-checkpoint,model-parameters,models/C/params.paperD.k3.json,e686ec37b3aae77f307eaa8c686ca34fe8999ba3,model/other-models/commit-artifacts/by-path/models/C/params.paperD.k3.e686ec37b3aae77f307eaa8c686ca34fe8999ba3.json,Model C (coupled-consistent retune; drivers + GPP from Lei's ED dump; GFED5 target),12,17,3fb01b4a06f1eddc8f9ac0ed73788ab6ee8f57bb,2026-08-18T03:46:27-04:00,coupled-refit-gfed5
D:19cc8a27663f:models/C/params.paperD.k4.json,D,optimizer-checkpoint,model-parameters,models/C/params.paperD.k4.json,19cc8a27663f276550f8b3348bd0be8ccdea2168,model/other-models/commit-artifacts/by-path/models/C/params.paperD.k4.19cc8a27663f276550f8b3348bd0be8ccdea2168.json,Model C (coupled-consistent retune; drivers + GPP from Lei's ED dump; GFED5 target),12,17,3fb01b4a06f1eddc8f9ac0ed73788ab6ee8f57bb,2026-08-18T03:46:27-04:00,coupled-refit-gfed5
D:a211fa68cfcb:models/C/params.paperD.k5.json,D,optimizer-checkpoint,model-parameters,models/C/params.paperD.k5.json,a211fa68cfcb9facac773f81636dc7f68d651d4f,model/other-models/commit-artifacts/by-path/models/C/params.paperD.k5.a211fa68cfcb9facac773f81636dc7f68d651d4f.json,Model C (coupled-consistent retune; drivers + GPP from Lei's ED dump; GFED5 target),12,17,3fb01b4a06f1eddc8f9ac0ed73788ab6ee8f57bb,2026-08-18T03:46:27-04:00,coupled-refit-gfed5
D:1bc1af540300:models/C/params.paperD.k6.json,D,optimizer-checkpoint,model-parameters,models/C/params.paperD.k6.json,1bc1af540300a97278bf9dbf2415b87203926f16,model/other-models/commit-artifacts/by-path/models/C/params.paperD.k6.1bc1af540300a97278bf9dbf2415b87203926f16.json,Model C (coupled-consistent retune; drivers + GPP from Lei's ED dump; GFED5 target),12,17,3fb01b4a06f1eddc8f9ac0ed73788ab6ee8f57bb,2026-08-18T03:46:27-04:00,coupled-refit-gfed5
D:ede9c28087aa:models/C/params.paperD.k7.json,D,optimizer-checkpoint,model-parameters,models/C/params.paperD.k7.json,ede9c28087aa1488c640da1110e0c94ca8d4b646,model/other-models/commit-artifacts/by-path/models/C/params.paperD.k7.ede9c28087aa1488c640da1110e0c94ca8d4b646.json,Model C (coupled-consistent retune; drivers + GPP from Lei's ED dump; GFED5 target),12,17,3fb01b4a06f1eddc8f9ac0ed73788ab6ee8f57bb,2026-08-18T03:46:27-04:00,coupled-refit-gfed5
D:0fe81b0dfffe:models/C/params.paperD.k8.json,D,optimizer-checkpoint,model-parameters,models/C/params.paperD.k8.json,0fe81b0dfffefa254043638b2da37f1e5b9b074c,model/other-models/commit-artifacts/by-path/models/C/params.paperD.k8.0fe81b0dfffefa254043638b2da37f1e5b9b074c.json,Model C (coupled-consistent retune; drivers + GPP from Lei's ED dump; GFED5 target),12,17,3fb01b4a06f1eddc8f9ac0ed73788ab6ee8f57bb,2026-08-18T03:46:27-04:00,coupled-refit-gfed5
C-development:d0cc90eed2b4:models/C/params.samerica.json,C-development,committed-parameter-set,model-parameters,models/C/params.samerica.json,d0cc90eed2b44bcb7fa10833ca7d4f9530d25b21,model/other-models/commit-artifacts/by-path/models/C/params.samerica.d0cc90eed2b44bcb7fa10833ca7d4f9530d25b21.json,Model C (coupled-consistent retune; drivers + GPP from Lei's ED dump; GFED5 target),15,13,9451d1a02dfc9dd582c64e581e8045cfdcf67aa9,2026-06-10T20:57:03-04:00,main;coupled-refit-gfed5;modelD-paper-params
C-development:9a0d29a4d620:models/C/params.samerica.k1.json,C-development,optimizer-checkpoint,model-parameters,models/C/params.samerica.k1.json,9a0d29a4d620c95a1798457751c818cffb8afa96,model/other-models/commit-artifacts/by-path/models/C/params.samerica.k1.9a0d29a4d620c95a1798457751c818cffb8afa96.json,Model C (coupled-consistent retune; drivers + GPP from Lei's ED dump; GFED5 target),15,17,9451d1a02dfc9dd582c64e581e8045cfdcf67aa9,2026-06-10T20:57:03-04:00,main;coupled-refit-gfed5;modelD-paper-params
C-development:ae196b85fa32:models/C/params.samerica.k2.json,C-development,optimizer-checkpoint,model-parameters,models/C/params.samerica.k2.json,ae196b85fa322a7e8d1b12a328b50714e69f49ee,model/other-models/commit-artifacts/by-path/models/C/params.samerica.k2.ae196b85fa322a7e8d1b12a328b50714e69f49ee.json,Model C (coupled-consistent retune; drivers + GPP from Lei's ED dump; GFED5 target),15,17,9451d1a02dfc9dd582c64e581e8045cfdcf67aa9,2026-06-10T20:57:03-04:00,main;coupled-refit-gfed5;modelD-paper-params
C-development:4293665b3880:models/C/params.samerica.k3.json,C-development,optimizer-checkpoint,model-parameters,models/C/params.samerica.k3.json,4293665b3880ef9d46db7192a7443810ec177552,model/other-models/commit-artifacts/by-path/models/C/params.samerica.k3.4293665b3880ef9d46db7192a7443810ec177552.json,Model C (coupled-consistent retune; drivers + GPP from Lei's ED dump; GFED5 target),15,17,9451d1a02dfc9dd582c64e581e8045cfdcf67aa9,2026-06-10T20:57:03-04:00,main;coupled-refit-gfed5;modelD-paper-params
C-development:ba940535b8ce:models/C/params.samericacell.json,C-development,held-out-cells,model-parameters,models/C/params.samericacell.json,ba940535b8ceccfe5c97e505a472d6d5106db36e,model/other-models/commit-artifacts/by-path/models/C/params.samericacell.ba940535b8ceccfe5c97e505a472d6d5106db36e.json,Model C (coupled-consistent retune; drivers + GPP from Lei's ED dump; GFED5 target),15,13,0db07563d93cdb045e5dec86d00d2294d5a50ac5,2026-06-11T16:10:05-04:00,main;coupled-refit-gfed5;modelD-paper-params
C-development:7a615cabddc2:models/C/params.samericaho.json,C-development,committed-parameter-set,model-parameters,models/C/params.samericaho.json,7a615cabddc253f5e8208fe21a1bb448cc5d9b04,model/other-models/commit-artifacts/by-path/models/C/params.samericaho.7a615cabddc253f5e8208fe21a1bb448cc5d9b04.json,Model C (coupled-consistent retune; drivers + GPP from Lei's ED dump; GFED5 target),15,13,cfb4703f8f7d8a7193014b28fc745f7c4efd785a,2026-06-11T13:54:48-04:00,main;coupled-refit-gfed5;modelD-paper-params
C-development:d2eee164039b:models/C/params.samericaseas.json,C-development,committed-parameter-set,model-parameters,models/C/params.samericaseas.json,d2eee164039b52a171a93c71239127e3fdd837e3,model/other-models/commit-artifacts/by-path/models/C/params.samericaseas.d2eee164039b52a171a93c71239127e3fdd837e3.json,Model C (coupled-consistent retune; drivers + GPP from Lei's ED dump; GFED5 target),15,13,d2912cdd633baf26c20abb31e343b861dd93f17b,2026-06-11T03:24:19-04:00,main;coupled-refit-gfed5;modelD-paper-params
C-development:bfd888296b0b:models/C/params.samericaseas.k1.json,C-development,optimizer-checkpoint,model-parameters,models/C/params.samericaseas.k1.json,bfd888296b0be93a80529d1a7b0c9b444f87fda9,model/other-models/commit-artifacts/by-path/models/C/params.samericaseas.k1.bfd888296b0be93a80529d1a7b0c9b444f87fda9.json,Model C (coupled-consistent retune; drivers + GPP from Lei's ED dump; GFED5 target),15,17,d2912cdd633baf26c20abb31e343b861dd93f17b,2026-06-11T03:24:19-04:00,main;coupled-refit-gfed5;modelD-paper-params
C-development:e41ef4050270:models/C/params.samericaseas.k2.json,C-development,optimizer-checkpoint,model-parameters,models/C/params.samericaseas.k2.json,e41ef4050270c545689047013b4b27b626ec31ac,model/other-models/commit-artifacts/by-path/models/C/params.samericaseas.k2.e41ef4050270c545689047013b4b27b626ec31ac.json,Model C (coupled-consistent retune; drivers + GPP from Lei's ED dump; GFED5 target),15,17,d2912cdd633baf26c20abb31e343b861dd93f17b,2026-06-11T03:24:19-04:00,main;coupled-refit-gfed5;modelD-paper-params
C-development:05a8f96d6314:models/C/params.samericaseas.k3.json,C-development,optimizer-checkpoint,model-parameters,models/C/params.samericaseas.k3.json,05a8f96d63148a2bc36ed0631d6cb73879dabc69,model/other-models/commit-artifacts/by-path/models/C/params.samericaseas.k3.05a8f96d63148a2bc36ed0631d6cb73879dabc69.json,Model C (coupled-consistent retune; drivers + GPP from Lei's ED dump; GFED5 target),15,17,d2912cdd633baf26c20abb31e343b861dd93f17b,2026-06-11T03:24:19-04:00,main;coupled-refit-gfed5;modelD-paper-params
C-development:4f0ec20db80a:models/C/params.samericaseas.k4.json,C-development,optimizer-checkpoint,model-parameters,models/C/params.samericaseas.k4.json,4f0ec20db80a99b5f96fa9be3ca8b2419203cb1c,model/other-models/commit-artifacts/by-path/models/C/params.samericaseas.k4.4f0ec20db80a99b5f96fa9be3ca8b2419203cb1c.json,Model C (coupled-consistent retune; drivers + GPP from Lei's ED dump; GFED5 target),15,17,d2912cdd633baf26c20abb31e343b861dd93f17b,2026-06-11T03:24:19-04:00,main;coupled-refit-gfed5;modelD-paper-params
C-development:2f1ef25b218f:models/C/params.samericaseas.k5.json,C-development,optimizer-checkpoint,model-parameters,models/C/params.samericaseas.k5.json,2f1ef25b218f99ad38931f1780fe56ea4a86c091,model/other-models/commit-artifacts/by-path/models/C/params.samericaseas.k5.2f1ef25b218f99ad38931f1780fe56ea4a86c091.json,Model C (coupled-consistent retune; drivers + GPP from Lei's ED dump; GFED5 target),15,17,d2912cdd633baf26c20abb31e343b861dd93f17b,2026-06-11T03:24:19-04:00,main;coupled-refit-gfed5;modelD-paper-params
C-development:f5a3858c4153:models/C/params.samericaseas.k6.json,C-development,optimizer-checkpoint,model-parameters,models/C/params.samericaseas.k6.json,f5a3858c4153dfa5179a443468a555e35c317f5a,model/other-models/commit-artifacts/by-path/models/C/params.samericaseas.k6.f5a3858c4153dfa5179a443468a555e35c317f5a.json,Model C (coupled-consistent retune; drivers + GPP from Lei's ED dump; GFED5 target),15,17,d2912cdd633baf26c20abb31e343b861dd93f17b,2026-06-11T03:24:19-04:00,main;coupled-refit-gfed5;modelD-paper-params
C-development:f9a90976f4bd:models/C/params.samericaseas2.json,C-development,committed-parameter-set,model-parameters,models/C/params.samericaseas2.json,f9a90976f4bd86877b90d7f1d52b494a34df1cd1,model/other-models/commit-artifacts/by-path/models/C/params.samericaseas2.f9a90976f4bd86877b90d7f1d52b494a34df1cd1.json,Model C (coupled-consistent retune; drivers + GPP from Lei's ED dump; GFED5 target),15,13,4b67d28d267064029b33395a14583c75d340fed1,2026-06-11T22:08:52-04:00,main;coupled-refit-gfed5;modelD-paper-params
C-development:0d52e318ff2f:models/C/params.samericaseas2.k1.json,C-development,optimizer-checkpoint,model-parameters,models/C/params.samericaseas2.k1.json,0d52e318ff2f7f281d0e26a105d9199ede8bb9e3,model/other-models/commit-artifacts/by-path/models/C/params.samericaseas2.k1.0d52e318ff2f7f281d0e26a105d9199ede8bb9e3.json,Model C (coupled-consistent retune; drivers + GPP from Lei's ED dump; GFED5 target),15,17,4b67d28d267064029b33395a14583c75d340fed1,2026-06-11T22:08:52-04:00,main;coupled-refit-gfed5;modelD-paper-params
C-development:48cd01faa599:models/C/params.samericaseas2.k2.json,C-development,optimizer-checkpoint,model-parameters,models/C/params.samericaseas2.k2.json,48cd01faa599bfff591533f582f024db36a75376,model/other-models/commit-artifacts/by-path/models/C/params.samericaseas2.k2.48cd01faa599bfff591533f582f024db36a75376.json,Model C (coupled-consistent retune; drivers + GPP from Lei's ED dump; GFED5 target),15,17,4b67d28d267064029b33395a14583c75d340fed1,2026-06-11T22:08:52-04:00,main;coupled-refit-gfed5;modelD-paper-params
C-development:a1ffa66895d0:models/C/params.samericaseas2.k3.json,C-development,optimizer-checkpoint,model-parameters,models/C/params.samericaseas2.k3.json,a1ffa66895d0ee2ef5122fa855c2634a5f123da5,model/other-models/commit-artifacts/by-path/models/C/params.samericaseas2.k3.a1ffa66895d0ee2ef5122fa855c2634a5f123da5.json,Model C (coupled-consistent retune; drivers + GPP from Lei's ED dump; GFED5 target),15,17,4b67d28d267064029b33395a14583c75d340fed1,2026-06-11T22:08:52-04:00,main;coupled-refit-gfed5;modelD-paper-params
C-development:322911a5ffe1:models/C/params.samericaseas2.k4.json,C-development,optimizer-checkpoint,model-parameters,models/C/params.samericaseas2.k4.json,322911a5ffe1939f13470a2a51c2f336d1a5e49a,model/other-models/commit-artifacts/by-path/models/C/params.samericaseas2.k4.322911a5ffe1939f13470a2a51c2f336d1a5e49a.json,Model C (coupled-consistent retune; drivers + GPP from Lei's ED dump; GFED5 target),15,17,4b67d28d267064029b33395a14583c75d340fed1,2026-06-11T22:08:52-04:00,main;coupled-refit-gfed5;modelD-paper-params
C-development:907ee39761f9:models/C/params.samericaseas2.k5.json,C-development,optimizer-checkpoint,model-parameters,models/C/params.samericaseas2.k5.json,907ee39761f986dc76fe813ceefb65cf0abfdb63,model/other-models/commit-artifacts/by-path/models/C/params.samericaseas2.k5.907ee39761f986dc76fe813ceefb65cf0abfdb63.json,Model C (coupled-consistent retune; drivers + GPP from Lei's ED dump; GFED5 target),15,17,4b67d28d267064029b33395a14583c75d340fed1,2026-06-11T22:08:52-04:00,main;coupled-refit-gfed5;modelD-paper-params
C-development:5040f0e476d4:models/C/params.samericaseas2.k6.json,C-development,optimizer-checkpoint,model-parameters,models/C/params.samericaseas2.k6.json,5040f0e476d47a326fe7d00fae2172b8758c64bb,model/other-models/commit-artifacts/by-path/models/C/params.samericaseas2.k6.5040f0e476d47a326fe7d00fae2172b8758c64bb.json,Model C (coupled-consistent retune; drivers + GPP from Lei's ED dump; GFED5 target),15,17,4b67d28d267064029b33395a14583c75d340fed1,2026-06-11T22:08:52-04:00,main;coupled-refit-gfed5;modelD-paper-params
C-development:15fb18d4c324:models/C/params.seasia.json,C-development,committed-parameter-set,model-parameters,models/C/params.seasia.json,15fb18d4c324ba3ed02d584d03f8cf7e3c7173d6,model/other-models/commit-artifacts/by-path/models/C/params.seasia.15fb18d4c324ba3ed02d584d03f8cf7e3c7173d6.json,Model C (coupled-consistent retune; drivers + GPP from Lei's ED dump; GFED5 target),15,13,b77e29553af06505a26e3b0056bc4953846ee1c6,2026-06-10T23:29:21-04:00,main;coupled-refit-gfed5;modelD-paper-params
C-development:96e3b8ebd674:models/C/params.seasia.k1.json,C-development,optimizer-checkpoint,model-parameters,models/C/params.seasia.k1.json,96e3b8ebd674d6af6e2ab4f1803a467616a8aa24,model/other-models/commit-artifacts/by-path/models/C/params.seasia.k1.96e3b8ebd674d6af6e2ab4f1803a467616a8aa24.json,Model C (coupled-consistent retune; drivers + GPP from Lei's ED dump; GFED5 target),15,17,b77e29553af06505a26e3b0056bc4953846ee1c6,2026-06-10T23:29:21-04:00,main;coupled-refit-gfed5;modelD-paper-params
C-development:1677b4acd2b4:models/C/params.seasia.k2.json,C-development,optimizer-checkpoint,model-parameters,models/C/params.seasia.k2.json,1677b4acd2b4443f8863bbc47c73aa28af233a68,model/other-models/commit-artifacts/by-path/models/C/params.seasia.k2.1677b4acd2b4443f8863bbc47c73aa28af233a68.json,Model C (coupled-consistent retune; drivers + GPP from Lei's ED dump; GFED5 target),15,17,b77e29553af06505a26e3b0056bc4953846ee1c6,2026-06-10T23:29:21-04:00,main;coupled-refit-gfed5;modelD-paper-params
C-development:d073cadd77bd:models/C/params.seasia.k3.json,C-development,optimizer-checkpoint,model-parameters,models/C/params.seasia.k3.json,d073cadd77bdd4b6c6852bca2dba8582f754993f,model/other-models/commit-artifacts/by-path/models/C/params.seasia.k3.d073cadd77bdd4b6c6852bca2dba8582f754993f.json,Model C (coupled-consistent retune; drivers + GPP from Lei's ED dump; GFED5 target),15,17,b77e29553af06505a26e3b0056bc4953846ee1c6,2026-06-10T23:29:21-04:00,main;coupled-refit-gfed5;modelD-paper-params
C-development:c543713f67d6:models/C/params.seasia.k4.json,C-development,optimizer-checkpoint,model-parameters,models/C/params.seasia.k4.json,c543713f67d66b21f1ee0db27777659540bbb85e,model/other-models/commit-artifacts/by-path/models/C/params.seasia.k4.c543713f67d66b21f1ee0db27777659540bbb85e.json,Model C (coupled-consistent retune; drivers + GPP from Lei's ED dump; GFED5 target),15,17,b77e29553af06505a26e3b0056bc4953846ee1c6,2026-06-10T23:29:21-04:00,main;coupled-refit-gfed5;modelD-paper-params
C-development:3ebef5b1ae67:models/C/params.seasia.k5.json,C-development,optimizer-checkpoint,model-parameters,models/C/params.seasia.k5.json,3ebef5b1ae671b1d83253b6300b6dad52c3db939,model/other-models/commit-artifacts/by-path/models/C/params.seasia.k5.3ebef5b1ae671b1d83253b6300b6dad52c3db939.json,Model C (coupled-consistent retune; drivers + GPP from Lei's ED dump; GFED5 target),15,17,b77e29553af06505a26e3b0056bc4953846ee1c6,2026-06-10T23:29:21-04:00,main;coupled-refit-gfed5;modelD-paper-params
C-development:e488043554ef:models/C/params.seasia.k6.json,C-development,optimizer-checkpoint,model-parameters,models/C/params.seasia.k6.json,e488043554ef6add63b65bc698067c0b0c461b80,model/other-models/commit-artifacts/by-path/models/C/params.seasia.k6.e488043554ef6add63b65bc698067c0b0c461b80.json,Model C (coupled-consistent retune; drivers + GPP from Lei's ED dump; GFED5 target),15,17,b77e29553af06505a26e3b0056bc4953846ee1c6,2026-06-10T23:29:21-04:00,main;coupled-refit-gfed5;modelD-paper-params
C-development:6965fc317ca2:models/C/params.seasiacell.json,C-development,held-out-cells,model-parameters,models/C/params.seasiacell.json,6965fc317ca26293f9768affe4f0e810706466c7,model/other-models/commit-artifacts/by-path/models/C/params.seasiacell.6965fc317ca26293f9768affe4f0e810706466c7.json,Model C (coupled-consistent retune; drivers + GPP from Lei's ED dump; GFED5 target),15,13,0db07563d93cdb045e5dec86d00d2294d5a50ac5,2026-06-11T16:10:05-04:00,main;coupled-refit-gfed5;modelD-paper-params
C-development:39cb27efaef7:models/C/params.seasiaho.json,C-development,committed-parameter-set,model-parameters,models/C/params.seasiaho.json,39cb27efaef73501ec842003dd223195a50c511d,model/other-models/commit-artifacts/by-path/models/C/params.seasiaho.39cb27efaef73501ec842003dd223195a50c511d.json,Model C (coupled-consistent retune; drivers + GPP from Lei's ED dump; GFED5 target),15,13,cfb4703f8f7d8a7193014b28fc745f7c4efd785a,2026-06-11T13:54:48-04:00,main;coupled-refit-gfed5;modelD-paper-params
C-development:c436546be98d:models/C/params.seasiaseas.json,C-development,committed-parameter-set,model-parameters,models/C/params.seasiaseas.json,c436546be98d3eb6b336454b4918ccbffeb8d654,model/other-models/commit-artifacts/by-path/models/C/params.seasiaseas.c436546be98d3eb6b336454b4918ccbffeb8d654.json,Model C (coupled-consistent retune; drivers + GPP from Lei's ED dump; GFED5 target),15,13,d2912cdd633baf26c20abb31e343b861dd93f17b,2026-06-11T03:24:19-04:00,main;coupled-refit-gfed5;modelD-paper-params
C-development:a8202eb37e46:models/C/params.seasiaseas.k1.json,C-development,optimizer-checkpoint,model-parameters,models/C/params.seasiaseas.k1.json,a8202eb37e461ae9bb8cf1c581285db485b9009c,model/other-models/commit-artifacts/by-path/models/C/params.seasiaseas.k1.a8202eb37e461ae9bb8cf1c581285db485b9009c.json,Model C (coupled-consistent retune; drivers + GPP from Lei's ED dump; GFED5 target),15,17,d2912cdd633baf26c20abb31e343b861dd93f17b,2026-06-11T03:24:19-04:00,main;coupled-refit-gfed5;modelD-paper-params
C-development:ea99192903dc:models/C/params.seasiaseas.k2.json,C-development,optimizer-checkpoint,model-parameters,models/C/params.seasiaseas.k2.json,ea99192903dc99b53d73c7055dd56998cc3f4a8b,model/other-models/commit-artifacts/by-path/models/C/params.seasiaseas.k2.ea99192903dc99b53d73c7055dd56998cc3f4a8b.json,Model C (coupled-consistent retune; drivers + GPP from Lei's ED dump; GFED5 target),15,17,d2912cdd633baf26c20abb31e343b861dd93f17b,2026-06-11T03:24:19-04:00,main;coupled-refit-gfed5;modelD-paper-params
C-development:2444c8543787:models/C/params.seasonal.json,C-development,committed-parameter-set,model-parameters,models/C/params.seasonal.json,2444c854378711f9b1ec6b02e488b859b4c015f8,model/other-models/commit-artifacts/by-path/models/C/params.seasonal.2444c854378711f9b1ec6b02e488b859b4c015f8.json,Model C (coupled-consistent retune; drivers + GPP from Lei's ED dump; GFED5 target),14,13,7a32928884b6225fa6275ccb4a77b3c09f7928df,2026-06-09T13:02:08-04:00,main;coupled-refit-gfed5;modelD-paper-params
C-development:aeef7afcfec6:models/C/params.seasonal.k1.json,C-development,optimizer-checkpoint,model-parameters,models/C/params.seasonal.k1.json,aeef7afcfec6065149c2145ee92a0914ac251c99,model/other-models/commit-artifacts/by-path/models/C/params.seasonal.k1.aeef7afcfec6065149c2145ee92a0914ac251c99.json,Model C (coupled-consistent retune; drivers + GPP from Lei's ED dump; GFED5 target),14,17,7a32928884b6225fa6275ccb4a77b3c09f7928df,2026-06-09T13:02:08-04:00,main;coupled-refit-gfed5;modelD-paper-params
C-development:117588742017:models/C/params.seasonal.k2.json,C-development,optimizer-checkpoint,model-parameters,models/C/params.seasonal.k2.json,117588742017b86d775df521c7eb1a14b7a7cafb,model/other-models/commit-artifacts/by-path/models/C/params.seasonal.k2.117588742017b86d775df521c7eb1a14b7a7cafb.json,Model C (coupled-consistent retune; drivers + GPP from Lei's ED dump; GFED5 target),14,17,7a32928884b6225fa6275ccb4a77b3c09f7928df,2026-06-09T13:02:08-04:00,main;coupled-refit-gfed5;modelD-paper-params
C-development:c9402d15be36:models/C/params.seasonal.k3.json,C-development,optimizer-checkpoint,model-parameters,models/C/params.seasonal.k3.json,c9402d15be3665195eb454b284a685b94c880ab6,model/other-models/commit-artifacts/by-path/models/C/params.seasonal.k3.c9402d15be3665195eb454b284a685b94c880ab6.json,Model C (coupled-consistent retune; drivers + GPP from Lei's ED dump; GFED5 target),14,17,7a32928884b6225fa6275ccb4a77b3c09f7928df,2026-06-09T13:02:08-04:00,main;coupled-refit-gfed5;modelD-paper-params
C-development:ae62b0a30aa8:models/C/params.seasonal.k4.json,C-development,optimizer-checkpoint,model-parameters,models/C/params.seasonal.k4.json,ae62b0a30aa8a59a1de31a58b2b28fb6641e3444,model/other-models/commit-artifacts/by-path/models/C/params.seasonal.k4.ae62b0a30aa8a59a1de31a58b2b28fb6641e3444.json,Model C (coupled-consistent retune; drivers + GPP from Lei's ED dump; GFED5 target),14,17,7a32928884b6225fa6275ccb4a77b3c09f7928df,2026-06-09T13:02:08-04:00,main;coupled-refit-gfed5;modelD-paper-params
C-development:7868ee1a041b:models/C/params.seasonal.k5.json,C-development,optimizer-checkpoint,model-parameters,models/C/params.seasonal.k5.json,7868ee1a041b2100c70c3572dc58e0ab3d172208,model/other-models/commit-artifacts/by-path/models/C/params.seasonal.k5.7868ee1a041b2100c70c3572dc58e0ab3d172208.json,Model C (coupled-consistent retune; drivers + GPP from Lei's ED dump; GFED5 target),14,17,7a32928884b6225fa6275ccb4a77b3c09f7928df,2026-06-09T13:02:08-04:00,main;coupled-refit-gfed5;modelD-paper-params
C-development:2c5058b7821d:models/C/params.seasonal.k6.json,C-development,optimizer-checkpoint,model-parameters,models/C/params.seasonal.k6.json,2c5058b7821d39497a06823e8a277f30fd1cdc6d,model/other-models/commit-artifacts/by-path/models/C/params.seasonal.k6.2c5058b7821d39497a06823e8a277f30fd1cdc6d.json,Model C (coupled-consistent retune; drivers + GPP from Lei's ED dump; GFED5 target),14,17,7a32928884b6225fa6275ccb4a77b3c09f7928df,2026-06-09T13:02:08-04:00,main;coupled-refit-gfed5;modelD-paper-params
C-development:113cf65ec861:models/C/params.spatial.json,C-development,committed-parameter-set,model-parameters,models/C/params.spatial.json,113cf65ec8615514b84925121ab9b547097d0ca2,model/other-models/commit-artifacts/by-path/models/C/params.spatial.113cf65ec8615514b84925121ab9b547097d0ca2.json,Model C (coupled-consistent retune; drivers + GPP from Lei's ED dump; GFED5 target),15,13,8b92c1a88c1756a7d33193bcc1380d3da102df38,2026-06-10T18:34:50-04:00,main;coupled-refit-gfed5;modelD-paper-params
C-development:3e1eb534bc76:models/C/params.spatial.k1.json,C-development,optimizer-checkpoint,model-parameters,models/C/params.spatial.k1.json,3e1eb534bc76555cfe1cb2aec38efcd2e8ab3c0a,model/other-models/commit-artifacts/by-path/models/C/params.spatial.k1.3e1eb534bc76555cfe1cb2aec38efcd2e8ab3c0a.json,Model C (coupled-consistent retune; drivers + GPP from Lei's ED dump; GFED5 target),15,17,8b92c1a88c1756a7d33193bcc1380d3da102df38,2026-06-10T18:34:50-04:00,main;coupled-refit-gfed5;modelD-paper-params
C-development:69b740f83c9a:models/C/params.spatial.k2.json,C-development,optimizer-checkpoint,model-parameters,models/C/params.spatial.k2.json,69b740f83c9a74636f8d0e86075101e40daf8cb0,model/other-models/commit-artifacts/by-path/models/C/params.spatial.k2.69b740f83c9a74636f8d0e86075101e40daf8cb0.json,Model C (coupled-consistent retune; drivers + GPP from Lei's ED dump; GFED5 target),15,17,8b92c1a88c1756a7d33193bcc1380d3da102df38,2026-06-10T18:34:50-04:00,main;coupled-refit-gfed5;modelD-paper-params
C-development:9c7f47848dc6:models/C/params.spatial.k3.json,C-development,optimizer-checkpoint,model-parameters,models/C/params.spatial.k3.json,9c7f47848dc6e7fe82ad92c45ef97cc9a9a2e9e5,model/other-models/commit-artifacts/by-path/models/C/params.spatial.k3.9c7f47848dc6e7fe82ad92c45ef97cc9a9a2e9e5.json,Model C (coupled-consistent retune; drivers + GPP from Lei's ED dump; GFED5 target),15,17,8b92c1a88c1756a7d33193bcc1380d3da102df38,2026-06-10T18:34:50-04:00,main;coupled-refit-gfed5;modelD-paper-params
C-development:0f1c038d74a6:models/C/params.spatial.k4.json,C-development,optimizer-checkpoint,model-parameters,models/C/params.spatial.k4.json,0f1c038d74a6b19af13bb5e20084894a7a679d8b,model/other-models/commit-artifacts/by-path/models/C/params.spatial.k4.0f1c038d74a6b19af13bb5e20084894a7a679d8b.json,Model C (coupled-consistent retune; drivers + GPP from Lei's ED dump; GFED5 target),15,17,8b92c1a88c1756a7d33193bcc1380d3da102df38,2026-06-10T18:34:50-04:00,main;coupled-refit-gfed5;modelD-paper-params
C-development:6f1951db457e:models/C/params.spatial.k5.json,C-development,optimizer-checkpoint,model-parameters,models/C/params.spatial.k5.json,6f1951db457e6dae7d0da23e42ba1942d6b2a5f6,model/other-models/commit-artifacts/by-path/models/C/params.spatial.k5.6f1951db457e6dae7d0da23e42ba1942d6b2a5f6.json,Model C (coupled-consistent retune; drivers + GPP from Lei's ED dump; GFED5 target),15,17,8b92c1a88c1756a7d33193bcc1380d3da102df38,2026-06-10T18:34:50-04:00,main;coupled-refit-gfed5;modelD-paper-params
C-development:76268fd2f628:models/C/params.spatial.k6.json,C-development,optimizer-checkpoint,model-parameters,models/C/params.spatial.k6.json,76268fd2f62821eb66b060f189adae22dbb5edd8,model/other-models/commit-artifacts/by-path/models/C/params.spatial.k6.76268fd2f62821eb66b060f189adae22dbb5edd8.json,Model C (coupled-consistent retune; drivers + GPP from Lei's ED dump; GFED5 target),15,17,8b92c1a88c1756a7d33193bcc1380d3da102df38,2026-06-10T18:34:50-04:00,main;coupled-refit-gfed5;modelD-paper-params
C-development:8bf62256bbd7:models/C/params.tropfix.json,C-development,committed-parameter-set,model-parameters,models/C/params.tropfix.json,8bf62256bbd720e0e532abdb6d8c00ebe07f438c,model/other-models/commit-artifacts/by-path/models/C/params.tropfix.8bf62256bbd720e0e532abdb6d8c00ebe07f438c.json,Model C (coupled-consistent retune; drivers + GPP from Lei's ED dump; GFED5 target),14,13,39adac4276307a4a8d499350e5fd324d633eeec1,2026-06-08T11:46:52-04:00,main;coupled-refit-gfed5;modelD-paper-params
C-development:209051545cde:models/C/params.tropfix2.json,C-development,committed-parameter-set,model-parameters,models/C/params.tropfix2.json,209051545cde6127dc7d503caff8a9bfe91ba132,model/other-models/commit-artifacts/by-path/models/C/params.tropfix2.209051545cde6127dc7d503caff8a9bfe91ba132.json,Model C (coupled-consistent retune; drivers + GPP from Lei's ED dump; GFED5 target),14,13,7eee8b1cea3d8f317b80c7f62c5d76842702470f,2026-06-08T17:25:24-04:00,main;coupled-refit-gfed5;modelD-paper-params
C-development:d439bca030ac:models/C/params.tropfix2.k1.json,C-development,optimizer-checkpoint,model-parameters,models/C/params.tropfix2.k1.json,d439bca030ac6fe5879d69262347e4c6b63d04a7,model/other-models/commit-artifacts/by-path/models/C/params.tropfix2.k1.d439bca030ac6fe5879d69262347e4c6b63d04a7.json,Model C (coupled-consistent retune; drivers + GPP from Lei's ED dump; GFED5 target),14,17,7eee8b1cea3d8f317b80c7f62c5d76842702470f,2026-06-08T17:25:24-04:00,main;coupled-refit-gfed5;modelD-paper-params
C-development:58b1acdb95cd:models/C/params.tropfix2.k2.json,C-development,optimizer-checkpoint,model-parameters,models/C/params.tropfix2.k2.json,58b1acdb95cd2fc4a743a6d752379ea81a83ba77,model/other-models/commit-artifacts/by-path/models/C/params.tropfix2.k2.58b1acdb95cd2fc4a743a6d752379ea81a83ba77.json,Model C (coupled-consistent retune; drivers + GPP from Lei's ED dump; GFED5 target),14,17,7eee8b1cea3d8f317b80c7f62c5d76842702470f,2026-06-08T17:25:24-04:00,main;coupled-refit-gfed5;modelD-paper-params
C-development:6cff7b1d6aaa:models/C/params.tropfix2.k3.json,C-development,optimizer-checkpoint,model-parameters,models/C/params.tropfix2.k3.json,6cff7b1d6aaab43f9b8bdfd7b56be6ccd6b0e402,model/other-models/commit-artifacts/by-path/models/C/params.tropfix2.k3.6cff7b1d6aaab43f9b8bdfd7b56be6ccd6b0e402.json,Model C (coupled-consistent retune; drivers + GPP from Lei's ED dump; GFED5 target),14,17,7eee8b1cea3d8f317b80c7f62c5d76842702470f,2026-06-08T17:25:24-04:00,main;coupled-refit-gfed5;modelD-paper-params
C-development:7d1aa6f7f5ef:models/C/params.tropfix2.k4.json,C-development,optimizer-checkpoint,model-parameters,models/C/params.tropfix2.k4.json,7d1aa6f7f5ef13e1022f1eb2d1145f64b35d6929,model/other-models/commit-artifacts/by-path/models/C/params.tropfix2.k4.7d1aa6f7f5ef13e1022f1eb2d1145f64b35d6929.json,Model C (coupled-consistent retune; drivers + GPP from Lei's ED dump; GFED5 target),14,17,7eee8b1cea3d8f317b80c7f62c5d76842702470f,2026-06-08T17:25:24-04:00,main;coupled-refit-gfed5;modelD-paper-params
C-development:2b5e6d735028:models/C/params.tropfix2.k5.json,C-development,optimizer-checkpoint,model-parameters,models/C/params.tropfix2.k5.json,2b5e6d7350288ffba9930b95cc851cf11f42f272,model/other-models/commit-artifacts/by-path/models/C/params.tropfix2.k5.2b5e6d7350288ffba9930b95cc851cf11f42f272.json,Model C (coupled-consistent retune; drivers + GPP from Lei's ED dump; GFED5 target),14,17,7eee8b1cea3d8f317b80c7f62c5d76842702470f,2026-06-08T17:25:24-04:00,main;coupled-refit-gfed5;modelD-paper-params
C-development:9b0229d3f7cd:models/C/params.tropfix2.k6.json,C-development,optimizer-checkpoint,model-parameters,models/C/params.tropfix2.k6.json,9b0229d3f7cdafac2d15df844fb6a07e735abdb2,model/other-models/commit-artifacts/by-path/models/C/params.tropfix2.k6.9b0229d3f7cdafac2d15df844fb6a07e735abdb2.json,Model C (coupled-consistent retune; drivers + GPP from Lei's ED dump; GFED5 target),14,17,7eee8b1cea3d8f317b80c7f62c5d76842702470f,2026-06-08T17:25:24-04:00,main;coupled-refit-gfed5;modelD-paper-params
C-development:7cf3035a64ca:models/C/params.tropfix2.k7.json,C-development,optimizer-checkpoint,model-parameters,models/C/params.tropfix2.k7.json,7cf3035a64cadc5a5120bcfd3a65607713dd90e9,model/other-models/commit-artifacts/by-path/models/C/params.tropfix2.k7.7cf3035a64cadc5a5120bcfd3a65607713dd90e9.json,Model C (coupled-consistent retune; drivers + GPP from Lei's ED dump; GFED5 target),14,17,7eee8b1cea3d8f317b80c7f62c5d76842702470f,2026-06-08T17:25:24-04:00,main;coupled-refit-gfed5;modelD-paper-params
C-development:3da0f3e2a8a5:models/C/params.tropfix2.k8.json,C-development,optimizer-checkpoint,model-parameters,models/C/params.tropfix2.k8.json,3da0f3e2a8a52eba0c14b7af22566a688c0d5708,model/other-models/commit-artifacts/by-path/models/C/params.tropfix2.k8.3da0f3e2a8a52eba0c14b7af22566a688c0d5708.json,Model C (coupled-consistent retune; drivers + GPP from Lei's ED dump; GFED5 target),14,17,7eee8b1cea3d8f317b80c7f62c5d76842702470f,2026-06-08T17:25:24-04:00,main;coupled-refit-gfed5;modelD-paper-params
C-development:441b4bb0eae5:models/C/refit_lei_full_summary.json,C-development,optimizer-summary,optimization-evidence,models/C/refit_lei_full_summary.json,441b4bb0eae5a6adee7dccf124b727c91ef60853,model/other-models/commit-artifacts/by-path/models/C/refit_lei_full_summary.441b4bb0eae5a6adee7dccf124b727c91ef60853.json,,12,11,9d346449731a4cf73f2a0787e0439571fbaf7e2a,2026-06-01T22:14:12-04:00,main;coupled-refit-gfed5;modelD-paper-params
C-development:c77e459f5d53:models/C/refit_lei_magaware-annual_summary.json,C-development,optimizer-summary,optimization-evidence,models/C/refit_lei_magaware-annual_summary.json,c77e459f5d533d053eed1ab326fca8d52f6ca335,model/other-models/commit-artifacts/by-path/models/C/refit_lei_magaware-annual_summary.c77e459f5d533d053eed1ab326fca8d52f6ca335.json,,12,13,9d346449731a4cf73f2a0787e0439571fbaf7e2a,2026-06-01T22:14:12-04:00,main;coupled-refit-gfed5;modelD-paper-params
C-development:3855db47a2b7:models/C/refit_lei_magaware-monthly_summary.json,C-development,optimizer-summary,optimization-evidence,models/C/refit_lei_magaware-monthly_summary.json,3855db47a2b7ab0eeaa1aeb4b59e176f2c26abca,model/other-models/commit-artifacts/by-path/models/C/refit_lei_magaware-monthly_summary.3855db47a2b7ab0eeaa1aeb4b59e176f2c26abca.json,,12,13,9d346449731a4cf73f2a0787e0439571fbaf7e2a,2026-06-01T22:14:12-04:00,main;coupled-refit-gfed5;modelD-paper-params
C-development:521e511b20fb:models/C/refit_lei_summary.json,C-development,optimizer-summary,optimization-evidence,models/C/refit_lei_summary.json,521e511b20fbde9431aed4dea2bd580b3fb08d8c,model/other-models/commit-artifacts/by-path/models/C/refit_lei_summary.521e511b20fbde9431aed4dea2bd580b3fb08d8c.json,,4,10,9d346449731a4cf73f2a0787e0439571fbaf7e2a,2026-06-01T22:14:12-04:00,main;coupled-refit-gfed5;modelD-paper-params
G:d649670ac580:models/C/topk.G_Africa.json,G,ranked-candidates,optimization-evidence,models/C/topk.G_Africa.json,d649670ac5805224a2532d7651f4e63f812d2e17,model/other-models/commit-artifacts/by-path/models/C/topk.G_Africa.d649670ac5805224a2532d7651f4e63f812d2e17.json,,,5,aa3f8ff447cb109eceadbcf57f9932e29071f120,2026-08-06T01:33:40-04:00,coupled-refit-gfed5
G:75b4a4976f77:models/C/topk.G_Australia.json,G,ranked-candidates,optimization-evidence,models/C/topk.G_Australia.json,75b4a4976f775b3f78de23b94aac7381b823cfd5,model/other-models/commit-artifacts/by-path/models/C/topk.G_Australia.75b4a4976f775b3f78de23b94aac7381b823cfd5.json,,,5,3fb01b4a06f1eddc8f9ac0ed73788ab6ee8f57bb,2026-08-18T03:46:27-04:00,coupled-refit-gfed5
G:326139b6571f:models/C/topk.G_Boreal.json,G,ranked-candidates,optimization-evidence,models/C/topk.G_Boreal.json,326139b6571fc68c1e71f9f62a7cb24ca811f00a,model/other-models/commit-artifacts/by-path/models/C/topk.G_Boreal.326139b6571fc68c1e71f9f62a7cb24ca811f00a.json,,,5,aa3f8ff447cb109eceadbcf57f9932e29071f120,2026-08-06T01:33:40-04:00,coupled-refit-gfed5
G:f4677707374a:models/C/topk.G_Europe.json,G,ranked-candidates,optimization-evidence,models/C/topk.G_Europe.json,f4677707374a088990add906c249a418ea791a76,model/other-models/commit-artifacts/by-path/models/C/topk.G_Europe.f4677707374a088990add906c249a418ea791a76.json,,,5,aa3f8ff447cb109eceadbcf57f9932e29071f120,2026-08-06T01:33:40-04:00,coupled-refit-gfed5
G:40496dded82f:models/C/topk.G_NAmerica.json,G,ranked-candidates,optimization-evidence,models/C/topk.G_NAmerica.json,40496dded82f0985225904caf2efd0585579f617,model/other-models/commit-artifacts/by-path/models/C/topk.G_NAmerica.40496dded82f0985225904caf2efd0585579f617.json,,,4,3fb01b4a06f1eddc8f9ac0ed73788ab6ee8f57bb,2026-08-18T03:46:27-04:00,coupled-refit-gfed5
G:ce6d8af7d9e8:models/C/topk.G_SAmerica.json,G,ranked-candidates,optimization-evidence,models/C/topk.G_SAmerica.json,ce6d8af7d9e837044fc42601c1e793b851ecc7ec,model/other-models/commit-artifacts/by-path/models/C/topk.G_SAmerica.ce6d8af7d9e837044fc42601c1e793b851ecc7ec.json,,,4,aa3f8ff447cb109eceadbcf57f9932e29071f120,2026-08-06T01:33:40-04:00,coupled-refit-gfed5
G:fd1c079f314d:models/C/topk.G_SEAsia.json,G,ranked-candidates,optimization-evidence,models/C/topk.G_SEAsia.json,fd1c079f314d70844dea23aee31e308bfb28e7c5,model/other-models/commit-artifacts/by-path/models/C/topk.G_SEAsia.fd1c079f314d70844dea23aee31e308bfb28e7c5.json,,,3,aa3f8ff447cb109eceadbcf57f9932e29071f120,2026-08-06T01:33:40-04:00,coupled-refit-gfed5
I:2365e2be1578:models/C/topk.Gtrop_Africa.json,I,ranked-candidates,optimization-evidence,models/C/topk.Gtrop_Africa.json,2365e2be1578c0554ca368da3d36a996711f78d9,model/other-models/commit-artifacts/by-path/models/C/topk.Gtrop_Africa.2365e2be1578c0554ca368da3d36a996711f78d9.json,,,5,3fb01b4a06f1eddc8f9ac0ed73788ab6ee8f57bb,2026-08-18T03:46:27-04:00,coupled-refit-gfed5
I:f84523b60690:models/C/topk.Gtrop_Australia.json,I,ranked-candidates,optimization-evidence,models/C/topk.Gtrop_Australia.json,f84523b60690850c9f62b7f59cf25d33cd18bc2e,model/other-models/commit-artifacts/by-path/models/C/topk.Gtrop_Australia.f84523b60690850c9f62b7f59cf25d33cd18bc2e.json,,,5,3fb01b4a06f1eddc8f9ac0ed73788ab6ee8f57bb,2026-08-18T03:46:27-04:00,coupled-refit-gfed5
I:25b65194c695:models/C/topk.Gtrop_Boreal.json,I,ranked-candidates,optimization-evidence,models/C/topk.Gtrop_Boreal.json,25b65194c6958948ef9eb520893ab20ad0891228,model/other-models/commit-artifacts/by-path/models/C/topk.Gtrop_Boreal.25b65194c6958948ef9eb520893ab20ad0891228.json,,,5,3fb01b4a06f1eddc8f9ac0ed73788ab6ee8f57bb,2026-08-18T03:46:27-04:00,coupled-refit-gfed5
I:bc350a1b1e5c:models/C/topk.Gtrop_Europe.json,I,ranked-candidates,optimization-evidence,models/C/topk.Gtrop_Europe.json,bc350a1b1e5c51e434dc9458366864c5f257faae,model/other-models/commit-artifacts/by-path/models/C/topk.Gtrop_Europe.bc350a1b1e5c51e434dc9458366864c5f257faae.json,,,4,3fb01b4a06f1eddc8f9ac0ed73788ab6ee8f57bb,2026-08-18T03:46:27-04:00,coupled-refit-gfed5
I:f18726f6e4d2:models/C/topk.Gtrop_NAmerica.json,I,ranked-candidates,optimization-evidence,models/C/topk.Gtrop_NAmerica.json,f18726f6e4d2a4c8cdf58b4fe451b79a4062c331,model/other-models/commit-artifacts/by-path/models/C/topk.Gtrop_NAmerica.f18726f6e4d2a4c8cdf58b4fe451b79a4062c331.json,,,5,3fb01b4a06f1eddc8f9ac0ed73788ab6ee8f57bb,2026-08-18T03:46:27-04:00,coupled-refit-gfed5
I:212b0f85bd60:models/C/topk.Gtrop_SAmerica.json,I,ranked-candidates,optimization-evidence,models/C/topk.Gtrop_SAmerica.json,212b0f85bd604fb63a50ca5c00c15aa418974982,model/other-models/commit-artifacts/by-path/models/C/topk.Gtrop_SAmerica.212b0f85bd604fb63a50ca5c00c15aa418974982.json,,,5,3fb01b4a06f1eddc8f9ac0ed73788ab6ee8f57bb,2026-08-18T03:46:27-04:00,coupled-refit-gfed5
I:bb26c7527230:models/C/topk.Gtrop_SEAsia.json,I,ranked-candidates,optimization-evidence,models/C/topk.Gtrop_SEAsia.json,bb26c7527230b66eb36f1ed5c9f30442a7a55164,model/other-models/commit-artifacts/by-path/models/C/topk.Gtrop_SEAsia.bb26c7527230b66eb36f1ed5c9f30442a7a55164.json,,,5,3fb01b4a06f1eddc8f9ac0ed73788ab6ee8f57bb,2026-08-18T03:46:27-04:00,coupled-refit-gfed5
H:d16edd0bd7b4:models/C/topk.H.json,H,ranked-candidates,optimization-evidence,models/C/topk.H.json,d16edd0bd7b41691fa971fc313fb2c09f5f6ca1f,model/other-models/commit-artifacts/by-path/models/C/topk.H.d16edd0bd7b41691fa971fc313fb2c09f5f6ca1f.json,,,5,d2403d4477076187d97b4870a580e8764041710a,2026-08-06T03:30:34-04:00,coupled-refit-gfed5
C-development:4a49fbefef10:models/C/topk.africa.json,C-development,ranked-candidates,optimization-evidence,models/C/topk.africa.json,4a49fbefef10054d97ac341fe949c3b9696570ba,model/other-models/commit-artifacts/by-path/models/C/topk.africa.4a49fbefef10054d97ac341fe949c3b9696570ba.json,,,4,9451d1a02dfc9dd582c64e581e8045cfdcf67aa9,2026-06-10T20:57:03-04:00,main;coupled-refit-gfed5;modelD-paper-params
C-development:1ae5216cb2cc:models/C/topk.africafuel.json,C-development,ranked-candidates,optimization-evidence,models/C/topk.africafuel.json,1ae5216cb2cca61d8ec961d0450539e3355b02ea,model/other-models/commit-artifacts/by-path/models/C/topk.africafuel.1ae5216cb2cca61d8ec961d0450539e3355b02ea.json,,,6,b77e29553af06505a26e3b0056bc4953846ee1c6,2026-06-10T23:29:21-04:00,main;coupled-refit-gfed5;modelD-paper-params
C-development:db7af5818deb:models/C/topk.africaseas.json,C-development,ranked-candidates,optimization-evidence,models/C/topk.africaseas.json,db7af5818deb1ab61e4b96093a0fba6b06f4f1b1,model/other-models/commit-artifacts/by-path/models/C/topk.africaseas.db7af5818deb1ab61e4b96093a0fba6b06f4f1b1.json,,,6,d2912cdd633baf26c20abb31e343b861dd93f17b,2026-06-11T03:24:19-04:00,main;coupled-refit-gfed5;modelD-paper-params
C-development:6b59fa2d5b4f:models/C/topk.africaseas2.json,C-development,ranked-candidates,optimization-evidence,models/C/topk.africaseas2.json,6b59fa2d5b4f7f649d395bf1a3f5c8d1f1fce7c4,model/other-models/commit-artifacts/by-path/models/C/topk.africaseas2.6b59fa2d5b4f7f649d395bf1a3f5c8d1f1fce7c4.json,,,6,4b67d28d267064029b33395a14583c75d340fed1,2026-06-11T22:08:52-04:00,main;coupled-refit-gfed5;modelD-paper-params
C-development:ca59b7755f02:models/C/topk.australia.json,C-development,ranked-candidates,optimization-evidence,models/C/topk.australia.json,ca59b7755f02cf5b7f3fee6531ff463707db1821,model/other-models/commit-artifacts/by-path/models/C/topk.australia.ca59b7755f02cf5b7f3fee6531ff463707db1821.json,,,6,b77e29553af06505a26e3b0056bc4953846ee1c6,2026-06-10T23:29:21-04:00,main;coupled-refit-gfed5;modelD-paper-params
C-development:ea4c1e811b1b:models/C/topk.boreal.json,C-development,ranked-candidates,optimization-evidence,models/C/topk.boreal.json,ea4c1e811b1babe24982314e49605885292efe45,model/other-models/commit-artifacts/by-path/models/C/topk.boreal.ea4c1e811b1babe24982314e49605885292efe45.json,,,5,9451d1a02dfc9dd582c64e581e8045cfdcf67aa9,2026-06-10T20:57:03-04:00,main;coupled-refit-gfed5;modelD-paper-params
C-development:7ee74ebbf07d:models/C/topk.borealseas.json,C-development,ranked-candidates,optimization-evidence,models/C/topk.borealseas.json,7ee74ebbf07d571fdb12a5bc43f619e87a9e4aee,model/other-models/commit-artifacts/by-path/models/C/topk.borealseas.7ee74ebbf07d571fdb12a5bc43f619e87a9e4aee.json,,,3,d2912cdd633baf26c20abb31e343b861dd93f17b,2026-06-11T03:24:19-04:00,main;coupled-refit-gfed5;modelD-paper-params
coupled-E:f20102248325:models/C/topk.coupledE.json,coupled-E,ranked-candidates,optimization-evidence,models/C/topk.coupledE.json,f2010224832530f888d687738eb2efd5645346d3,model/other-models/commit-artifacts/by-path/models/C/topk.coupledE.f2010224832530f888d687738eb2efd5645346d3.json,,,6,3fb01b4a06f1eddc8f9ac0ed73788ab6ee8f57bb,2026-08-18T03:46:27-04:00,coupled-refit-gfed5
coupled-E:452574b9ca75:models/C/topk.coupledE_fx.json,coupled-E,ranked-candidates,optimization-evidence,models/C/topk.coupledE_fx.json,452574b9ca75d9a908bf0d9fd4a800a4563edd73,model/other-models/commit-artifacts/by-path/models/C/topk.coupledE_fx.452574b9ca75d9a908bf0d9fd4a800a4563edd73.json,,,6,3fb01b4a06f1eddc8f9ac0ed73788ab6ee8f57bb,2026-08-18T03:46:27-04:00,coupled-refit-gfed5
coupled-E:2b57c8a5dbfa:models/C/topk.coupledFW.json,coupled-E,ranked-candidates,optimization-evidence,models/C/topk.coupledFW.json,2b57c8a5dbfac440c5c2062f82ba26aca23b8d85,model/other-models/commit-artifacts/by-path/models/C/topk.coupledFW.2b57c8a5dbfac440c5c2062f82ba26aca23b8d85.json,,,5,3fb01b4a06f1eddc8f9ac0ed73788ab6ee8f57bb,2026-08-18T03:46:27-04:00,coupled-refit-gfed5
C-development:5f85fdbf1785:models/C/topk.europe.json,C-development,ranked-candidates,optimization-evidence,models/C/topk.europe.json,5f85fdbf17852e984f5522e0bea759ad4246b7c0,model/other-models/commit-artifacts/by-path/models/C/topk.europe.5f85fdbf17852e984f5522e0bea759ad4246b7c0.json,,,6,b77e29553af06505a26e3b0056bc4953846ee1c6,2026-06-10T23:29:21-04:00,main;coupled-refit-gfed5;modelD-paper-params
C-development:325bd49fea9f:models/C/topk.europeseas.json,C-development,ranked-candidates,optimization-evidence,models/C/topk.europeseas.json,325bd49fea9f3bb5a95d3b46f0bfe4cda7549962,model/other-models/commit-artifacts/by-path/models/C/topk.europeseas.325bd49fea9f3bb5a95d3b46f0bfe4cda7549962.json,,,6,d2912cdd633baf26c20abb31e343b861dd93f17b,2026-06-11T03:24:19-04:00,main;coupled-refit-gfed5;modelD-paper-params
C-development:0dec051a851e:models/C/topk.namerica.json,C-development,ranked-candidates,optimization-evidence,models/C/topk.namerica.json,0dec051a851e7dc890b3da3c97db0b6ea99c903d,model/other-models/commit-artifacts/by-path/models/C/topk.namerica.0dec051a851e7dc890b3da3c97db0b6ea99c903d.json,,,6,b77e29553af06505a26e3b0056bc4953846ee1c6,2026-06-10T23:29:21-04:00,main;coupled-refit-gfed5;modelD-paper-params
D:42ef308bc48b:models/C/topk.paperD.json,D,ranked-candidates,optimization-evidence,models/C/topk.paperD.json,42ef308bc48b38858b2e4bab7b22bf1a16cdfbda,model/other-models/commit-artifacts/by-path/models/C/topk.paperD.42ef308bc48b38858b2e4bab7b22bf1a16cdfbda.json,,,8,3fb01b4a06f1eddc8f9ac0ed73788ab6ee8f57bb,2026-08-18T03:46:27-04:00,coupled-refit-gfed5
C-development:a0653933d865:models/C/topk.samerica.json,C-development,ranked-candidates,optimization-evidence,models/C/topk.samerica.json,a0653933d865756ca22f6f52184088650aa27abc,model/other-models/commit-artifacts/by-path/models/C/topk.samerica.a0653933d865756ca22f6f52184088650aa27abc.json,,,3,9451d1a02dfc9dd582c64e581e8045cfdcf67aa9,2026-06-10T20:57:03-04:00,main;coupled-refit-gfed5;modelD-paper-params
C-development:669b14cabf74:models/C/topk.samericaseas.json,C-development,ranked-candidates,optimization-evidence,models/C/topk.samericaseas.json,669b14cabf74d1c0db9a46c00ff8dd0a280360a9,model/other-models/commit-artifacts/by-path/models/C/topk.samericaseas.669b14cabf74d1c0db9a46c00ff8dd0a280360a9.json,,,6,d2912cdd633baf26c20abb31e343b861dd93f17b,2026-06-11T03:24:19-04:00,main;coupled-refit-gfed5;modelD-paper-params
C-development:b5067c55223a:models/C/topk.samericaseas2.json,C-development,ranked-candidates,optimization-evidence,models/C/topk.samericaseas2.json,b5067c55223a8425e101c5bd17c1a280793bbf72,model/other-models/commit-artifacts/by-path/models/C/topk.samericaseas2.b5067c55223a8425e101c5bd17c1a280793bbf72.json,,,6,4b67d28d267064029b33395a14583c75d340fed1,2026-06-11T22:08:52-04:00,main;coupled-refit-gfed5;modelD-paper-params
C-development:dbcd985404ca:models/C/topk.seasia.json,C-development,ranked-candidates,optimization-evidence,models/C/topk.seasia.json,dbcd985404caedb651eabca179e9f113f3e4819b,model/other-models/commit-artifacts/by-path/models/C/topk.seasia.dbcd985404caedb651eabca179e9f113f3e4819b.json,,,6,b77e29553af06505a26e3b0056bc4953846ee1c6,2026-06-10T23:29:21-04:00,main;coupled-refit-gfed5;modelD-paper-params
C-development:eba324d93851:models/C/topk.seasiaseas.json,C-development,ranked-candidates,optimization-evidence,models/C/topk.seasiaseas.json,eba324d93851367570fc8765caf2a6ebcafadaf6,model/other-models/commit-artifacts/by-path/models/C/topk.seasiaseas.eba324d93851367570fc8765caf2a6ebcafadaf6.json,,,2,d2912cdd633baf26c20abb31e343b861dd93f17b,2026-06-11T03:24:19-04:00,main;coupled-refit-gfed5;modelD-paper-params
C-development:aed6fc0f877d:models/C/topk.seasonal.json,C-development,ranked-candidates,optimization-evidence,models/C/topk.seasonal.json,aed6fc0f877d523c3ecc8de015eecf469a798461,model/other-models/commit-artifacts/by-path/models/C/topk.seasonal.aed6fc0f877d523c3ecc8de015eecf469a798461.json,,,6,7a32928884b6225fa6275ccb4a77b3c09f7928df,2026-06-09T13:02:08-04:00,main;coupled-refit-gfed5;modelD-paper-params
C-development:889b2739850c:models/C/topk.spatial.json,C-development,ranked-candidates,optimization-evidence,models/C/topk.spatial.json,889b2739850cccc4ffee56bc48416981e704d8a2,model/other-models/commit-artifacts/by-path/models/C/topk.spatial.889b2739850cccc4ffee56bc48416981e704d8a2.json,,,6,8b92c1a88c1756a7d33193bcc1380d3da102df38,2026-06-10T18:34:50-04:00,main;coupled-refit-gfed5;modelD-paper-params
C-development:b0090f0d0493:models/C/topk.tropfix2.json,C-development,ranked-candidates,optimization-evidence,models/C/topk.tropfix2.json,b0090f0d0493e2bc6fed6bfd026ba219eb134bb1,model/other-models/commit-artifacts/by-path/models/C/topk.tropfix2.b0090f0d0493e2bc6fed6bfd026ba219eb134bb1.json,,,8,7eee8b1cea3d8f317b80c7f62c5d76842702470f,2026-06-08T17:25:24-04:00,main;coupled-refit-gfed5;modelD-paper-params
combustion:a0d85e330dea:models/combustion-params-continental-seas/betas.Africa.json,combustion,committed-parameter-set,combustion-parameters,models/combustion-params-continental-seas/betas.Africa.json,a0d85e330dea7b1aafa907903dddc7b8881ed99b,model/other-models/commit-artifacts/by-path/models/combustion-params-continental-seas/betas.Africa.a0d85e330dea7b1aafa907903dddc7b8881ed99b.json,,5,6,7b96e63193f77f514d06f5dabb1ba156a7740020,2026-06-12T11:45:55-04:00,main;coupled-refit-gfed5;modelD-paper-params
combustion:fc31bd533364:models/combustion-params-continental-seas/betas.Australia.json,combustion,committed-parameter-set,combustion-parameters,models/combustion-params-continental-seas/betas.Australia.json,fc31bd533364d670bdac3f3556d8d48c6fad55c5,model/other-models/commit-artifacts/by-path/models/combustion-params-continental-seas/betas.Australia.fc31bd533364d670bdac3f3556d8d48c6fad55c5.json,,5,6,7b96e63193f77f514d06f5dabb1ba156a7740020,2026-06-12T11:45:55-04:00,main;coupled-refit-gfed5;modelD-paper-params
combustion:ab00c1d16061:models/combustion-params-continental-seas/betas.Boreal.json,combustion,committed-parameter-set,combustion-parameters,models/combustion-params-continental-seas/betas.Boreal.json,ab00c1d160614aee8a0cfb68af8d6aa1dfb2d763,model/other-models/commit-artifacts/by-path/models/combustion-params-continental-seas/betas.Boreal.ab00c1d160614aee8a0cfb68af8d6aa1dfb2d763.json,,5,6,7b96e63193f77f514d06f5dabb1ba156a7740020,2026-06-12T11:45:55-04:00,main;coupled-refit-gfed5;modelD-paper-params
combustion:9cbf059192ed:models/combustion-params-continental-seas/betas.NAmerica.json,combustion,committed-parameter-set,combustion-parameters,models/combustion-params-continental-seas/betas.NAmerica.json,9cbf059192ed723fe1e40dfc3dcb7516ab4ac3da,model/other-models/commit-artifacts/by-path/models/combustion-params-continental-seas/betas.NAmerica.9cbf059192ed723fe1e40dfc3dcb7516ab4ac3da.json,,5,6,7b96e63193f77f514d06f5dabb1ba156a7740020,2026-06-12T11:45:55-04:00,main;coupled-refit-gfed5;modelD-paper-params
combustion:bf3ff25e4888:models/combustion-params-continental-seas/betas.SAmerica.json,combustion,committed-parameter-set,combustion-parameters,models/combustion-params-continental-seas/betas.SAmerica.json,bf3ff25e48886250c319eb9d1a4f057b84639ed6,model/other-models/commit-artifacts/by-path/models/combustion-params-continental-seas/betas.SAmerica.bf3ff25e48886250c319eb9d1a4f057b84639ed6.json,,5,6,7b96e63193f77f514d06f5dabb1ba156a7740020,2026-06-12T11:45:55-04:00,main;coupled-refit-gfed5;modelD-paper-params
combustion:54913f80fa0a:models/combustion-params-continental-seas/betas.SEAsia.json,combustion,committed-parameter-set,combustion-parameters,models/combustion-params-continental-seas/betas.SEAsia.json,54913f80fa0a0dd9e23b268bb2c7f5ee8075779e,model/other-models/commit-artifacts/by-path/models/combustion-params-continental-seas/betas.SEAsia.54913f80fa0a0dd9e23b268bb2c7f5ee8075779e.json,,5,6,7b96e63193f77f514d06f5dabb1ba156a7740020,2026-06-12T11:45:55-04:00,main;coupled-refit-gfed5;modelD-paper-params
combustion:9b9dbf7ea20c:models/combustion-params-continental/betas.Africa.json,combustion,committed-parameter-set,combustion-parameters,models/combustion-params-continental/betas.Africa.json,9b9dbf7ea20c6ff1915f6b83f15f18b9519f4e7a,model/other-models/commit-artifacts/by-path/models/combustion-params-continental/betas.Africa.9b9dbf7ea20c6ff1915f6b83f15f18b9519f4e7a.json,,5,6,18290dc4fd8bd8c6001a5967d1a019b8a2e448dd,2026-06-12T05:03:53-04:00,main;coupled-refit-gfed5;modelD-paper-params
combustion:8641812182e0:models/combustion-params-continental/betas.Australia.json,combustion,committed-parameter-set,combustion-parameters,models/combustion-params-continental/betas.Australia.json,8641812182e04d64963250a80af49383c2b483dc,model/other-models/commit-artifacts/by-path/models/combustion-params-continental/betas.Australia.8641812182e04d64963250a80af49383c2b483dc.json,,5,6,18290dc4fd8bd8c6001a5967d1a019b8a2e448dd,2026-06-12T05:03:53-04:00,main;coupled-refit-gfed5;modelD-paper-params
combustion:1649c596e17e:models/combustion-params-continental/betas.Boreal.json,combustion,committed-parameter-set,combustion-parameters,models/combustion-params-continental/betas.Boreal.json,1649c596e17e01b16ba80435ee1c4f973f2d3b28,model/other-models/commit-artifacts/by-path/models/combustion-params-continental/betas.Boreal.1649c596e17e01b16ba80435ee1c4f973f2d3b28.json,,5,6,18290dc4fd8bd8c6001a5967d1a019b8a2e448dd,2026-06-12T05:03:53-04:00,main;coupled-refit-gfed5;modelD-paper-params
combustion:6b0e0c4bb919:models/combustion-params-continental/betas.Europe.json,combustion,committed-parameter-set,combustion-parameters,models/combustion-params-continental/betas.Europe.json,6b0e0c4bb919b00fd5d0fb2b5a90688b3c36202e,model/other-models/commit-artifacts/by-path/models/combustion-params-continental/betas.Europe.6b0e0c4bb919b00fd5d0fb2b5a90688b3c36202e.json,,5,6,18290dc4fd8bd8c6001a5967d1a019b8a2e448dd,2026-06-12T05:03:53-04:00,main;coupled-refit-gfed5;modelD-paper-params
combustion:7ae7fe72c6c6:models/combustion-params-continental/betas.NAmerica.json,combustion,committed-parameter-set,combustion-parameters,models/combustion-params-continental/betas.NAmerica.json,7ae7fe72c6c6b342a49ee5e593395836facafe49,model/other-models/commit-artifacts/by-path/models/combustion-params-continental/betas.NAmerica.7ae7fe72c6c6b342a49ee5e593395836facafe49.json,,5,6,18290dc4fd8bd8c6001a5967d1a019b8a2e448dd,2026-06-12T05:03:53-04:00,main;coupled-refit-gfed5;modelD-paper-params
combustion:7447fdef80d9:models/combustion-params-continental/betas.SAmerica.json,combustion,committed-parameter-set,combustion-parameters,models/combustion-params-continental/betas.SAmerica.json,7447fdef80d9d7b02eb4a6909428a47af402946e,model/other-models/commit-artifacts/by-path/models/combustion-params-continental/betas.SAmerica.7447fdef80d9d7b02eb4a6909428a47af402946e.json,,5,6,18290dc4fd8bd8c6001a5967d1a019b8a2e448dd,2026-06-12T05:03:53-04:00,main;coupled-refit-gfed5;modelD-paper-params
combustion:62960bc41ae7:models/combustion-params-continental/betas.SEAsia.json,combustion,committed-parameter-set,combustion-parameters,models/combustion-params-continental/betas.SEAsia.json,62960bc41ae7cc716d0673735776e5e297c6a08c,model/other-models/commit-artifacts/by-path/models/combustion-params-continental/betas.SEAsia.62960bc41ae7cc716d0673735776e5e297c6a08c.json,,5,6,18290dc4fd8bd8c6001a5967d1a019b8a2e448dd,2026-06-12T05:03:53-04:00,main;coupled-refit-gfed5;modelD-paper-params
combustion:86671c847605:models/combustion-params-continental/betas.gfed5.json,combustion,committed-parameter-set,combustion-parameters,models/combustion-params-continental/betas.gfed5.json,86671c8476057a054d12aae82a5843a4305a32a2,model/other-models/commit-artifacts/by-path/models/combustion-params-continental/betas.gfed5.86671c8476057a054d12aae82a5843a4305a32a2.json,,5,5,7eb4f4ca5676b46aad051c5acf37c7ad8e7b49d5,2026-06-11T17:09:14-04:00,main;coupled-refit-gfed5;modelD-paper-params
combustion:da9518907604:models/combustion-params/betas.PRE-tropfix2.gfed5.json,combustion,predecessor,combustion-parameters,models/combustion-params/betas.PRE-tropfix2.gfed5.json,da9518907604d234fbb56e37876d5f9090c3c6e2,model/other-models/commit-artifacts/by-path/models/combustion-params/betas.PRE-tropfix2.gfed5.da9518907604d234fbb56e37876d5f9090c3c6e2.json,,5,5,7eee8b1cea3d8f317b80c7f62c5d76842702470f,2026-06-08T17:25:24-04:00,main;coupled-refit-gfed5;modelD-paper-params
combustion:ffb9d0e9333c:models/combustion-params/betas.gfed5.PRE-hybrid.json,combustion,predecessor,combustion-parameters,models/combustion-params/betas.gfed5.PRE-hybrid.json,ffb9d0e9333cbc9a4f65af23a47fde78487380c7,model/other-models/commit-artifacts/by-path/models/combustion-params/betas.gfed5.PRE-hybrid.ffb9d0e9333cbc9a4f65af23a47fde78487380c7.json,,5,5,9d346449731a4cf73f2a0787e0439571fbaf7e2a,2026-06-01T22:14:12-04:00,main;coupled-refit-gfed5;modelD-paper-params
combustion:d61e6b5a0a32:models/combustion-params/betas.gfed5.json,combustion,committed-parameter-set,combustion-parameters,models/combustion-params/betas.gfed5.json,d61e6b5a0a32df07220b97d2694d6d70f28dda85,model/other-models/commit-artifacts/by-path/models/combustion-params/betas.gfed5.d61e6b5a0a32df07220b97d2694d6d70f28dda85.json,,5,5,7eee8b1cea3d8f317b80c7f62c5d76842702470f,2026-06-08T17:25:24-04:00,main;coupled-refit-gfed5;modelD-paper-params
combustion:da9518907604:models/combustion-params/betas.gfed5.json,combustion,committed-parameter-set,combustion-parameters,models/combustion-params/betas.gfed5.json,da9518907604d234fbb56e37876d5f9090c3c6e2,model/other-models/commit-artifacts/by-path/models/combustion-params/betas.gfed5.da9518907604d234fbb56e37876d5f9090c3c6e2.json,,5,5,9d346449731a4cf73f2a0787e0439571fbaf7e2a,2026-06-01T22:14:12-04:00,main;coupled-refit-gfed5;modelD-paper-params
combustion:9b9dbf7ea20c:models/combustion/continental/betas.Africa.json,combustion,committed-parameter-set,combustion-parameters,models/combustion/continental/betas.Africa.json,9b9dbf7ea20c6ff1915f6b83f15f18b9519f4e7a,model/other-models/commit-artifacts/by-path/models/combustion/continental/betas.Africa.9b9dbf7ea20c6ff1915f6b83f15f18b9519f4e7a.json,,5,6,d78ba4d9c20e8d46e38553a7aa027e707a56d4b1,2026-07-18T18:52:31-04:00,main;modelD-paper-params
combustion:8641812182e0:models/combustion/continental/betas.Australia.json,combustion,committed-parameter-set,combustion-parameters,models/combustion/continental/betas.Australia.json,8641812182e04d64963250a80af49383c2b483dc,model/other-models/commit-artifacts/by-path/models/combustion/continental/betas.Australia.8641812182e04d64963250a80af49383c2b483dc.json,,5,6,d78ba4d9c20e8d46e38553a7aa027e707a56d4b1,2026-07-18T18:52:31-04:00,main;modelD-paper-params
combustion:1649c596e17e:models/combustion/continental/betas.Boreal.json,combustion,committed-parameter-set,combustion-parameters,models/combustion/continental/betas.Boreal.json,1649c596e17e01b16ba80435ee1c4f973f2d3b28,model/other-models/commit-artifacts/by-path/models/combustion/continental/betas.Boreal.1649c596e17e01b16ba80435ee1c4f973f2d3b28.json,,5,6,d78ba4d9c20e8d46e38553a7aa027e707a56d4b1,2026-07-18T18:52:31-04:00,main;modelD-paper-params
combustion:6b0e0c4bb919:models/combustion/continental/betas.Europe.json,combustion,committed-parameter-set,combustion-parameters,models/combustion/continental/betas.Europe.json,6b0e0c4bb919b00fd5d0fb2b5a90688b3c36202e,model/other-models/commit-artifacts/by-path/models/combustion/continental/betas.Europe.6b0e0c4bb919b00fd5d0fb2b5a90688b3c36202e.json,,5,6,d78ba4d9c20e8d46e38553a7aa027e707a56d4b1,2026-07-18T18:52:31-04:00,main;modelD-paper-params
combustion:7ae7fe72c6c6:models/combustion/continental/betas.NAmerica.json,combustion,committed-parameter-set,combustion-parameters,models/combustion/continental/betas.NAmerica.json,7ae7fe72c6c6b342a49ee5e593395836facafe49,model/other-models/commit-artifacts/by-path/models/combustion/continental/betas.NAmerica.7ae7fe72c6c6b342a49ee5e593395836facafe49.json,,5,6,d78ba4d9c20e8d46e38553a7aa027e707a56d4b1,2026-07-18T18:52:31-04:00,main;modelD-paper-params
combustion:7447fdef80d9:models/combustion/continental/betas.SAmerica.json,combustion,committed-parameter-set,combustion-parameters,models/combustion/continental/betas.SAmerica.json,7447fdef80d9d7b02eb4a6909428a47af402946e,model/other-models/commit-artifacts/by-path/models/combustion/continental/betas.SAmerica.7447fdef80d9d7b02eb4a6909428a47af402946e.json,,5,6,d78ba4d9c20e8d46e38553a7aa027e707a56d4b1,2026-07-18T18:52:31-04:00,main;modelD-paper-params
combustion:62960bc41ae7:models/combustion/continental/betas.SEAsia.json,combustion,committed-parameter-set,combustion-parameters,models/combustion/continental/betas.SEAsia.json,62960bc41ae7cc716d0673735776e5e297c6a08c,model/other-models/commit-artifacts/by-path/models/combustion/continental/betas.SEAsia.62960bc41ae7cc716d0673735776e5e297c6a08c.json,,5,6,d78ba4d9c20e8d46e38553a7aa027e707a56d4b1,2026-07-18T18:52:31-04:00,main;modelD-paper-params
combustion:86671c847605:models/combustion/continental/betas.gfed5.json,combustion,committed-parameter-set,combustion-parameters,models/combustion/continental/betas.gfed5.json,86671c8476057a054d12aae82a5843a4305a32a2,model/other-models/commit-artifacts/by-path/models/combustion/continental/betas.gfed5.86671c8476057a054d12aae82a5843a4305a32a2.json,,5,5,d78ba4d9c20e8d46e38553a7aa027e707a56d4b1,2026-07-18T18:52:31-04:00,main;modelD-paper-params
combustion:7668618fd64b:models/hurtt-betas-B-coupling/betas.gfed5.json,combustion,committed-parameter-set,combustion-parameters,models/hurtt-betas-B-coupling/betas.gfed5.json,7668618fd64b6d1d4d991dfbdfd768291654faf7,model/other-models/commit-artifacts/by-path/models/hurtt-betas-B-coupling/betas.gfed5.7668618fd64b6d1d4d991dfbdfd768291654faf7.json,,5,5,90c17aa2e664610b2685996e24c354e78321696c,2026-07-25T17:29:40-04:00,coupled-refit-gfed5
combustion:1494defd8bcf:models/hurtt-betas-gdpreg/betas.gfed5.json,combustion,committed-parameter-set,combustion-parameters,models/hurtt-betas-gdpreg/betas.gfed5.json,1494defd8bcf298f56b22752b62eb748ea4889dd,model/other-models/commit-artifacts/by-path/models/hurtt-betas-gdpreg/betas.gfed5.1494defd8bcf298f56b22752b62eb748ea4889dd.json,,5,5,88d5e45675a0e90bc45fcd8ea23c33a714b83c3f,2026-07-24T05:17:55-04:00,coupled-refit-gfed5
C-development:b3f96472307f:models/paper/C.json,C-development,committed-parameter-set,paper-model,models/paper/C.json,b3f96472307f86f0cff190afd1252ab86015e18e,model/other-models/commit-artifacts/by-path/models/paper/C.b3f96472307f86f0cff190afd1252ab86015e18e.json,Model C (coupled-consistent retune; drivers + GPP from Lei's ED dump; GFED5 target),12,13,d78ba4d9c20e8d46e38553a7aa027e707a56d4b1,2026-07-18T18:52:31-04:00,main;modelD-paper-params
D:2597ed44fa00:models/paper/D.json,D,committed-parameter-set,paper-model,models/paper/D.json,2597ed44fa007b41c80dc8460a495852b5c4739c,model/other-models/commit-artifacts/by-path/models/paper/D.2597ed44fa007b41c80dc8460a495852b5c4739c.json,"Model D (paper ladder; Model C form, spatial/active-fire objective; GFED5 target)",12,20,32d283ff595d6653dfd84c076f418a82074b0d26,2026-07-20T03:27:33-04:00,modelD-paper-params
D:8055dbf17a2c:models/paper/D.json,D,committed-parameter-set,paper-model,models/paper/D.json,8055dbf17a2c5ec7f3eb3f5a37e51783b4db2a07,model/other-models/commit-artifacts/by-path/models/paper/D.8055dbf17a2c5ec7f3eb3f5a37e51783b4db2a07.json,Model C (coupled-consistent retune; drivers + GPP from Lei's ED dump; GFED5 target),15,19,d78ba4d9c20e8d46e38553a7aa027e707a56d4b1,2026-07-18T18:52:31-04:00,main;modelD-paper-params
E:7d59b1c519d9:models/paper/E/africa.json,E,committed-parameter-set,paper-model,models/paper/E/africa.json,7d59b1c519d9b9c92033a2964c221c5a52b4a481,model/other-models/commit-artifacts/by-path/models/paper/E/africa.7d59b1c519d9b9c92033a2964c221c5a52b4a481.json,Model C (coupled-consistent retune; drivers + GPP from Lei's ED dump; GFED5 target),16,13,d78ba4d9c20e8d46e38553a7aa027e707a56d4b1,2026-07-18T18:52:31-04:00,main;modelD-paper-params
E:bf424a12f32a:models/paper/E/africa_cell.json,E,held-out-cells,paper-model,models/paper/E/africa_cell.json,bf424a12f32a4e3f4fe66f7bfeee59c78c3a1adf,model/other-models/commit-artifacts/by-path/models/paper/E/africa_cell.bf424a12f32a4e3f4fe66f7bfeee59c78c3a1adf.json,Model C (coupled-consistent retune; drivers + GPP from Lei's ED dump; GFED5 target),16,13,d78ba4d9c20e8d46e38553a7aa027e707a56d4b1,2026-07-18T18:52:31-04:00,main;modelD-paper-params
E:ab2339e37b5f:models/paper/E/africa_ho.json,E,held-out-years,paper-model,models/paper/E/africa_ho.json,ab2339e37b5fa469bccf1916be7af808c3515c68,model/other-models/commit-artifacts/by-path/models/paper/E/africa_ho.ab2339e37b5fa469bccf1916be7af808c3515c68.json,Model C (coupled-consistent retune; drivers + GPP from Lei's ED dump; GFED5 target),16,13,d78ba4d9c20e8d46e38553a7aa027e707a56d4b1,2026-07-18T18:52:31-04:00,main;modelD-paper-params
E:0405f8656b8d:models/paper/E/assembly.json,E,assembly,paper-model,models/paper/E/assembly.json,0405f8656b8d3f53e2d722fa978224cb67b19912,model/other-models/commit-artifacts/by-path/models/paper/E/assembly.0405f8656b8d3f53e2d722fa978224cb67b19912.json,,,5,d78ba4d9c20e8d46e38553a7aa027e707a56d4b1,2026-07-18T18:52:31-04:00,main;modelD-paper-params
E:53185b61e8f8:models/paper/E/boreal.json,E,committed-parameter-set,paper-model,models/paper/E/boreal.json,53185b61e8f84303e5b1d7fb23e30e424335aff5,model/other-models/commit-artifacts/by-path/models/paper/E/boreal.53185b61e8f84303e5b1d7fb23e30e424335aff5.json,Model C (coupled-consistent retune; drivers + GPP from Lei's ED dump; GFED5 target),15,13,d78ba4d9c20e8d46e38553a7aa027e707a56d4b1,2026-07-18T18:52:31-04:00,main;modelD-paper-params
E:655e1cad462c:models/paper/E/boreal_cell.json,E,held-out-cells,paper-model,models/paper/E/boreal_cell.json,655e1cad462c27e5377038ddc84ec74771e00032,model/other-models/commit-artifacts/by-path/models/paper/E/boreal_cell.655e1cad462c27e5377038ddc84ec74771e00032.json,Model C (coupled-consistent retune; drivers + GPP from Lei's ED dump; GFED5 target),15,13,d78ba4d9c20e8d46e38553a7aa027e707a56d4b1,2026-07-18T18:52:31-04:00,main;modelD-paper-params
E:5aa43576efe3:models/paper/E/boreal_ho.json,E,held-out-years,paper-model,models/paper/E/boreal_ho.json,5aa43576efe379be993c8179165678f60da5064a,model/other-models/commit-artifacts/by-path/models/paper/E/boreal_ho.5aa43576efe379be993c8179165678f60da5064a.json,Model C (coupled-consistent retune; drivers + GPP from Lei's ED dump; GFED5 target),15,13,d78ba4d9c20e8d46e38553a7aa027e707a56d4b1,2026-07-18T18:52:31-04:00,main;modelD-paper-params
E:e8a2358b1f72:models/paper/E/europe.json,E,committed-parameter-set,paper-model,models/paper/E/europe.json,e8a2358b1f72aa990d18abb422eefa401bc6a733,model/other-models/commit-artifacts/by-path/models/paper/E/europe.e8a2358b1f72aa990d18abb422eefa401bc6a733.json,Model C (coupled-consistent retune; drivers + GPP from Lei's ED dump; GFED5 target),15,13,d78ba4d9c20e8d46e38553a7aa027e707a56d4b1,2026-07-18T18:52:31-04:00,main;modelD-paper-params
E:f69dcb237cc3:models/paper/E/europe_cell.json,E,held-out-cells,paper-model,models/paper/E/europe_cell.json,f69dcb237cc3810ac08b6abf0cc1faf1689374c7,model/other-models/commit-artifacts/by-path/models/paper/E/europe_cell.f69dcb237cc3810ac08b6abf0cc1faf1689374c7.json,Model C (coupled-consistent retune; drivers + GPP from Lei's ED dump; GFED5 target),15,13,d78ba4d9c20e8d46e38553a7aa027e707a56d4b1,2026-07-18T18:52:31-04:00,main;modelD-paper-params
E:75fc1188f38d:models/paper/E/europe_ho.json,E,held-out-years,paper-model,models/paper/E/europe_ho.json,75fc1188f38dd32fb2608153a4dd9a34edcd3612,model/other-models/commit-artifacts/by-path/models/paper/E/europe_ho.75fc1188f38dd32fb2608153a4dd9a34edcd3612.json,Model C (coupled-consistent retune; drivers + GPP from Lei's ED dump; GFED5 target),15,13,d78ba4d9c20e8d46e38553a7aa027e707a56d4b1,2026-07-18T18:52:31-04:00,main;modelD-paper-params
E:3e1eb534bc76:models/paper/E/fallback.json,E,committed-parameter-set,paper-model,models/paper/E/fallback.json,3e1eb534bc76555cfe1cb2aec38efcd2e8ab3c0a,model/other-models/commit-artifacts/by-path/models/paper/E/fallback.3e1eb534bc76555cfe1cb2aec38efcd2e8ab3c0a.json,Model C (coupled-consistent retune; drivers + GPP from Lei's ED dump; GFED5 target),15,17,d78ba4d9c20e8d46e38553a7aa027e707a56d4b1,2026-07-18T18:52:31-04:00,main;modelD-paper-params
E:d0cc90eed2b4:models/paper/E/samerica.json,E,committed-parameter-set,paper-model,models/paper/E/samerica.json,d0cc90eed2b44bcb7fa10833ca7d4f9530d25b21,model/other-models/commit-artifacts/by-path/models/paper/E/samerica.d0cc90eed2b44bcb7fa10833ca7d4f9530d25b21.json,Model C (coupled-consistent retune; drivers + GPP from Lei's ED dump; GFED5 target),15,13,d78ba4d9c20e8d46e38553a7aa027e707a56d4b1,2026-07-18T18:52:31-04:00,main;modelD-paper-params
E:ba940535b8ce:models/paper/E/samerica_cell.json,E,held-out-cells,paper-model,models/paper/E/samerica_cell.json,ba940535b8ceccfe5c97e505a472d6d5106db36e,model/other-models/commit-artifacts/by-path/models/paper/E/samerica_cell.ba940535b8ceccfe5c97e505a472d6d5106db36e.json,Model C (coupled-consistent retune; drivers + GPP from Lei's ED dump; GFED5 target),15,13,d78ba4d9c20e8d46e38553a7aa027e707a56d4b1,2026-07-18T18:52:31-04:00,main;modelD-paper-params
E:7a615cabddc2:models/paper/E/samerica_ho.json,E,held-out-years,paper-model,models/paper/E/samerica_ho.json,7a615cabddc253f5e8208fe21a1bb448cc5d9b04,model/other-models/commit-artifacts/by-path/models/paper/E/samerica_ho.7a615cabddc253f5e8208fe21a1bb448cc5d9b04.json,Model C (coupled-consistent retune; drivers + GPP from Lei's ED dump; GFED5 target),15,13,d78ba4d9c20e8d46e38553a7aa027e707a56d4b1,2026-07-18T18:52:31-04:00,main;modelD-paper-params
E:15fb18d4c324:models/paper/E/seasia.json,E,committed-parameter-set,paper-model,models/paper/E/seasia.json,15fb18d4c324ba3ed02d584d03f8cf7e3c7173d6,model/other-models/commit-artifacts/by-path/models/paper/E/seasia.15fb18d4c324ba3ed02d584d03f8cf7e3c7173d6.json,Model C (coupled-consistent retune; drivers + GPP from Lei's ED dump; GFED5 target),15,13,d78ba4d9c20e8d46e38553a7aa027e707a56d4b1,2026-07-18T18:52:31-04:00,main;modelD-paper-params
E:6965fc317ca2:models/paper/E/seasia_cell.json,E,held-out-cells,paper-model,models/paper/E/seasia_cell.json,6965fc317ca26293f9768affe4f0e810706466c7,model/other-models/commit-artifacts/by-path/models/paper/E/seasia_cell.6965fc317ca26293f9768affe4f0e810706466c7.json,Model C (coupled-consistent retune; drivers + GPP from Lei's ED dump; GFED5 target),15,13,d78ba4d9c20e8d46e38553a7aa027e707a56d4b1,2026-07-18T18:52:31-04:00,main;modelD-paper-params
E:39cb27efaef7:models/paper/E/seasia_ho.json,E,held-out-years,paper-model,models/paper/E/seasia_ho.json,39cb27efaef73501ec842003dd223195a50c511d,model/other-models/commit-artifacts/by-path/models/paper/E/seasia_ho.39cb27efaef73501ec842003dd223195a50c511d.json,Model C (coupled-consistent retune; drivers + GPP from Lei's ED dump; GFED5 target),15,13,d78ba4d9c20e8d46e38553a7aa027e707a56d4b1,2026-07-18T18:52:31-04:00,main;modelD-paper-params
A-B-C-attribution:3135c8abeee9:models/shapley.json,A-B-C-attribution,attribution,optimization-evidence,models/shapley.json,3135c8abeee9fb0ff41bd78dfb581a591cb09fce,model/other-models/commit-artifacts/by-path/models/shapley.3135c8abeee9fb0ff41bd78dfb581a591cb09fce.json,Model A v8 Shapley (8 mechanism groups),,11,bffdba5716aaf702d1eeffdb40a2480f34561799,2026-04-22T00:22:18-04:00,main;coupled-refit-gfed5;modelD-paper-params
A-B-C-attribution:61046a7c1e34:models/shapley.json,A-B-C-attribution,attribution,optimization-evidence,models/shapley.json,61046a7c1e3411c87067f5661ef5732e7e643dcb,model/other-models/commit-artifacts/by-path/models/shapley.61046a7c1e3411c87067f5661ef5732e7e643dcb.json,,,1,9d346449731a4cf73f2a0787e0439571fbaf7e2a,2026-06-01T22:14:12-04:00,main;coupled-refit-gfed5;modelD-paper-params
A-B-C-attribution:7235ffad3e97:models/shapley.json,A-B-C-attribution,attribution,optimization-evidence,models/shapley.json,7235ffad3e97fc18d8b88b543630534bd3e2471b,model/other-models/commit-artifacts/by-path/models/shapley.7235ffad3e97fc18d8b88b543630534bd3e2471b.json,Model A v2 (TRENDY v14 inputs),,12,c2fba5a32953fc567d760e87e551a004820d963f,2026-04-21T15:19:24-04:00,main;coupled-refit-gfed5;modelD-paper-params
A-B-C-attribution:8a625c5efc19:models/shapley_subsets.json,A-B-C-attribution,attribution,optimization-evidence,models/shapley_subsets.json,8a625c5efc1900573f188206d8bcbccaee28ce80,model/other-models/commit-artifacts/by-path/models/shapley_subsets.8a625c5efc1900573f188206d8bcbccaee28ce80.json,,,2,bffdba5716aaf702d1eeffdb40a2480f34561799,2026-04-22T00:22:18-04:00,main;coupled-refit-gfed5;modelD-paper-params
